0.0	1.0
9.865986598659867e-05	0.9999995070066687
0.00019731973197319733	0.9999980280279346
0.00029597959795979597	0.9999955630675768
0.00039463946394639466	0.9999921121318943
0.0004932993299329934	0.9999876752297061
0.0005919591959195919	0.9999822523723498
0.0006906190619061906	0.9999758435736827
0.0007892789278927893	0.999968448850082
0.000887938793879388	0.9999600682204434
0.0009865986598659867	0.9999507017061828
0.0010852585258525854	0.9999403493312348
0.0011839183918391839	0.9999290111220533
0.0012825782578257826	0.999916687107611
0.0013812381238123813	0.9999033773193994
0.00147989798979898	0.9998890817914293
0.0015785578557855787	0.9998738005602289
0.0016772177217721773	0.9998575336648466
0.001775877587758776	0.9998402811468478
0.0018745374537453747	0.9998220430503165
0.0019731973197319734	0.9998028194218551
0.0020718571857185723	0.9997826103105828
0.002170517051705171	0.9997614157681376
0.0022691769176917697	0.999739235848674
0.0023678367836783678	0.9997160706088647
0.0024664966496649667	0.9996919201078979
0.002565156515651565	0.9996667844074804
0.002663816381638164	0.9996406635718336
0.0027624762476247625	0.9996135576676971
0.0028611361136113614	0.999585466764325
0.00295979597959796	0.9995563909334882
0.003058455845584559	0.9995263302494719
0.0031571157115711573	0.9994952847890777
0.0032557755775577558	0.9994632546316208
0.0033544354435443547	0.9994302398589329
0.003453095309530953	0.9993962405553577
0.003551755175517552	0.9993612568077543
0.0036504150415041505	0.9993252887054953
0.0037490749074907495	0.9992883363404653
0.003847734773477348	0.999250399807064
0.003946394639463947	0.9992114792022011
0.004045054505450545	0.9991715746252998
0.004143714371437145	0.9991306861782956
0.004242374237423742	0.9990888139656341
0.004341034103410342	0.9990459580942724
0.00443969396939694	0.9990021186736783
0.004538353835383539	0.9989572958158294
0.004637013701370137	0.9989114896352128
0.0047356735673567355	0.9988647002488259
0.004834333433343335	0.9988169277761731
0.004932993299329933	0.9987681723392688
0.005031653165316532	0.9987184340626345
0.00513031303130313	0.9986677130732987
0.00522897289728973	0.9986160095007974
0.005327632763276328	0.9985633234771727
0.005426292629262927	0.9985096551369719
0.005524952495249525	0.9984550046172489
0.005623612361236124	0.9983993720575616
0.005722272227222723	0.9983427575999723
0.005820932093209321	0.9982851613890461
0.00591959195919592	0.9982265835718529
0.006018251825182519	0.998167024297964
0.006116911691169118	0.9981064837194529
0.006215571557155716	0.9980449619908949
0.006314231423142315	0.997982459269365
0.006412891289128914	0.99791897571444
0.0065115511551155116	0.9978545114881942
0.006610211021102111	0.9977890667552027
0.006708870887088709	0.997722641682538
0.006807530753075309	0.9976552364397704
0.006906190619061906	0.9975868511989671
0.007004850485048506	0.9975174861346909
0.007103510351035104	0.9974471414240019
0.0072021702170217035	0.9973758172464536
0.007300830083008301	0.9973035137840942
0.0073994899489949004	0.9972302312214663
0.007498149814981499	0.9971559697456035
0.007596809680968098	0.997080729546033
0.007695469546954696	0.9970045108147728
0.007794129412941294	0.9969273137463316
0.007892789278927894	0.9968491385377078
0.007991449144914491	0.9967699853883888
0.00809010901090109	0.9966898545003509
0.00818876887688769	0.996608746078057
0.00828742874287429	0.9965266603284577
0.008386088608860887	0.9964435974609887
0.008484748474847485	0.996359557687571
0.008583408340834084	0.9962745412226106
0.008682068206820683	0.9961885482829955
0.00878072807280728	0.9961015790880979
0.00887938793879388	0.9960136338597709
0.00897804780478048	0.9959247128223484
0.009076707670767079	0.9958348162026448
0.009175367536753676	0.9957439442299533
0.009274027402740274	0.9956520971360453
0.009372687268726873	0.9955592751551698
0.009471347134713471	0.9954654785240521
0.00957000700070007	0.9953707074818929
0.00966866686668667	0.9952749622703679
0.009767326732673269	0.9951782431336261
0.009865986598659867	0.9950805503182892
0.009964646464646466	0.9949818840734507
0.010063306330633064	0.9948822446506751
0.010161966196619663	0.9947816323039965
0.01026062606260626	0.9946800472899177
0.01035928592859286	0.9945774898674097
0.01045794579457946	0.9944739602979097
0.010556605660566059	0.9943694588453215
0.010655265526552656	0.9942639857760129
0.010753925392539256	0.9941575413588164
0.010852585258525853	0.994050125865026
0.010951245124512453	0.9939417395683976
0.01104990499049905	0.9938323827451493
0.01114856485648565	0.9937220556739562
0.011247224722472249	0.9936107586359539
0.011345884588458846	0.993498491914734
0.011444544454445446	0.9933852557963451
0.011543204320432045	0.9932710505692908
0.011641864186418643	0.9931558765245277
0.01174052405240524	0.9930397339554676
0.01183918391839184	0.9929226231579718
0.011937843784378439	0.9928045444303529
0.012036503650365038	0.992685498073373
0.012135163516351636	0.9925654843902431
0.012233823382338235	0.9924445036866203
0.012332483248324833	0.992322556270608
0.012431143114311432	0.9921996424527542
0.01252980298029803	0.9920757625460509
0.01262846284628463	0.991950916865932
0.012727122712271229	0.9918251057302719
0.012825782578257828	0.9916983294593862
0.012924442444244427	0.9915705883760279
0.013023102310231023	0.991441882805388
0.013121762176217622	0.9913122130750932
0.013220422042204222	0.9911815795152054
0.01331908190819082	0.9910499824582195
0.013417741774177419	0.9909174222390634
0.013516401640164018	0.9907838991950948
0.013615061506150617	0.9906494136661027
0.013713721372137217	0.9905139659943026
0.013812381238123813	0.9903775565243382
0.013911041104110412	0.9902401856032786
0.014009700970097011	0.9901018535806176
0.014108360836083609	0.9899625608082705
0.014207020702070208	0.9898223076405757
0.014305680568056808	0.9896810944342918
0.014404340434043407	0.9895389215485949
0.014503000300030003	0.98939578934508
0.014601660166016602	0.9892516981877573
0.014700320032003202	0.9891066484430521
0.014798979897989801	0.9889606404798026
0.014897639763976398	0.9888136746692591
0.014996299629962998	0.9886657513850818
0.015094959495949597	0.9885168710033403
0.015193619361936197	0.9883670339025113
0.015292279227922792	0.9882162404634777
0.015390939093909392	0.9880644910695271
0.015489598959895991	0.9879117861063493
0.015588258825882589	0.9877581259620366
0.015686918691869188	0.9876035110270808
0.015785578557855787	0.9874479416943724
0.015884238423842387	0.9872914183591986
0.015982898289828983	0.9871339414192425
0.016081558155815582	0.9869755112745809
0.01618021802180218	0.9868161283276832
0.01627887788778878	0.9866557929834091
0.01637753775377538	0.9864945056490078
0.01647619761976198	0.9863322667341171
0.01657485748574858	0.9861690766507591
0.016673517351735175	0.9860049358133418
0.016772177217721774	0.9858398446386559
0.016870837083708373	0.9856738035458725
0.01696949694969497	0.9855068129565435
0.01706815681568157	0.9853388732945985
0.017166816681668168	0.9851699849863426
0.017265476547654767	0.9850001484604574
0.017364136413641366	0.9848293641479958
0.017462796279627962	0.984657632482383
0.01756145614561456	0.9844849538994144
0.01766011601160116	0.9843113288372524
0.01775877587758776	0.9841367577364262
0.01785743574357436	0.9839612410398298
0.01795609560956096	0.9837847791927208
0.01805475547554756	0.9836073726427164
0.018153415341534158	0.9834290218397945
0.018252075207520754	0.9832497272362909
0.018350735073507353	0.9830694892868962
0.01844939493949395	0.9828883084486565
0.018548054805480548	0.9827061851809703
0.018646714671467148	0.9825231199455859
0.018745374537453747	0.9823391132066014
0.018844034403440346	0.9821541654304615
0.018942694269426942	0.9819682770859569
0.01904135413541354	0.9817814486442209
0.01914001400140014	0.9815936805787293
0.01923867386738674	0.9814049733652975
0.01933733373337334	0.9812153274820785
0.01943599359935994	0.9810247434095627
0.019534653465346538	0.9808332216305736
0.019633313331333137	0.9806407626302678
0.019731973197319733	0.9804473668961324
0.019830633063306333	0.9802530349179828
0.019929292929292932	0.9800577671879623
0.020027952795279528	0.9798615642005376
0.020126612661266127	0.9796644264525002
0.020225272527252727	0.979466354442961
0.020323932393239326	0.9792673486733514
0.020422592259225925	0.9790674096474195
0.02052125212521252	0.9788665378712281
0.02061991199119912	0.9786647338531549
0.02071857185718572	0.9784619981038873
0.02081723172317232	0.9782583311364234
0.02091589158915892	0.9780537334660684
0.021014551455145518	0.9778482056104321
0.021113211321132117	0.977641748089429
0.021211871187118713	0.9774343614252746
0.021310531053105312	0.9772260461424837
0.021409190919091912	0.9770168027678681
0.02150785078507851	0.9768066318305362
0.021606510651065107	0.976595533861889
0.021705170517051706	0.9763835093956185
0.021803830383038306	0.9761705589677064
0.021902490249024905	0.9759566831164216
0.0220011501150115	0.9757418823823183
0.0220998099809981	0.9755261573082329
0.0221984698469847	0.9753095084392834
0.0222971297129713	0.9750919363228673
0.022395789578957898	0.9748734415086568
0.022494449444944498	0.9746540245486012
0.022593109310931097	0.9744336859969198
0.022691769176917693	0.9742124264101051
0.022790429042904292	0.9739902463469149
0.02288908890889089	0.9737671463683754
0.02298774877487749	0.9735431270377748
0.02308640864086409	0.9733181889206646
0.023185068506850686	0.9730923325848547
0.023283728372837285	0.9728655586004137
0.023382388238823885	0.9726378675396636
0.02348104810481048	0.9724092599771813
0.02357970797079708	0.972179736489793
0.02367836783678368	0.9719492976565741
0.02377702770277028	0.9717179440588458
0.023875687568756878	0.9714856762801745
0.023974347434743477	0.9712524949063673
0.024073007300730077	0.9710184005254717
0.024171667166716673	0.970783393727772
0.024270327032703272	0.9705474751057875
0.02436898689868987	0.9703106452542709
0.02446764676467647	0.9700729047702049
0.02456630663066307	0.9698342542528005
0.024664966496649666	0.9695946943034948
0.024763626362636265	0.9693542255259481
0.024862286228622864	0.9691128485260424
0.02496094609460946	0.9688705639118785
0.02505960596059606	0.9686273722937737
0.02515826582658266	0.9683832742842599
0.02525692569256926	0.9681382704980801
0.025355585558555858	0.967892361552188
0.025454245424542457	0.9676455480657439
0.025552905290529056	0.9673978306601124
0.025651565156515656	0.9671492099588618
0.025750225022502255	0.966899686587759
0.025848884888488854	0.96664926117477
0.025947544754475454	0.9663979343500546
0.026046204620462046	0.9661457067459661
0.026144864486448646	0.9658925789970487
0.026243524352435245	0.9656385517400335
0.026342184218421844	0.9653836256138376
0.026440844084408444	0.9651278012595615
0.02653950395039504	0.9648710793204859
0.02663816381638164	0.9646134604420691
0.026736823682368238	0.9643549452719464
0.026835483548354837	0.9640955344599248
0.026934143414341437	0.963835228657983
0.027032803280328036	0.963574028520268
0.027131463146314636	0.9633119347030914
0.027230123012301235	0.9630489478649289
0.027328782878287834	0.9627850686664167
0.027427442744274434	0.9625202977703488
0.027526102610261026	0.9622546358416746
0.027624762476247625	0.9619880835474971
0.027723422342234225	0.9617206415570698
0.027822082208220824	0.9614523105417935
0.027920742074207423	0.9611830911752149
0.028019401940194023	0.9609129841330232
0.02811806180618062	0.9606419900930473
0.028216721672167218	0.9603701097352547
0.028315381538153817	0.9600973437417476
0.028414041404140417	0.9598236927967599
0.028512701270127016	0.9595491575866556
0.028611361136113615	0.9592737387999262
0.028710021002100215	0.9589974371271872
0.028808680868086814	0.9587202532611763
0.028907340734073413	0.95844218789675
0.029006000600060006	0.9581632417308812
0.029104660466046605	0.9578834154626582
0.029203320332033204	0.9576027097932788
0.029301980198019804	0.9573211254260494
0.029400640064006403	0.9570386630663835
0.029499299929993002	0.9567553234217965
0.029597959795979602	0.9564711072019051
0.029696619661966198	0.956186015118423
0.029795279527952797	0.9559000478851595
0.029893939393939396	0.9556132062180157
0.029992599259925996	0.9553254908349829
0.030091259125912595	0.9550369024561388
0.030189918991899194	0.9547474418036448
0.030288578857885794	0.9544571096017443
0.030387238723872393	0.9541659065767587
0.030485898589858985	0.9538738334570857
0.030584558455845585	0.9535808909731955
0.030683218321832184	0.953287079857629
0.030781878187818783	0.9529924008449937
0.030880538053805383	0.9526968546719627
0.030979197919791982	0.9524004420772706
0.03107785778577858	0.95210316380171
0.031176517651765177	0.9518050205881313
0.03127517751775178	0.9515060131814368
0.031373837383738376	0.95120614232858
0.03147249724972498	0.9509054087785623
0.031571157115711575	0.9506038132824295
0.03166981698169818	0.9503013565932688
0.03176847684768477	0.9499980394662073
0.03186713671367137	0.9496938626584083
0.031965796579657965	0.9493888269290673
0.03206445644564457	0.9490829330394117
0.032163116311631164	0.9487761817526957
0.03226177617761776	0.9484685738341977
0.03236043604360436	0.9481601100512183
0.03245909590959096	0.9478507911730766
0.03255775577557756	0.9475406179711079
0.03265641564156416	0.9472295912186605
0.03275507550755076	0.9469177116910914
0.032853735373537356	0.9466049801657668
0.03295239523952396	0.9462913974220549
0.033051055105510554	0.945976964241326
0.03314971497149716	0.9456616814069488
0.03324837483748375	0.9453455497042862
0.03334703470347035	0.945028569920694
0.033445694569456945	0.9447107428455167
0.03354435443544355	0.9443920692700855
0.033643014301430144	0.9440725499877144
0.033741674167416746	0.9437521857936976
0.03384033403340334	0.9434309774853062
0.03393899389938994	0.9431089258617866
0.03403765376537654	0.9427860317243543
0.03413631363136314	0.942462295876194
0.03423497349734974	0.9421377191224555
0.034333633363336336	0.9418123022702505
0.03443229322932294	0.9414860461286487
0.034530953095309534	0.9411589515086766
0.03462961296129614	0.9408310192233127
0.03472827282728273	0.940502250087486
0.034826932693269336	0.9401726449180711
0.034925592559255925	0.9398422045338862
0.03502425242524253	0.9395109297556905
0.03512291229122912	0.9391788214061797
0.035221572157215726	0.9388458803099841
0.03532023202320232	0.9385121072936644
0.03541889188918892	0.9381775031857096
0.03551755175517552	0.9378420688165334
0.03561621162116212	0.9375058050184714
0.03571487148714872	0.9371687126257766
0.035813531353135315	0.936830792474618
0.03591219121912192	0.9364920454030765
0.036010851085108514	0.9361524722511418
0.03610951095109512	0.9358120738607101
0.03620817081708171	0.9354708510755791
0.036306830683068315	0.9351288047414462
0.036405490549054904	0.9347859357059053
0.03650415041504151	0.9344422448184427
0.0366028102810281	0.9340977329304345
0.036701470147014706	0.9337524008951448
0.0368001300130013	0.9334062495677182
0.0368987898789879	0.9330592798051819
0.0369974497449745	0.9327114924664386
0.037096109610961096	0.9323628884122648
0.0371947694769477	0.9320134685053075
0.037293429342934295	0.9316632336100811
0.0373920892089209	0.9313121845929627
0.037490749074907494	0.9309603223221907
0.037589408940894097	0.9306076476678611
0.03768806880688069	0.930254161501923
0.037786728672867295	0.9298998646981768
0.037885388538853884	0.9295447581322703
0.03798404840484049	0.9291888426816949
0.03808270827082708	0.9288321192257827
0.038181368136813686	0.9284745886457042
0.03828002800280028	0.9281162518244624
0.038378687868786884	0.9277571096468934
0.03847734773477348	0.9273971629996582
0.038576007600760076	0.9270364127712439
0.03867466746674668	0.9266748598519567
0.038773327332733275	0.9263125051339224
0.03887198719871988	0.9259493495110783
0.03897064706470647	0.9255853938791742
0.039069306930693076	0.9252206391357666
0.03916796679667967	0.9248550861802158
0.039266626662666275	0.924488735913683
0.03936528652865287	0.9241215892391261
0.03946394639463947	0.9237536470612974
0.03956260626062606	0.9233849102867385
0.039661266126612665	0.9230153798237788
0.03975992599259926	0.9226450565825315
0.039858585858585864	0.922273941474889
0.03995724572457246	0.9219020354145202
0.040055905590559056	0.9215293393168688
0.04015456545654566	0.9211558540991467
0.040253225322532254	0.9207815806803324
0.04035188518851886	0.920406519981168
0.04045054505450545	0.9200306729241549
0.040549204920492056	0.9196540404335496
0.04064786478647865	0.9192766234353622
0.040746524652465255	0.9188984228573507
0.04084518451845185	0.9185194396290197
0.040943844384438446	0.9181396746816148
0.04104250425042504	0.9177591289481218
0.041141164116411645	0.9173778033632595
0.04123982398239824	0.9169956988634792
0.041338483848384844	0.9166128163869609
0.04143714371437144	0.9162291568736077
0.04153580358035804	0.915844721265045
0.04163446344634464	0.9154595105046152
0.041733123312331234	0.9150735255373735
0.04183178317831784	0.9146867673100878
0.04193044304430443	0.9142992367712304
0.042029102910291036	0.9139109348709785
0.04212776277627763	0.9135218625612085
0.042226422642264234	0.9131320207954932
0.04232508250825083	0.912741410529097
0.042423742374237426	0.9123500327189749
0.04252240224022402	0.911957888323766
0.042621062106210625	0.9115649783037916
0.04271972197219722	0.9111713036210521
0.042818381838183824	0.910776865239221
0.04291704170417042	0.9103816641236443
0.04301570157015702	0.9099857012413342
0.04311436143614362	0.9095889775609678
0.043213021302130214	0.9091914940528818
0.04331168116811682	0.9087932516890698
0.04341034103410341	0.9083942514431776
0.043509000900090015	0.9079944942905013
0.04360766076607661	0.9075939812079822
0.043706320632063214	0.9071927131742038
0.04380498049804981	0.9067906911693873
0.043903640364036406	0.9063879161753895
0.044002300230023	0.9059843891756978
0.044100960096009605	0.9055801111554271
0.0441996199619962	0.9051750831013157
0.0442982798279828	0.9047693060017226
0.0443969396939694	0.9043627808466219
0.044495599559956	0.9039555086276021
0.0445942594259426	0.903547490337859
0.044692919291929194	0.9031387269721947
0.044791579157915797	0.902729219527012
0.04489023902390239	0.9023189690003123
0.044988898889888995	0.9019079763916908
0.04508755875587559	0.9014962427023334
0.045186218621862194	0.9010837689350119
0.04528487848784879	0.9006705560940812
0.045383538353835386	0.9002566051854767
0.04548219821982198	0.8998419172167075
0.045580858085808584	0.8994264931968554
0.04567951795179518	0.8990103341365697
0.04577817781778178	0.8985934410480644
0.04587683768376838	0.8981758149451132
0.04597549754975498	0.8977574568430473
0.04607415741574158	0.8973383677587503
0.04617281728172818	0.8969185487106548
0.046271477147714776	0.8964980007187395
0.04637013701370137	0.8960767248045233
0.046468796879687975	0.8956547219910643
0.04656745674567457	0.8952319933029534
0.046666116611661174	0.8948085397663127
0.04676477647764777	0.8943843624087896
0.046863436343634365	0.8939594622595546
0.04696209620962096	0.8935338403492971
0.047060756075607564	0.8931074977102206
0.04715941594159416	0.8926804353760411
0.04725807580758076	0.8922526543819802
0.04735673567356736	0.8918241557647644
0.04745539553955396	0.8913949405626185
0.04755405540554056	0.8909650098152635
0.04765271527152716	0.8905343645639124
0.047751375137513756	0.8901030058512667
0.04785003500350035	0.8896709347215105
0.047948694869486955	0.8892381522203098
0.04804735473547355	0.8888046593948068
0.04814601460146015	0.8883704572936151
0.04824467446744675	0.887935546966818
0.048343334333433345	0.8874999294659635
0.04844199419941994	0.8870636058440602
0.048540654065406544	0.8866265771555739
0.04863931393139314	0.8861888444564234
0.04873797379737974	0.8857504088039767
0.04883663366336634	0.8853112712570477
0.04893529352935294	0.8848714328758908
0.04903395339533954	0.884430894722198
0.04913261326132614	0.8839896578590957
0.049231273127312736	0.883547723351139
0.04932993299329933	0.8831050922643097
0.049428592859285934	0.8826617656660102
0.04952725272527253	0.8822177446250623
0.04962591259125913	0.8817730302116997
0.04972457245724573	0.8813276234975675
0.04982323232323233	0.8808815255557172
0.04992189218921892	0.880434737460601
0.05002055205520553	0.8799872602880697
0.05011921192119212	0.8795390951153694
0.05021787178717873	0.8790902430211347
0.05031653165316532	0.8786407050853873
0.05041519151915193	0.8781904823895309
0.05051385138513852	0.8777395760163481
0.05061251125112511	0.8772879870499947
0.050711171117111715	0.8768357165759975
0.05080983098309831	0.8763827656812496
0.050908490849084914	0.8759291354540064
0.05100715071507151	0.8754748269838812
0.05110581058105811	0.8750198413618424
0.05120447044704471	0.8745641796802075
0.05130313031303131	0.8741078430326414
0.0514017901790179	0.8736508325141518
0.05150045004500451	0.8731931492210825
0.0515991099109911	0.8727347942511134
0.05169776977697771	0.8722757687032539
0.0517964296429643	0.8718160736778403
0.05189508950895091	0.8713557102765299
0.0519937493749375	0.8708946796022993
0.05209240924092409	0.870432982759438
0.052191069106910695	0.8699706208535467
0.05228972897289729	0.8695075949915311
0.052388388838883894	0.8690439062815996
0.05248704870487049	0.8685795558332582
0.05258570857085709	0.8681145447573061
0.05268436843684369	0.8676488741658334
0.05278302830283029	0.8671825451722152
0.05288168816881689	0.8667155588911081
0.05298034803480349	0.8662479164384463
0.05307900790079008	0.8657796189314384
0.05317766776677669	0.8653106674885607
0.05327632763276328	0.8648410632295562
0.05337498749874989	0.8643708072754284
0.053473647364736476	0.8638999007484381
0.05357230723072307	0.8634283447720991
0.053670967096709675	0.8629561404711741
0.05376962696269627	0.8624832889716709
0.053868286828682874	0.862009791400837
0.05396694669466947	0.8615356488871583
0.05406560656065607	0.8610608625603512
0.05416426642664267	0.8605854335513616
0.05426292629262927	0.8601093629923595
0.05436158615861587	0.8596326520167348
0.05446024602460247	0.8591553017590937
0.05455890589058906	0.8586773133552539
0.05465756575657567	0.8581986879422411
0.05475622562256226	0.8577194266582843
0.05485488548854887	0.8572395306428122
0.054953545354535456	0.8567590010364489
0.05505220522052205	0.8562778389810092
0.055150865086508655	0.8557960456194951
0.05524952495249525	0.8553136220960919
0.05534818481848185	0.8548305695561633
0.05544684468446845	0.8543468891462469
0.05554550455045505	0.8538625820140514
0.05564416441644165	0.8533776493084521
0.05574282428242825	0.852892092179485
0.05584148414841485	0.852405911778345
0.05594014401440145	0.8519191092573808
0.056038803880388045	0.8514316857700895
0.05613746374637465	0.8509436424711149
0.05623612361236124	0.8504549805162411
0.05633478347834785	0.8499657010623892
0.056433443344334436	0.8494758052676137
0.05653210321032103	0.8489852942910967
0.056630763076307634	0.8484941692931453
0.05672942294229423	0.8480024314351864
0.05682808280828083	0.8475100818797637
0.05692674267426743	0.847017121790532
0.05702540254025403	0.8465235523322531
0.05712406240624063	0.8460293746707933
0.05722272227222723	0.8455345899731177
0.057321382138213826	0.8450391994072859
0.05742004200420043	0.8445432041424487
0.057518701870187025	0.8440466053488423
0.05761736173617363	0.8435494041977872
0.05771602160216022	0.8430516018616799
0.05781468146814683	0.8425531995139922
0.057913341334133416	0.8420541983292642
0.05801200120012001	0.8415545994831021
0.058110661066106614	0.8410544041521731
0.05820932093209321	0.8405536135142011
0.05830798079807981	0.840052228747963
0.05840664066406641	0.8395502510332832
0.05850530053005301	0.8390476815510308
0.05860396039603961	0.8385445214831155
0.05870262026202621	0.838040772012481
0.058801280128012806	0.8375364343231039
0.05889993999399941	0.8370315095999865
0.058998599859986005	0.8365259990291551
0.05909725972597261	0.8360199037976539
0.059195919591959203	0.835513225093542
0.059294579457945806	0.8350059641058878
0.059393239323932395	0.8344981220247659
0.05949189918991899	0.8339897000412524
0.059590559055905594	0.8334806993474204
0.05968921892189219	0.8329711211363368
0.05978787878787879	0.8324609666020557
0.05988653865386539	0.8319502369396167
0.05998519851985199	0.8314389333450395
0.06008385838583859	0.830927057015319
0.06018251825182519	0.8304146091484217
0.060281178117811786	0.8299015909432818
0.06037983798379839	0.8293880035997965
0.060478497849784985	0.8288738483188208
0.06057715771577159	0.8283591263021652
0.06067581758175818	0.8278438387525899
0.060774477447744786	0.8273279868737995
0.060873137313731375	0.8268115718704426
0.06097179717971797	0.8262945949481026
0.061070457045704574	0.8257770573132972
0.06116911691169117	0.8252589601734719
0.06126777677767777	0.8247403047369967
0.06136643664366437	0.8242210922131613
0.06146509650965097	0.8237013238121715
0.06156375637563757	0.823181000745144
0.06166241624162417	0.8226601242241021
0.061761076107610766	0.8221386954619727
0.06185973597359737	0.8216167156725799
0.061958395839583964	0.8210941860706426
0.06205705570557057	0.8205711078717692
0.06215571557155716	0.8200474822924533
0.062254375437543766	0.8195233105500696
0.062353035303530355	0.8189985938628691
0.06245169516951695	0.8184733334499759
0.06255035503550356	0.8179475305313815
0.06264901490149015	0.8174211863279409
0.06274767476747675	0.8168943020613695
0.06284633463346334	0.8163668789542361
0.06294499449944996	0.8158389182299621
0.06304365436543655	0.8153104211128134
0.06314231423142315	0.8147813888278985
0.06324097409740974	0.8142518226011645
0.06333963396339636	0.8137217236593896
0.06343829382938294	0.8131910932301836
0.06353695369536955	0.8126599325419781
0.06363561356135614	0.8121282428240275
0.06373427342734274	0.8115960253064003
0.06383293329332934	0.811063281219977
0.06393159315931593	0.8105300117964456
0.06403025302530253	0.8099962182682966
0.06412891289128914	0.8094619018688188
0.06422757275727574	0.8089270638320953
0.06432623262326233	0.808391705392999
0.06442489248924893	0.8078558277871879
0.06452355235523552	0.8073194322511006
0.06462221222122214	0.8067825200219536
0.06472087208720873	0.8062450923377348
0.06481953195319533	0.8057071504371993
0.06491819181918192	0.8051686955598669
0.06501685168516852	0.804629728946016
0.06511551155115512	0.8040902518366804
0.06521417141714173	0.8035502654736426
0.06531283128312831	0.8030097710994331
0.06541149114911492	0.8024687699573233
0.06551015101510152	0.8019272632913215
0.06560881088108811	0.8013852523461689
0.06570747074707471	0.800842738367336
0.06580613061306131	0.8002997226010166
0.06590479047904792	0.7997562062941249
0.0660034503450345	0.7992121906942896
0.06610211021102111	0.7986676770498513
0.0662007700770077	0.7981226666098569
0.06629942994299431	0.7975771606240555
0.0663980898089809	0.7970311603428933
0.0664967496749675	0.7964846670175112
0.0665954095409541	0.7959376818997389
0.0666940694069407	0.7953902062420898
0.0667927292729273	0.7948422412977583
0.06689138913891389	0.7942937883206151
0.06699004900490049	0.7937448485652012
0.0670887088708871	0.7931954232867262
0.0671873687368737	0.7926455137410613
0.06728602860286029	0.792095121184736
0.06738468846884689	0.7915442468749346
0.06748334833483349	0.7909928920694907
0.0675820082008201	0.7904410580268818
0.06768066806680668	0.7898887460062278
0.06777932793279329	0.7893359572672841
0.06787798779877988	0.7887826930704382
0.06797664766476649	0.7882289546767053
0.06807530753075308	0.7876747433477231
0.06817396739673968	0.7871200603457493
0.06827262726272627	0.786564906933655
0.06837128712871288	0.786009284374921
0.06846994699469948	0.7854531939336349
0.06856860686068607	0.784896636874484
0.06866726672667267	0.7843396144627535
0.06876592659265927	0.7837821279643199
0.06886458645864588	0.7832241786456489
0.06896324632463247	0.7826657677737889
0.06906190619061907	0.7821068966163676
0.06916056605660566	0.7815475664415873
0.06925922592259227	0.7809877785182212
0.06935788578857886	0.7804275341156075
0.06945654565456547	0.779866834503647
0.06955520552055205	0.7793056809527968
0.06965386538653867	0.7787440747340671
0.06975252525252526	0.7781820171190166
0.06985118511851185	0.777619509379747
0.06994984498449845	0.7770565527889006
0.07004850485048505	0.7764931486196545
0.07014716471647166	0.7759292981457157
0.07024582458245825	0.775365002641319
0.07034448444844485	0.7748002633812197
0.07044314431443145	0.7742350816406909
0.07054180418041806	0.7736694586955195
0.07064046404640464	0.773103395822
0.07073912391239125	0.7725368942969318
0.07083778377837784	0.7719699553976145
0.07093644364436445	0.7714025804018422
0.07103510351035104	0.7708347705879006
0.07113376337633764	0.7702665272345618
0.07123242324232423	0.7696978516210807
0.07133108310831084	0.7691287450271892
0.07142974297429744	0.7685592087330932
0.07152840284028403	0.7679892440194674
0.07162706270627063	0.7674188521674513
0.07172572257225723	0.7668480344586438
0.07182438243824384	0.7662767921751009
0.07192304230423043	0.7657051265993289
0.07202170217021703	0.7651330390142819
0.07212036203620363	0.7645605307033556
0.07221902190219023	0.763987602950385
0.07231768176817682	0.763414257039638
0.07241634163416343	0.762840494255812
0.07251500150015001	0.7622663158840304
0.07261366136613663	0.7616917232098352
0.07271232123212322	0.7611167175191864
0.07281098109810981	0.7605413000984549
0.07290964096409641	0.7599654722344187
0.07300830083008301	0.7593892352142597
0.07310696069606962	0.7588125903255575
0.0732056205620562	0.7582355388562861
0.07330428042804281	0.7576580820948093
0.07340294029402941	0.7570802213298766
0.07350160016001601	0.7565019578506175
0.0736002600260026	0.755923292946539
0.0736989198919892	0.7553442279075198
0.0737975797579758	0.7547647640238067
0.07389623962396241	0.7541849025860098
0.073994899489949	0.7536046448850972
0.0740935593559356	0.7530239922123932
0.07419221922192219	0.7524429458595708
0.0742908790879088	0.7518615071186503
0.0743895389538954	0.7512796772819921
0.07448819881988199	0.7506974576422936
0.07458685868586859	0.7501148494925854
0.07468551855185519	0.7495318541262271
0.0747841784178418	0.7489484728368998
0.07488283828382838	0.7483647069186063
0.07498149814981499	0.7477805576656635
0.07508015801580159	0.7471960263726988
0.07517881788178819	0.7466111143346461
0.07527747774777478	0.746025822846741
0.07537613761376138	0.7454401532045175
0.07547479747974797	0.7448541067038016
0.07557345734573459	0.744267684640708
0.07567211721172118	0.743680888311637
0.07577077707770777	0.7430937190132675
0.07586943694369437	0.7425061780425548
0.07596809680968097	0.7419182666967249
0.07606675667566758	0.741329986273271
0.07616541654165417	0.7407413380699487
0.07626407640764077	0.7401523233847719
0.07636273627362737	0.7395629435160075
0.07646139613961397	0.7389731997621724
0.07656005600560056	0.7383830934220281
0.07665871587158717	0.7377926257945772
0.07675737573757377	0.7372017981790573
0.07685603560356037	0.7366106118749394
0.07695469546954696	0.7360190681819211
0.07705335533553356	0.735427168399923
0.07715201520152015	0.7348349138290847
0.07725067506750677	0.734242305769761
0.07734933493349336	0.7336493455225148
0.07744799479947995	0.7330560343881162
0.07754665466546655	0.7324623736675363
0.07764531453145315	0.7318683646619427
0.07774397439743976	0.7312740086726964
0.07784263426342634	0.7306793070013456
0.07794129412941295	0.7300842609496229
0.07803995399539955	0.7294888718194404
0.07813861386138615	0.7288931409128857
0.07823727372737274	0.7282970695322162
0.07833593359335934	0.7277006589798571
0.07843459345934593	0.7271039105583946
0.07853325332533255	0.7265068255705731
0.07863191319131914	0.7259094053192906
0.07873057305730574	0.7253116511075941
0.07882923292329233	0.7247135642386748
0.07892789278927893	0.7241151460158652
0.07902655265526554	0.7235163977426335
0.07912521252125213	0.722917320722579
0.07922387238723873	0.722317916259429
0.07932253225322533	0.7217181856570343
0.07942119211921193	0.7211181302193632
0.07951985198519852	0.7205177512504999
0.07961851185118513	0.7199170500546371
0.07971717171717173	0.7193160279360749
0.07981583158315833	0.7187146861992129
0.07991449144914492	0.7181130261485495
0.08001315131513152	0.7175110490886754
0.08011181118111811	0.7169087563242689
0.08021047104710473	0.7163061491600933
0.08030913091309132	0.7157032289009917
0.0804077907790779	0.7150999968518825
0.08050645064506451	0.7144964543177557
0.08060511051105111	0.7138926026036668
0.08070377037703771	0.7132884430147355
0.0808024302430243	0.7126839768561392
0.0809010901090109	0.7120792054331091
0.08099974997499751	0.7114741300509262
0.08109840984098411	0.710868752014917
0.0811970697069707	0.7102630726304487
0.0812957295729573	0.7096570932029256
0.0813943894389439	0.7090508150377847
0.08149304930493051	0.7084442394404903
0.0815917091709171	0.7078373677165317
0.0816903690369037	0.7072302011714167
0.08178902890289029	0.7066227411106694
0.08188768876887689	0.7060149888398248
0.0819863486348635	0.7054069456644236
0.08208500850085008	0.7047986128900109
0.08218366836683669	0.7041899918221278
0.08228232823282329	0.7035810837663111
0.08238098809880989	0.7029718900280864
0.08247964796479648	0.7023624119129648
0.08257830783078308	0.7017526507264388
0.08267696769676969	0.7011426077739775
0.08277562756275629	0.7005322843610224
0.08287428742874288	0.6999216817929841
0.08297294729472948	0.6993108013752363
0.08307160716071608	0.6986996444131132
0.08317026702670269	0.6980882122119041
0.08326892689268928	0.6974765060768503
0.08336758675867587	0.6968645273131394
0.08346624662466247	0.6962522772259023
0.08356490649064907	0.6956397571202081
0.08366356635663567	0.6950269683010609
0.08376222622262226	0.694413912073394
0.08386088608860887	0.6938005897420672
0.08395954595459547	0.6931870026118618
0.08405820582058207	0.6925731519874765
0.08415686568656866	0.6919590391735229
0.08425552555255526	0.691344665474522
0.08435418541854187	0.6907300321948991
0.08445284528452847	0.6901151406389803
0.08455150515051506	0.6894999921109877
0.08465016501650166	0.6888845879150356
0.08474882488248825	0.6882689293551264
0.08484748474847485	0.6876530177351459
0.08494614461446146	0.6870368543588592
0.08504480448044804	0.6864204405299065
0.08514346434643465	0.6858037775517999
0.08524212421242125	0.6851868667279172
0.08534078407840785	0.6845697093614999
0.08543944394439444	0.6839523067556469
0.08553810381038104	0.6833346602133121
0.08563676367636765	0.6827167710372992
0.08573542354235425	0.6820986405302579
0.08583408340834084	0.6814802699946794
0.08593274327432744	0.6808616607328921
0.08603140314031404	0.6802428140470591
0.08613006300630065	0.6796237312391709
0.08622872287228724	0.6790044136110442
0.08632738273827383	0.6783848624643161
0.08642604260426043	0.6777650791004403
0.08652470247024703	0.677145064820683
0.08662336233623363	0.6765248209261193
0.08672202220222022	0.6759043487176277
0.08682068206820683	0.6752836494958872
0.08691934193419343	0.6746627245613724
0.08701800180018003	0.6740415752143502
0.08711666166616662	0.6734202027548746
0.08721532153215322	0.6727986084827828
0.08731398139813983	0.6721767936976922
0.08741264126412643	0.6715547596989946
0.08751130113011302	0.6709325077858534
0.08760996099609962	0.6703100392571988
0.08770862086208622	0.6696873554117232
0.08780728072807281	0.6690644575478787
0.08790594059405941	0.668441346963871
0.088004600460046	0.6678180249576575
0.0881032603260326	0.6671944928269404
0.08820192019201921	0.6665707518691653
0.08830058005800581	0.6659468033815152
0.0883992399239924	0.6653226486609081
0.088497899789979	0.6646982890039906
0.0885965596559656	0.6640737257071366
0.08869521952195221	0.6634489600664405
0.0887938793879388	0.6628239933777148
0.0888925392539254	0.6621988269364861
0.088991199119912	0.66157346203799
0.0890898589858986	0.6609478999771672
0.0891885188518852	0.6603221420486604
0.08928717871787178	0.6596961895468095
0.08938583858385839	0.6590700437656469
0.08948449844984499	0.6584437059988952
0.08958315831583159	0.6578171775399613
0.08968181818181818	0.6571904596819335
0.08978047804780478	0.6565635537175767
0.08987913791379139	0.6559364609393296
0.08997779777977799	0.6553091826392984
0.09007645764576458	0.6546817201092556
0.09017511751175118	0.6540540746406336
0.09027377737773778	0.6534262475245218
0.09037243724372439	0.6527982400516624
0.09047109710971098	0.6521700535124465
0.09056975697569758	0.6515416891969091
0.09066841684168418	0.650913148394727
0.09076707670767077	0.6502844323952128
0.09086573657365737	0.6496555424873122
0.09096439643964396	0.6490264799595992
0.09106305630563057	0.6483972461002727
0.09116171617161717	0.647767842197152
0.09126037603760377	0.6471382695376734
0.09135903590359036	0.6465085294088855
0.09145769576957696	0.6458786230974455
0.09155635563556357	0.6452485518896156
0.09165501550155017	0.6446183170712585
0.09175367536753676	0.6439879199278337
0.09185233523352336	0.6433573617443928
0.09195099509950996	0.6427266438055775
0.09204965496549657	0.6420957673956127
0.09214831483148316	0.6414647337983057
0.09224697469746974	0.6408335442970394
0.09234563456345636	0.6402022001747699
0.09244429442944295	0.6395707027140232
0.09254295429542955	0.6389390531968887
0.09264161416141614	0.6383072529050187
0.09274027402740274	0.6376753031196214
0.09283893389338935	0.6370432051214583
0.09293759375937595	0.6364109601908405
0.09303625362536254	0.6357785696076248
0.09313491349134914	0.6351460346512086
0.09323357335733574	0.6345133566005274
0.09333223322332235	0.6338805367340501
0.09343089308930894	0.6332475763297752
0.09352955295529554	0.6326144766652274
0.09362821282128214	0.631981239017453
0.09372687268726873	0.6313478646630158
0.09382553255325533	0.6307143548779949
0.09392419241924192	0.6300807109379783
0.09402285228522854	0.6294469341180613
0.09412151215121513	0.6288130256928414
0.09422017201720173	0.6281789869364142
0.09431883188318832	0.6275448191223703
0.09441749174917492	0.6269105235237915
0.09451615161516153	0.6262761014132463
0.09461481148114813	0.6256415540627859
0.09471347134713472	0.6250068827439414
0.09481213121312132	0.624372088727719
0.09491079107910792	0.6237371732845965
0.09500945094509453	0.6231021376845194
0.09510811081108111	0.6224669831968972
0.0952067706770677	0.6218317110905994
0.09530543054305432	0.6211963226339515
0.09540409040904091	0.6205608190947317
0.09550275027502751	0.6199252017401669
0.0956014101410141	0.6192894718369285
0.0957000700070007	0.6186536306511287
0.0957987298729873	0.6180176794483174
0.09589738973897391	0.6173816194934774
0.0959960496049605	0.6167454520510213
0.0960947094709471	0.6161091783847875
0.0961933693369337	0.6154727997580364
0.0962920292029203	0.6148363174334458
0.0963906890689069	0.6141997326731092
0.0964893489348935	0.6135630467385306
0.0965880088008801	0.6129262608906196
0.09668666866686669	0.6122893763896903
0.0967853285328533	0.6116523944954556
0.09688398839883988	0.6110153164670239
0.0969826482648265	0.6103781435628958
0.09708130813081309	0.6097408770409599
0.09717996799679969	0.609103518158489
0.09727862786278628	0.608466068172137
0.09737728772877288	0.6078285283379337
0.09747594759475949	0.6071908999112834
0.09757460746074609	0.6065531841469591
0.09767326732673268	0.6059153822990997
0.09777192719271928	0.6052774956212058
0.09787058705870588	0.6046395253661372
0.09796924692469249	0.6040014727861074
0.09806790679067907	0.6033633391326815
0.09816656665666566	0.6027251256567713
0.09826522652265228	0.6020868336086325
0.09836388638863887	0.6014484642378608
0.09846254625462547	0.6008100187933878
0.09856120612061206	0.6001714985234776
0.09865986598659866	0.5995329046757234
0.09875852585258527	0.5988942384970434
0.09885718571857187	0.5982555012336774
0.09895584558455847	0.5976166941311832
0.09905450545054506	0.5969778184344328
0.09915316531653166	0.5963388753876084
0.09925182518251827	0.5956998662342
0.09935048504850487	0.5950607922169999
0.09944914491449146	0.5944216545781009
0.09954780478047806	0.5937824545588914
0.09964646464646466	0.5931431934000528
0.09974512451245124	0.5925038723415548
0.09984378437843784	0.5918644926226524
0.09994244424442446	0.5912250554818825
0.10004110411041106	0.5905855621570599
0.10013976397639764	0.5899460138852741
0.10023842384238424	0.5893064119028849
0.10033708370837084	0.5886667574455197
0.10043574357435746	0.5880270517480699
0.10053440344034403	0.5873872960446866
0.10063306330633064	0.5867474915687777
0.10073172317231724	0.5861076395530042
0.10083038303830386	0.5854677412292759
0.10092904290429043	0.5848277978287498
0.10102770277027703	0.5841878105818235
0.10112636263626364	0.5835477807181351
0.10122502250225023	0.5829077094665571
0.10132368236823683	0.5822675980551938
0.10142234223422343	0.5816274477113781
0.10152100210021003	0.5809872596616672
0.10161966196619662	0.5803470351318398
0.10171832183218323	0.5797067753468922
0.10181698169816983	0.5790664815310348
0.10191564156415643	0.5784261549076888
0.10201430143014302	0.5777857966994828
0.10211296129612962	0.5771454081282487
0.10221162116211623	0.5765049904150188
0.10231028102810283	0.5758645447800225
0.10240894089408942	0.575224072442682
0.10250760076007602	0.5745835746216095
0.10260626062606262	0.573943052534604
0.1027049204920492	0.5733025073986467
0.1028035803580358	0.5726619404298987
0.10290224022402242	0.5720213528436972
0.10300090009000902	0.5713807458545515
0.1030995599559956	0.570740120676141
0.1031982198219822	0.5700994785213095
0.10329687968796882	0.5694588206020645
0.10339553955395542	0.5688181481295715
0.10349419941994199	0.568177462314152
0.1035928592859286	0.5675367643652788
0.1036915191519152	0.5668960554915746
0.10379017901790182	0.5662553369008065
0.10388883888388839	0.5656146097998838
0.103987498749875	0.5649738753948541
0.1040861586158616	0.5643331348909006
0.10418481848184818	0.5636923894923381
0.10428347834783479	0.5630516404026096
0.10438213821382139	0.5624108888242833
0.104480798079808	0.5617701359590492
0.10457945794579458	0.5611293830077161
0.10467811781178119	0.5604886311702068
0.10477677767776779	0.5598478816455564
0.10487543754375439	0.5592071356319085
0.10497409740974098	0.5585663943265116
0.10507275727572758	0.5579256589257158
0.10517141714171419	0.5572849306249694
0.10527007700770079	0.5566442106188165
0.10536873687368738	0.5560035001008925
0.10546739673967398	0.5553628002639213
0.10556605660566058	0.5547221122997122
0.10566471647164716	0.5540814373991565
0.10576337633763377	0.5534407767522236
0.10586203620362038	0.5528001315479588
0.10596069606960698	0.5521595029744796
0.10605935593559356	0.5515188922189723
0.10615801580158016	0.5508783004676885
0.10625667566756677	0.5502377289059421
0.10635533553355338	0.5495971787181069
0.10645399539953995	0.5489566510876117
0.10655265526552656	0.5483161471969382
0.10665131513151316	0.547675668227618
0.10674997499749977	0.5470352153602283
0.10684863486348635	0.5463947897743894
0.10694729472947295	0.5457543926487618
0.10704595459545956	0.5451140251610421
0.10714461446144614	0.5444736884879607
0.10724327432743275	0.5438333838052778
0.10734193419341935	0.543193112287781
0.10744059405940595	0.5425528751092815
0.10753925392539254	0.5419126734426115
0.10763791379137914	0.54127250845962
0.10773657365736575	0.5406323813311714
0.10783523352335235	0.5399922932271405
0.10793389338933894	0.5393522453164104
0.10803255325532554	0.5387122387668691
0.10813121312131214	0.5380722747454065
0.10822987298729875	0.5374323544179109
0.10832853285328534	0.5367924789492666
0.10842719271927194	0.5361526495033498
0.10852585258525854	0.5355128672430264
0.10862451245124512	0.5348731333301484
0.10872317231723173	0.5342334489255507
0.10882183218321834	0.5335938151890482
0.10892049204920494	0.5329542332794335
0.10901915191519151	0.5323147043544723
0.10911781178117812	0.5316752295709009
0.10921647164716473	0.5310358100844241
0.10931513151315134	0.5303964470497108
0.10941379137913791	0.5297571416203918
0.10951245124512451	0.5291178949490561
0.10961111111111113	0.5284787081872488
0.10970977097709773	0.5278395824854668
0.10980843084308431	0.5272005189931573
0.10990709070907091	0.5265615188587129
0.11000575057505751	0.5259225832294705
0.1101044104410441	0.5252837132517071
0.1102030703070307	0.5246449100706367
0.11030173017301731	0.5240061748304087
0.11040039003900391	0.5233675086741026
0.1104990499049905	0.522728912743728
0.1105977097709771	0.522090388180218
0.1106963696369637	0.5214519361234299
0.11079502950295031	0.5208135577121397
0.1108936893689369	0.5201752540840402
0.1109923492349235	0.5195370263757373
0.1110910091009101	0.5188988757227484
0.11118966896689671	0.5182608032594981
0.1112883288328833	0.5176228101193159
0.1113869886988699	0.5169848974344331
0.1114856485648565	0.5163470663359799
0.11158430843084308	0.5157093179539833
0.1116829682968297	0.515071653417362
0.1117816281628163	0.5144340738539264
0.1118802880288029	0.5137965803903729
0.11197894789478947	0.5131591741522836
0.11207760776077609	0.5125218562641212
0.1121762676267627	0.5118846278492276
0.1122749274927493	0.5112474900298203
0.11237358735873587	0.5106104439269901
0.11247224722472247	0.5099734906606973
0.11257090709070909	0.50933663134977
0.1126695669566957	0.5086998671119004
0.11276822682268227	0.5080631990636425
0.11286688668866887	0.5074266283204091
0.11296554655465547	0.5067901559964684
0.11306420642064206	0.5061537832049425
0.11316286628662867	0.505517511057803
0.11326152615261527	0.5048813406658696
0.11336018601860187	0.5042452731388065
0.11345884588458846	0.5036093095851201
0.11355750575057506	0.502973451112155
0.11365616561656167	0.5023376988260931
0.11375482548254827	0.50170205383195
0.11385348534853486	0.5010665172335712
0.11395214521452146	0.500431090133631
0.11405080508050806	0.49979577363362865
0.11414946494649467	0.4991605688338861
0.11424812481248126	0.49852547683354564
0.11434678467846786	0.4978904987305657
0.11444544454445446	0.49725563562171965
0.11454410441044105	0.4966208886025928
0.11464276427642765	0.49598625876757874
0.11474142414241426	0.49535174720987774
0.11484008400840086	0.4947173550214937
0.11493874387438743	0.4940830832932313
0.11503740374037405	0.49344893311469323
0.11513606360636065	0.4928149055742778
0.11523472347234726	0.49218100175917634
0.11533338333833383	0.4915472227553702
0.11543204320432043	0.49091356964762833
0.11553070307030705	0.4902800435195044
0.11562936293629365	0.4896466454533346
0.11572802280228023	0.4890133765302347
0.11582668266826683	0.4883802378300967
0.11592534253425345	0.48774723043158813
0.11602400240024002	0.48711435541214776
0.11612266226622663	0.4864816138479829
0.11622132213221323	0.4858490068140682
0.11631998199819983	0.48521653538414194
0.11641864186418642	0.4845842006307041
0.11651730173017302	0.4839520036250126
0.11661596159615963	0.4833199454370821
0.11671462146214623	0.48268802713568126
0.11681328132813282	0.4820562497883292
0.11691194119411942	0.48142461446129364
0.11701060106010602	0.4807931222195882
0.11710926092609263	0.4801617741269705
0.11720792079207921	0.4795305712459386
0.11730658065806582	0.4788995146377288
0.11740524052405242	0.47826860536231347
0.11750390039003901	0.4776378444783987
0.11760256025602561	0.47700723304342035
0.11770122012201222	0.4763767721135436
0.11779987998799882	0.4757464627436595
0.11789853985398539	0.47511630598738186
0.11799719971997201	0.4744863028970456
0.11809585958595861	0.473856454523704
0.11819451945194522	0.47322676191712676
0.11829317931793179	0.47259722612579674
0.11839183918391841	0.47196784819690735
0.11849049904990501	0.47133862917636155
0.11858915891589161	0.4707095701087679
0.11868781878187819	0.47008067203743886
0.11878647864786479	0.46945193600438806
0.11888513851385141	0.46882336305032823
0.11898379837983798	0.4681949542146688
0.11908245824582459	0.4675667105355126
0.11918111811181119	0.4669386330496549
0.11927977797779779	0.46631072279257973
0.11937843784378438	0.4656829807984589
0.11947709770977098	0.4650554081001476
0.11957575757575759	0.4644280057291842
0.11967441744174419	0.4638007747157865
0.11977307730773078	0.4631737160888501
0.11987173717371738	0.46254683087594517
0.11997039703970398	0.46192012010331535
0.12006905690569059	0.46129358479587446
0.12016771677167717	0.4606672259772047
0.12026637663766378	0.4600410446695536
0.12036503650365038	0.4594150418938326
0.12046369636963697	0.4587892186696147
0.12056235623562357	0.45816357601513136
0.12066101610161017	0.4575381149472707
0.12075967596759678	0.45691283648157555
0.12085833583358337	0.45628774163224084
0.12095699569956997	0.45566283141211084
0.12105565556555657	0.455038106832678
0.12115431543154317	0.45441356890407975
0.12125297529752975	0.4537892186350969
0.12135163516351637	0.45316505703315085
0.12145029502950297	0.4525410851043015
0.12154895489548957	0.45191730385324574
0.12164761476147615	0.4512937142833142
0.12174627462746275	0.45067031739646934
0.12184493449344937	0.4500471141933037
0.12194359435943594	0.44942410567303753
0.12204225422542254	0.44880129283351605
0.12214091409140915	0.4481786766712079
0.12223957395739575	0.4475562581812029
0.12233823382338234	0.4469340383572098
0.12243689368936894	0.44631201819155353
0.12253555355535554	0.4456901986751741
0.12263421342134215	0.44506858079762396
0.12273287328732874	0.44444716554706554
0.12283153315331534	0.44382595391026947
0.12293019301930194	0.44320494687261297
0.12302885288528854	0.4425841454180762
0.12312751275127513	0.44196355052924224
0.12322617261726174	0.4413431631872929
0.12332483248324834	0.4407229843720082
0.12342349234923493	0.44010301506176375
0.12352215221522153	0.43948325623352796
0.12362081208120813	0.43886370886286147
0.12371947194719474	0.4382443739239136
0.12381813181318133	0.4376252523894216
0.12391679167916793	0.43700634523070697
0.12401545154515453	0.4363876534176753
0.12411411141114113	0.43576917791881287
0.12421277127712771	0.43515091970118525
0.12431143114311433	0.4345328797304349
0.12441009100910093	0.4339150589707794
0.12450875087508753	0.4332974583850097
0.1246074107410741	0.4326800789344877
0.12470607060706071	0.43206292157914383
0.12480473047304733	0.4314459872774763
0.1249033903390339	0.43082927698654855
0.1250020502050205	0.4302127916619862
0.12510071007100712	0.4295965322579771
0.1251993699369937	0.4289804997272679
0.1252980298029803	0.42836469502116264
0.12539668966896692	0.4277491190895206
0.1254953495349535	0.42713377288075427
0.12559400940094012	0.4265186573418282
0.12569266926692668	0.42590377341825597
0.1257913291329133	0.42528912205409924
0.12588998899889992	0.424674704191965
0.1259886488648865	0.42406052077300443
0.1260873087308731	0.42344657273691094
0.1261859685968597	0.42283286102191703
0.1262846284628463	0.4222193865647942
0.1263832883288329	0.42160615030085064
0.12648194819481948	0.4209931531639281
0.1265806080608061	0.42038039608640154
0.1266792679267927	0.41976787999917664
0.12677792779277927	0.41915560583168804
0.1268765876587659	0.4185435745118973
0.12697524752475248	0.4179317869662914
0.1270739073907391	0.41732024411988106
0.12717256725672568	0.4167089468961984
0.12727122712271227	0.4160978962172953
0.1273698869886989	0.4154870930037422
0.12746854685468548	0.41487653817462544
0.12756720672067207	0.41426623264754603
0.12766586658665868	0.4136561773386176
0.12776452645264527	0.41304637316246495
0.12786318631863186	0.4124368210322222
0.12796184618461848	0.41182752185953037
0.12806050605060507	0.41121847655453686
0.12815916591659168	0.4106096860258931
0.12825782578257827	0.4100011511807523
0.12835648564856486	0.40939287292476845
0.12845514551455148	0.4087848521620945
0.12855380538053807	0.4081770897953804
0.12865246524652466	0.407569586725772
0.12875112511251127	0.40696234385290797
0.12884978497849786	0.4063553620749201
0.12894844484448448	0.4057486422884298
0.12904710471047104	0.4051421853885478
0.12914576457645766	0.40453599226887127
0.12924442444244427	0.4039300638214834
0.12934308430843083	0.40332440093695093
0.12944174417441745	0.4027190045043226
0.12954040404040404	0.4021138754111277
0.12963906390639066	0.4015090145433748
0.12973772377237724	0.4009044227855492
0.12983638363836383	0.40030010102061214
0.12993504350435045	0.39969605012999904
0.13003370337033704	0.39909227099361716
0.13013236323632363	0.3984887644898456
0.13023102310231024	0.3978855314955322
0.13032968296829683	0.3972825728859922
0.13042834283428345	0.3966798895350078
0.13052700270027004	0.39607748231482565
0.13062566256625663	0.3954753520961547
0.13072432243224325	0.3948734997481663
0.13082298229822983	0.39427192613849155
0.13092164216421642	0.3936706321332195
0.13102030203020304	0.3930696185968971
0.13111896189618963	0.3924688863925259
0.13121762176217622	0.3918684363815618
0.13131628162816283	0.39126826942391296
0.13141494149414942	0.3906683863779386
0.13151360136013604	0.39006878810044743
0.13161226122612263	0.3894694754466962
0.13171092109210922	0.3888704492703877
0.13180958095809583	0.3882717104236704
0.13190824082408242	0.38767325975713607
0.132006900690069	0.3870750981198189
0.13210556055605563	0.38647722635919335
0.13220422042204222	0.38587964532117347
0.1323028802880288	0.38528235585011156
0.1324015401540154	0.38468535878879556
0.132500200020002	0.384088654978449
0.13259885988598863	0.38349224525872927
0.1326975197519752	0.3828961304677255
0.1327961796179618	0.382300311441958
0.1328948394839484	0.38170478901637656
0.132993499349935	0.3811095640243589
0.1330921592159216	0.38051463729771
0.1331908190819082	0.3799200096666597
0.1332894789478948	0.3793256819598622
0.1333881388138814	0.3787316550043945
0.13348679867986799	0.3781379296257549
0.1335854585458546	0.3775445066478616
0.1336841184118412	0.37695138689305185
0.13378277827782778	0.3763585711820802
0.1338814381438144	0.37576606033411725
0.13398009800980099	0.3751738551667488
0.1340787578757876	0.3745819564959736
0.1341774177417742	0.37399036513620343
0.13427607760776078	0.3733990819002606
0.1343747374737474	0.37280810759937705
0.13447339733973399	0.3722174430431935
0.13457205720572057	0.3716270890397581
0.1346707170717072	0.3710370463955244
0.13476937693769378	0.370447315915351
0.1348680368036804	0.3698578984025002
0.13496669666966699	0.36926879465863655
0.13506535653565357	0.3686800054838251
0.1351640164016402	0.3680915316765318
0.13526267626762675	0.3675033740336208
0.13536133613361337	0.36691553335035326
0.13545999599959999	0.36632801042038726
0.13555865586558657	0.365740806035776
0.13565731573157316	0.36515392098696664
0.13575597559755975	0.36456735606279883
0.13585463546354637	0.36398111205050393
0.13595329532953299	0.3633951897357042
0.13605195519551955	0.36280958990241124
0.13615061506150616	0.3622243133330242
0.13624927492749275	0.3616393608083299
0.13634793479347937	0.3610547331075014
0.13644659465946596	0.3604704310080962
0.13654525452545255	0.35988645528605545
0.13664391439143916	0.35930280671570364
0.13674257425742575	0.3587194860697465
0.13684123412341234	0.35813649411926995
0.13693989398939896	0.3575538316337399
0.13703855385538555	0.35697149938100026
0.13713721372137214	0.35638949812727294
0.13723587358735875	0.3558078286371554
0.13733453345334534	0.3552264916736204
0.13743319331933196	0.3546454879980154
0.13753185318531855	0.35406481837006093
0.13763051305130514	0.353484483547849
0.13772917291729175	0.35290448428784366
0.13782783278327834	0.35232482134487875
0.13792649264926493	0.3517454954721571
0.13802515251525155	0.3511665074212499
0.13812381238123814	0.35058785794209546
0.13822247224722473	0.3500095477829983
0.13832113211321131	0.34943157769062816
0.13841979197919793	0.34885394841001904
0.13851845184518455	0.3482766606845683
0.1386171117111711	0.34769971525603577
0.13871577157715773	0.3471231128645423
0.13881443144314431	0.34654685424856974
0.13891309130913093	0.34597094014495927
0.13901175117511752	0.3453953712889109
0.1391104110411041	0.3448201484139821
0.13920907090709073	0.34424527225208745
0.13930773077307734	0.34367074353349747
0.1394063906390639	0.3430965629868377
0.13950505050505052	0.3425227313390878
0.1396037103710371	0.3419492493155808
0.1397023702370237	0.3413761176400025
0.13980103010301032	0.34080333703438964
0.1398996899689969	0.34023090821913027
0.13999834983498352	0.33965883191296226
0.1400970097009701	0.3390871088329725
0.1401956695669567	0.33851573969459586
0.14029432943294332	0.33794472521161506
0.1403929892989299	0.33737406609615933
0.1404916491649165	0.33680376305870363
0.1405903090309031	0.3362338168080677
0.1406889688968897	0.3356642280514161
0.14078762876287632	0.33509499749425614
0.1408862886288629	0.3345261258404385
0.1409849484948495	0.33395761379215505
0.1410836083608361	0.33338946204993924
0.14118226822682267	0.33282167131266494
0.1412809280928093	0.3322542422775453
0.1413795879587959	0.33168717564013256
0.1414782478247825	0.3311204720943174
0.14157690769076908	0.33055413233232744
0.14167556755675567	0.3299881570447272
0.1417742274227423	0.3294225469204174
0.1418728872887289	0.3288573026466338
0.14197154715471547	0.32829242490894717
0.14207020702070208	0.32772791439126164
0.14216886688668867	0.3271637717758149
0.1422675267526753	0.3265999977431773
0.14236618661866188	0.32603659297225107
0.14246484648464847	0.32547355814026935
0.14256350635063508	0.32491089392279626
0.14266216621662167	0.3243486009937259
0.14276082608260826	0.32378668002528116
0.14285948594859488	0.32322513168801426
0.14295814581458147	0.32266395665080505
0.14305680568056806	0.32210315558086117
0.14315546554655467	0.3215427291437167
0.14325412541254126	0.32098267800323216
0.14335278527852788	0.32042300282159386
0.14345144514451447	0.319863704259313
0.14355010501050106	0.31930478297522513
0.14364876487648767	0.31874623962649
0.14374742474247426	0.31818807486859063
0.14384608460846085	0.3176302893553329
0.14394474447444747	0.31707288373884435
0.14404340434043406	0.316515858669575
0.14414206420642064	0.3159592147962958
0.14424072407240726	0.315402952766098
0.14433938393839385	0.3148470732243933
0.14443804380438047	0.31429157681491293
0.14453670367036703	0.3137364641797072
0.14463536353635364	0.3131817359591449
0.14473402340234026	0.3126273927919132
0.14483268326832685	0.3120734353150165
0.14493134313431344	0.31151986416377686
0.14503000300030003	0.3109666799718323
0.14512866286628665	0.31041388337113784
0.14522732273227326	0.30986147499196365
0.14532598259825982	0.3093094554628956
0.14542464246424644	0.308757825410834
0.14552330233023303	0.30820658546099405
0.14562196219621962	0.3076557362369047
0.14572062206220623	0.30710527836040846
0.14581928192819282	0.30655521245166095
0.14591794179417944	0.306005539129131
0.14601660166016603	0.3054562590095992
0.14611526152615262	0.3049073727081585
0.14621392139213923	0.3043588808382133
0.14631258125812582	0.30381078401147926
0.1464112411241124	0.30326308283798287
0.14650990099009903	0.3027157779260611
0.14660856085608562	0.3021688698823609
0.14670722072207223	0.3016223593118394
0.14680588058805882	0.30107624681776274
0.1469045404540454	0.30053053300170623
0.14700320032003203	0.2999852184635543
0.1471018601860186	0.29944030380149944
0.1472005200520052	0.2988957896120423
0.14729917991799182	0.29835167648999167
0.1473978397839784	0.2978079650284636
0.147496499649965	0.2972646558188816
0.1475951595159516	0.2967217494509758
0.1476938193819382	0.2961792465127834
0.14779247924792482	0.29563714759064774
0.14789113911391139	0.29509545326921865
0.147989798979898	0.2945541641314512
0.14808845884588462	0.2940132807586069
0.1481871187118712	0.29347280373025203
0.1482857785778578	0.2929327336242586
0.14838443844384439	0.2923930710168028
0.148483098309831	0.29185381648236625
0.1485817581758176	0.2913149705937349
0.14868041804180418	0.29077653392199865
0.1487790779077908	0.2902385070365519
0.14887773777377739	0.2897008905050927
0.14897639763976397	0.2891636848936231
0.1490750575057506	0.28862689076644826
0.14917371737173718	0.28809050868617714
0.1492723772377238	0.28755453921372154
0.14937103710371039	0.28701898290829686
0.14946969696969697	0.2864838403274205
0.1495683568356836	0.2859491120269134
0.14966701670167018	0.28541479856089874
0.14976567656765677	0.2848809004818025
0.14986433643364339	0.2843474183403523
0.14996299629962997	0.28381435268557886
0.15006165616561656	0.2832817040648147
0.15016031603160318	0.282749473023694
0.15025897589758977	0.2822176601061534
0.15035763576357639	0.28168626585443113
0.15045629562956295	0.2811552908090675
0.15055495549554956	0.2806247355089038
0.15065361536153618	0.28009460049108365
0.15075227522752277	0.2795648862910519
0.15085093509350936	0.27903559344255513
0.15094959495949595	0.27850672247764086
0.15104825482548256	0.27797827392665875
0.15114691469146918	0.27745024831825926
0.15124557455745574	0.2769226461793947
0.15134423442344236	0.27639546803531806
0.15144289428942895	0.27586871440958427
0.15154155415541554	0.2753423858240494
0.15164021402140215	0.2748164827988707
0.15173887388738874	0.27429100585250676
0.15183753375337536	0.27376595550171784
0.15193619361936195	0.2732413322615652
0.15203485348534854	0.27271713664541153
0.15213351335133515	0.27219336916492104
0.15223217321732174	0.2716700303300595
0.15233083308330833	0.27114712064909413
0.15242949294929495	0.27062464062859354
0.15252815281528154	0.2701025907734281
0.15262681268126815	0.26958097158676997
0.15272547254725474	0.26905978357009314
0.15282413241324133	0.26853902722317324
0.15292279227922795	0.2680187030440878
0.15302145214521454	0.2674988115292168
0.15312011201120113	0.266979353173242
0.15321877187718774	0.2664603284691476
0.15331743174317433	0.26594173790821996
0.15341609160916092	0.2654235819800483
0.15351475147514754	0.264905861172524
0.15361341134113413	0.2643885759718416
0.15371207120712074	0.26387172686249843
0.1538107310731073	0.2633553143272949
0.15390939093909392	0.2628393388473343
0.15400805080508054	0.26232380090202384
0.15410671067106713	0.2618087009690738
0.15420537053705372	0.26129403952449876
0.1543040304030403	0.2607798170426163
0.15440269026902692	0.260266033996049
0.15450135013501354	0.25975269085572306
0.1546000100010001	0.25923978809086984
0.15469866986698672	0.2587273261690246
0.1547973297329733	0.2582153055560281
0.1548959895989599	0.25770372671602637
0.1549946494649465	0.25719259011147
0.1550933093309331	0.2566818962031159
0.15519196919691972	0.25617164545002663
0.1552906290629063	0.2556618383095711
0.1553892889288929	0.25515247523742385
0.1554879487948795	0.25464355668756666
0.1555866086608661	0.2541350831122881
0.1556852685268527	0.25362705496218396
0.1557839283928393	0.253119472686157
0.1558825882588259	0.25261233673141814
0.1559812481248125	0.25210564754348624
0.1560799079907991	0.2515994055661887
0.1561785678567857	0.25109361124166085
0.1562772277227723	0.2505882650103478
0.15637588758875887	0.25008336731100345
0.15647454745474548	0.24957891858069128
0.1565732073207321	0.24907491925478492
0.1566718671867187	0.24857136976696814
0.15677052705270528	0.24806827054923547
0.15686918691869187	0.24756562203189206
0.15696784678467848	0.24706342464355474
0.1570665066506651	0.24656167881115182
0.15716516651665166	0.246060384959924
0.15726382638263828	0.24555954351342388
0.1573624862486249	0.2450591548935173
0.15746114611461148	0.24455921952038326
0.15755980598059807	0.2440597378125144
0.15765846584658466	0.2435607101867172
0.15775712571257128	0.2430621370581127
0.15785578557855787	0.24256401884013687
0.15795444544454446	0.24206635594454085
0.15805310531053107	0.2415691487813914
0.15815176517651766	0.24107239775907158
0.15825042504250425	0.24057610328428122
0.15834908490849087	0.24008026576203664
0.15844774477447746	0.239584885595672
0.15854640464046407	0.2390899631868396
0.15864506450645066	0.2385954989355098
0.15874372437243725	0.23810149323997187
0.15884238423842387	0.23760794649683464
0.15894104410441046	0.23711485910102684
0.15903970397039704	0.23662223144579736
0.15913836383638366	0.23613006392271596
0.15923702370237025	0.23563835692167387
0.15933568356835684	0.23514711083088433
0.15943434343434346	0.23465632603688244
0.15953300330033005	0.2341660029245267
0.15963166316631666	0.23367614187699895
0.15973032303230322	0.23318674327580502
0.15982898289828984	0.23269780750077504
0.15992764276427646	0.2322093349300645
0.16002630263026305	0.23172132594015427
0.16012496249624963	0.2312337809058518
0.16022362236223622	0.23074670020029078
0.16032228222822284	0.2302600841949325
0.16042094209420946	0.22977393325956613
0.16051960196019602	0.22928824776230958
0.16061826182618263	0.22880302806960937
0.16071692169216922	0.22831827454624198
0.1608155815581558	0.22783398755531425
0.16091424142414243	0.2273501674582637
0.16101290129012902	0.22686681461485958
0.16111156115611563	0.22638392938320306
0.16121022102210222	0.22590151211972853
0.1613088808880888	0.225419563179203
0.16140754075407543	0.22493808291472828
0.16150620062006202	0.22445707167774048
0.1616048604860486	0.22397652981801133
0.16170352035203522	0.22349645768364812
0.1618021802180218	0.22301685562109516
0.16190084008400843	0.2225377239751341
0.16199949994999502	0.22205906308888446
0.1620981598159816	0.22158087330380458
0.16219681968196822	0.22110315495969196
0.1622954795479548	0.22062590839468457
0.1623941394139414	0.22014913394526073
0.16249279927992802	0.21967283194624068
0.1625914591459146	0.21919700273078643
0.1626901190119012	0.21872164663040342
0.1627887788778878	0.2182467639749402
0.1628874387438744	0.21777235509258994
0.16298609860986102	0.21729842030989116
0.16308475847584758	0.2168249599517279
0.1631834183418342	0.21635197434133083
0.1632820782078208	0.2158794638002782
0.1633807380738074	0.21540742864849616
0.163479397939794	0.21493586920425997
0.16357805780578058	0.2144647857841942
0.1636767176717672	0.21399417870327422
0.16377537753775379	0.2135240482748265
0.16387403740374037	0.21305439481052924
0.163972697269727	0.21258521862041393
0.16407135713571358	0.2121165200128653
0.16417001700170017	0.21164829929462275
0.16426867686768679	0.21118055677078054
0.16436733673367337	0.21071329274478925
0.16446599659966	0.21024650751845644
0.16456465646564658	0.20978020139194717
0.16466331633163317	0.20931437466378477
0.16476197619761979	0.2088490276308525
0.16486063606360638	0.20838416058839349
0.16495929592959296	0.207919773830012
0.16505795579557958	0.20745586764767415
0.16515661566156617	0.20699244233170905
0.16525527552755276	0.20652949817080934
0.16535393539353938	0.20606703545203203
0.16545259525952596	0.20560505446079996
0.16555125512551258	0.2051435554809019
0.16564991499149914	0.2046825387944942
0.16574857485748576	0.20422200468210075
0.16584723472347238	0.20376195342261486
0.16594589458945896	0.20330238529329972
0.16604455445544555	0.20284330056978936
0.16614321432143217	0.20238469952608928
0.16624187418741876	0.20192658243457784
0.16634053405340538	0.20146894956600706
0.16643919391939194	0.20101180118950351
0.16653785378537855	0.200555137572569
0.16663651365136517	0.200098958981082
0.16673517351735173	0.19964326567929824
0.16683383338333835	0.19918805792985197
0.16693249324932494	0.19873333599375645
0.16703115311531155	0.19827910013040548
0.16712981298129814	0.1978253505975742
0.16722847284728473	0.19737208765141945
0.16732713271327135	0.19691931154648182
0.16742579257925794	0.1964670225356859
0.16752445244524453	0.19601522087034168
0.16762311231123114	0.1955639068001449
0.16772177217721773	0.195113080573179
0.16782043204320435	0.1946627424359155
0.16791909190919094	0.19421289263321512
0.16801775177517753	0.1937635314083289
0.16811641164116414	0.19331465900289907
0.16821507150715073	0.19286627565696057
0.16831373137313732	0.1924183816089412
0.16841239123912394	0.19197097709566352
0.16851105110511053	0.19152406235234556
0.16860971097109712	0.19107763761260188
0.16870837083708373	0.19063170310844438
0.16880703070307032	0.19018625907028405
0.16890569056905694	0.18974130572693135
0.1690043504350435	0.18929684330559765
0.16910301030103012	0.18885287203189613
0.16920167016701673	0.18840939212984298
0.16930033003300332	0.18796640382185867
0.1693989898989899	0.1875239073287686
0.1694976497649765	0.1870819028698045
0.16959630963096312	0.18664039066260563
0.1696949694969497	0.1861993709232197
0.1697936293629363	0.18575884386610392
0.1698922892289229	0.18531880970412637
0.16999094909490953	0.18487926864856705
0.1700896089608961	0.18444022090911907
0.1701882688268827	0.18400166669388932
0.1702869286928693	0.18356360620940035
0.1703855885588559	0.18312603966059116
0.1704842484248425	0.18268896725081815
0.1705829082908291	0.18225238918185668
0.1706815681568157	0.18181630565390183
0.1707802280228023	0.18138071686557014
0.17087888788878888	0.18094562301390013
0.1709775477547755	0.18051102429435392
0.1710762076207621	0.18007692090081823
0.17117486748674868	0.17964331302560582
0.1712735273527353	0.17921020085945605
0.17137218721872188	0.17877758459153692
0.1714708470847085	0.17834546440944588
0.1715695069506951	0.1779138404992109
0.17166816681668168	0.1774827130452917
0.1717668266826683	0.17705208223058136
0.17186548654865488	0.17662194823640723
0.17196414641464147	0.1761923112425323
0.1720628062806281	0.17576317142715586
0.17216146614661468	0.17533452896691593
0.1722601260126013	0.1749063840368892
0.17235878587858786	0.17447873681059353
0.17245744574457447	0.1740515874599879
0.1725561056105611	0.17362493615547478
0.17265476547654765	0.17319878306590097
0.17275342534253427	0.17277312835855846
0.17285208520852086	0.17234797219918652
0.17295074507450747	0.17192331475197228
0.17304940494049406	0.1714991561795527
0.17314806480648065	0.17107549664301477
0.17324672467246727	0.17065233630189813
0.17334538453845386	0.1702296753141954
0.17344404440444045	0.16980751383635412
0.17354270427042706	0.16938585202327722
0.17364136413641365	0.16896469002832543
0.17374002400240027	0.16854402800331775
0.17383868386838686	0.16812386609853308
0.17393734373437345	0.16770420446271153
0.17403600360036006	0.16728504324305585
0.17413466346634665	0.16686638258523256
0.17423332333233324	0.1664482226333734
0.17433198319831986	0.16603056353007667
0.17443064306430645	0.16561340541640873
0.17452930293029303	0.16519674843190513
0.17462796279627965	0.1647805927145719
0.17472662266226624	0.16436493840088728
0.17482528252825286	0.16394978562580287
0.17492394239423945	0.16353513452274504
0.17502260226022603	0.16312098522361587
0.17512126212621265	0.16270733785879557
0.17521992199219924	0.16229419255714286
0.17531858185818583	0.16188154944599698
0.17541724172417245	0.16146940865117848
0.17551590159015903	0.16105777029699136
0.17561456145614562	0.16064663450622413
0.1757132213221322	0.16023600140015093
0.17581188118811883	0.1598258710985333
0.17591054105410545	0.15941624371962174
0.176009200920092	0.15900711938015688
0.17610786078607862	0.15859849819537053
0.1762065206520652	0.15819038027898794
0.17630518051805183	0.15778276574322891
0.17640384038403842	0.15737565469880893
0.176502500250025	0.15696904725494065
0.17660116011601162	0.15656294351933595
0.1766998199819982	0.15615734359820674
0.1767984798479848	0.15575224759626688
0.17689713971397142	0.15534765561673292
0.176995799579958	0.15494356776132656
0.1770944594459446	0.15453998413027556
0.1771931193119312	0.15413690482231499
0.1772917791779178	0.15373432993468933
0.17739043904390442	0.15333225956315352
0.177489098909891	0.15293069380197455
0.1775877587758776	0.15252963274393283
0.1776864186418642	0.1521290764803242
0.1777850785078508	0.15172902510096067
0.1778837383738374	0.15132947869417276
0.177982398239824	0.15093043734681
0.1780810581058106	0.15053190114424347
0.1781797179717972	0.1501338701703667
0.17827837783778377	0.14973634450759746
0.1783770377037704	0.14933932423687907
0.178475697569757	0.14894280943768196
0.17857435743574357	0.14854680018800567
0.17867301730173019	0.14815129656437967
0.17877167716771677	0.14775629864186532
0.1788703370337034	0.14736180649405767
0.17896899689968998	0.14696782019308624
0.17906765676567657	0.1465743398096172
0.17916631663166319	0.14618136541285492
0.1792649764976498	0.14578889707054335
0.17936363636363636	0.1453969348489675
0.17946229622962298	0.14500547881295509
0.17956095609560957	0.14461452902587835
0.1796596159615962	0.1442240855496554
0.17975827582758278	0.1438341484447519
0.17985693569356936	0.14344471777018236
0.17995559555955598	0.14305579358351211
0.18005425542554257	0.14266737594085913
0.18015291529152916	0.14227946489689458
0.18025157515751578	0.14189206050484574
0.18035023502350236	0.1415051628164966
0.18044889488948895	0.14111877188219027
0.18054755475547557	0.14073288775082965
0.18064621462146216	0.14034751046988006
0.18074487448744878	0.13996264008537018
0.18084353435343536	0.1395782766418941
0.18094219421942195	0.13919442018261247
0.18104085408540857	0.1388110707492545
0.18113951395139516	0.13842822838211985
0.18123817381738175	0.13804589312007962
0.18133683368336836	0.13766406500057815
0.18143549354935495	0.13728274405963536
0.18153415341534154	0.13690193033184767
0.18163281328132813	0.1365216238503897
0.18173147314731475	0.13614182464701635
0.18183013301330136	0.1357625327520642
0.18192879287928793	0.13538374819445317
0.18202745274527454	0.13500547100168828
0.18212611261126113	0.13462770119986112
0.18222477247724775	0.13425043881365212
0.18232343234323434	0.13387368386633153
0.18242209220922093	0.13349743637976128
0.18252075207520754	0.13312169637439694
0.18261941194119413	0.13274646386928954
0.18271807180718072	0.13237173888208667
0.18281673167316734	0.13199752142903445
0.18291539153915393	0.13162381152497962
0.18301405140514052	0.13125060918337078
0.18311271127112713	0.13087791441626023
0.18321137113711372	0.13050572723430579
0.18331003100310034	0.1301340476467724
0.18340869086908693	0.1297628756615341
0.18350735073507352	0.12939221128507514
0.18360601060106013	0.12902205452249257
0.18370467046704672	0.12865240537749742
0.1838033303330333	0.12828326385241648
0.18390199019901993	0.12791462994819405
0.18400065006500652	0.12754650366439402
0.18409930993099313	0.1271788849992012
0.18419796979697972	0.1268117739494233
0.1842966296629663	0.1264451705104925
0.18439528952895293	0.12607907467646753
0.1844939493949395	0.12571348644003524
0.1845926092609261	0.12534840579251208
0.18469126912691272	0.12498383272384646
0.1847899289928993	0.12461976722262025
0.1848885888588859	0.12425620927605034
0.1849872487248725	0.12389315886999064
0.1850859085908591	0.12353061598893403
0.18518456845684572	0.1231685806160138
0.18528322832283228	0.12280705273300577
0.1853818881888189	0.12244603232032955
0.1854805480548055	0.12208551935705124
0.1855792079207921	0.12172551382088416
0.1856778677867787	0.12136601568819169
0.18577652765276528	0.12100702493398816
0.1858751875187519	0.12064854153194134
0.1859738473847385	0.12029056545437403
0.18607250725072508	0.11993309667226551
0.1861711671167117	0.11957613515525413
0.18626982698269828	0.11921968087163846
0.18636848684868487	0.11886373378837937
0.1864671467146715	0.11850829387110193
0.18656580658065808	0.11815336108409699
0.1866644664466447	0.11779893539032342
0.18676312631263128	0.11744501675140974
0.18686178617861787	0.11709160512765557
0.1869604460446045	0.11673870047803421
0.18705910591059108	0.11638630276019407
0.18715776577657767	0.11603441193046056
0.18725642564256428	0.11568302794383784
0.18735508550855087	0.11533215075401097
0.18745374537453746	0.11498178031334755
0.18755240524052405	0.11463191657289962
0.18765106510651067	0.1142825594824055
0.18774972497249728	0.11393370899029191
0.18784838483848385	0.11358536504367563
0.18794704470447046	0.113237527588365
0.18804570457045708	0.11289019656886262
0.18814436443644367	0.1125433719283667
0.18824302430243026	0.11219705360877312
0.18834168416841685	0.1118512415506769
0.18844034403440346	0.11150593569337482
0.18853900390039008	0.11116113597486674
0.18863766376637664	0.11081684233185796
0.18873632363236326	0.11047305469976042
0.18883498349834985	0.1101297730126954
0.18893364336433643	0.10978699720349495
0.18903230323032305	0.10944472720370377
0.18913096309630964	0.10910296294358147
0.18922962296229626	0.10876170435210425
0.18932828282828285	0.10842095135696678
0.18942694269426943	0.1080807038845842
0.18952560256025605	0.10774096186009394
0.18962426242624264	0.10740172520735798
0.18972292229222923	0.10706299384896435
0.18982158215821585	0.10672476770622916
0.18992024202420243	0.1063870466991989
0.19001890189018905	0.10604983074665184
0.19011756175617564	0.10571311976610041
0.19021622162216223	0.10537691367379276
0.19031488148814885	0.105041212384715
0.1904135413541354	0.10470601581259326
0.19051220122012202	0.10437132386989499
0.19061086108610864	0.10403713646783176
0.19070952095209523	0.10370345351636052
0.19080818081808182	0.10337027492418618
0.1909068406840684	0.10303760059876274
0.19100550055005502	0.10270543044629625
0.19110416041604164	0.10237376437174601
0.1912028202820282	0.10204260227882692
0.19130148014801482	0.10171194407001119
0.1914001400140014	0.10138178964653059
0.19149879987998802	0.1010521389083782
0.1915974597459746	0.10072299175431064
0.1916961196119612	0.1003943480818498
0.19179477947794782	0.10006620778728477
0.1918934393439344	0.09973857076567437
0.191992099209921	0.09941143691084821
0.1920907590759076	0.09908480611540971
0.1921894189418942	0.09875867827073731
0.1922880788078808	0.09843305326698693
0.1923867386738674	0.09810793099309353
0.192485398539854	0.09778331133677372
0.1925840584058406	0.09745919418452709
0.1926827182718272	0.09713557942163889
0.1927813781378138	0.09681246693218132
0.1928800380038004	0.09648985659901613
0.192978697869787	0.09616774830379644
0.19307735773577359	0.0958461419269687
0.1931760176017602	0.09552503734777457
0.1932746774677468	0.09520443444425326
0.19337333733373338	0.0948843330932435
0.19347199719972	0.0945647331703852
0.1935706570657066	0.09424563455012197
0.1936693169316932	0.09392703710570272
0.19376797679767976	0.09360894070918414
0.19386663666366638	0.09329134523143222
0.193965296529653	0.0929742505421247
0.1940639563956396	0.09265765650975293
0.19416261626162618	0.09234156300162394
0.19426127612761276	0.09202596988386236
0.19435993599359938	0.09171087702141272
0.194458595859586	0.09139628427804146
0.19455725572557256	0.0910821915163386
0.19465591559155918	0.09076859859772023
0.19475457545754576	0.09045550538243038
0.19485323532353235	0.09014291172954314
0.19495189518951897	0.08983081749696448
0.19505055505550556	0.08951922254143473
0.19514921492149218	0.08920812671853033
0.19524787478747876	0.08889752988266597
0.19534653465346535	0.08858743188709661
0.19544519451945197	0.08827783258391966
0.19554385438543856	0.087968731824077
0.19564251425142515	0.08766012945735706
0.19574117411741176	0.08735202533239667
0.19583983398339835	0.08704441929668358
0.19593849384938497	0.08673731119655814
0.19603715371537156	0.08643070087721581
0.19613581358135815	0.08612458818270843
0.19623447344734476	0.08581897295594734
0.19633313331333133	0.08551385503870486
0.19643179317931794	0.08520923427161615
0.19653045304530456	0.08490511049418202
0.19662911291129115	0.08460148354477053
0.19672777277727774	0.08429835326061913
0.19682643264326435	0.0839957194778367
0.19692509250925094	0.08369358203140594
0.19702375237523756	0.08339194075518518
0.19712241224122412	0.08309079548191071
0.19722107210721074	0.08279014604319848
0.19731973197319733	0.08248999226954681
0.19741839183918392	0.0821903339903379
0.19751705170517053	0.08189117103384022
0.19761571157115712	0.08159250322721082
0.19771437143714374	0.08129433039649694
0.19781303130313035	0.08099665236663865
0.19791169116911694	0.08069946896147048
0.1980103510351035	0.08040278000372411
0.19810901090109012	0.08010658531502955
0.1982076707670767	0.07981088471591845
0.19830633063306333	0.07951567802582535
0.19840499049904992	0.07922096506309015
0.19850365036503653	0.07892674564496012
0.19860231023102312	0.07863301958759214
0.19870097009700974	0.07833978670605461
0.1987996299629963	0.07804704681433011
0.19889828982898292	0.0777547997253165
0.1989969496949695	0.07746304525083017
0.19909560956095612	0.07717178320160768
0.1991942694269427	0.07688101338730777
0.19929292929292933	0.0765907356165137
0.19939158915891592	0.07630094969673537
0.19949024902490248	0.07601165543441152
0.1995889088908891	0.07572285263491135
0.19968756875687568	0.07543454110253758
0.1997862286228623	0.07514672064052787
0.19988488848884892	0.0748593910510572
0.1999835483548355	0.07457255213524011
0.20008220822082212	0.0742862036931326
0.2001808680868087	0.07400034552373463
0.20027952795279527	0.07371497742499206
0.2003781878187819	0.07343009919379845
0.20047684768476848	0.07314571062599798
0.2005755075507551	0.07286181151638714
0.20067416741674168	0.0725784016587169
0.2007728272827283	0.07229548084569491
0.20087148714871492	0.07201304886898773
0.20097014701470148	0.071731105519223
0.20106880688068807	0.07144965058599119
0.20116746674667468	0.07116868385784848
0.20126612661266127	0.07088820512231854
0.2013647864786479	0.07060821416589447
0.20146344634463448	0.07032871077404154
0.2015621062106211	0.0700496947311987
0.2016607660766077	0.06977116582078129
0.20175942594259427	0.06949312382518312
0.20185808580858086	0.06921556852577802
0.20195674567456748	0.06893849970292303
0.20205540554055407	0.06866191713595997
0.20215406540654068	0.06838582060321748
0.20225272527252727	0.0681102098820137
0.2023513851385139	0.06783508474865801
0.20245004500450045	0.06756044497845357
0.20254870487048704	0.06728629034569894
0.20264736473647366	0.067012620623691
0.20274602460246027	0.06673943558472656
0.20284468446844686	0.06646673500010486
0.20294334433443348	0.06619451864012964
0.20304200420042007	0.0659227862741113
0.20314066406640668	0.06565153767036905
0.20323932393239325	0.06538077259623339
0.20333798379837983	0.06511049081804773
0.20343664366436645	0.06484069210117115
0.20353530353035304	0.06457137620998045
0.20363396339633966	0.06430254290787207
0.20373262326232627	0.0640341919572646
0.20383128312831286	0.0637663231196009
0.20392994299429942	0.06349893615535018
0.20402860286028604	0.06323203082401008
0.20412726272627263	0.06296560688410931
0.20422592259225925	0.06269966409320953
0.20432458245824583	0.06243420220790762
0.20442324232423245	0.06216922098383778
0.20452190219021904	0.06190472017567397
0.20462056205620566	0.06164069953713188
0.20471922192219222	0.061377158820971334
0.20481788178817883	0.06111409777899805
0.20491654165416542	0.060851516162066445
0.20501520152015204	0.06058941372008164
0.20511386138613863	0.06032779020200142
0.20521252125212525	0.0600666453558387
0.20531118111811184	0.05980597892866367
0.2054098409840984	0.05954579066660605
0.205508500850085	0.059286080314856875
0.2056071607160716	0.05902684761767149
0.20570582058205822	0.05876809231837124
0.20580448044804484	0.05850981415934563
0.20590314031403142	0.0582520128820548
0.20600180018001804	0.05799468822703165
0.20610046004600463	0.05773783993388402
0.2061991199119912	0.05748146774129702
0.2062977797779778	0.057225571387034685
0.2063964396439644	0.05697015060794321
0.206495099509951	0.056715205139952304
0.20659375937593763	0.05646073471807789
0.20669241924192422	0.05620673907642397
0.20679107910791084	0.055953217948185106
0.2068897389738974	0.05570017106564867
0.20698839883988399	0.055447598160196565
0.2070870587058706	0.05519549896230822
0.2071857185718572	0.0549438732015623
0.2072843784378438	0.05469272060663899
0.2073830383038304	0.054442040905322335
0.207481698169817	0.054191833824502406
0.20758035803580363	0.053942099090177484
0.2076790179017902	0.05369283642745643
0.20777767776777678	0.05344404556056052
0.2078763376337634	0.05319572621282623
0.20797499749975	0.05294787810670714
0.2080736573657366	0.05270050096377612
0.2081723172317232	0.05245359450472778
0.2082709770977098	0.052207158449380286
0.20836963696369637	0.05196119251667833
0.20846829682968296	0.05171569642469429
0.20856695669566958	0.05147066989063152
0.2086656165616562	0.051226112630825944
0.20876427642764278	0.05098202436074844
0.2088629362936294	0.050738404795007234
0.208961596159616	0.05049525364734974
0.2090602560256026	0.05025257063066528
0.20915891589158916	0.050010355456987024
0.20925757575757575	0.04976860783749403
0.20935623562356237	0.049527327482513976
0.20945489548954896	0.049286514101525035
0.20955355535553558	0.0490461674031582
0.2096522152215222	0.04880628709519959
0.20975087508750878	0.04856687288459252
0.20984953495349534	0.048327924477439964
0.20994819481948196	0.0480894415790063
0.21004685468546855	0.047851423893720255
0.21014551455145516	0.0476138711251767
0.21024417441744175	0.047376782976138905
0.21034283428342837	0.04714015914854086
0.210441494149415	0.04690399934348942
0.21054015401540158	0.04666830326126667
0.21063881388138814	0.04643307060133221
0.21073747374737475	0.0461983010623249
0.21083613361336134	0.0459639943420658
0.21093479347934796	0.04573015013755993
0.21103345334533455	0.0454967681449987
0.21113211321132117	0.04526384805976217
0.21123077307730775	0.045031389576421034
0.21132943294329432	0.044799392388739236
0.21142809280928093	0.04456785618967568
0.21152675267526755	0.04433678067138702
0.21162541254125414	0.04410616552522981
0.21172407240724075	0.043876010441762286
0.21182273227322734	0.043646315110747035
0.21192139213921396	0.0434170792211532
0.21202005200520055	0.04318830246115849
0.2121187118711871	0.04295998451815174
0.21221737173717373	0.042732125078734584
0.21231603160316032	0.04250472382872448
0.21241469146914693	0.042277780453156305
0.21251335133513355	0.04205129463628491
0.21261201120112014	0.04182526606158723
0.21271067106710675	0.04159969441176456
0.21280933093309332	0.0413745793687449
0.2129079907990799	0.04114992061368474
0.21300665066506652	0.040925717826972074
0.2131053105310531	0.040701970688227854
0.21320397039703973	0.04047867887630887
0.21330263026302632	0.04025584206930947
0.21340129012901293	0.04003345994456404
0.21349994999499955	0.039811532178649314
0.2135986098609861	0.039590058447386514
0.2136972697269727	0.03936903842584336
0.21379592959295932	0.03914847178833676
0.2138945894589459	0.03892835820843476
0.21399324932493252	0.038708697358958835
0.2140919091909191	0.03848948891198608
0.21419056905690573	0.038270732538851486
0.2142892289228923	0.038052427910150316
0.21438788878887888	0.03783457469573991
0.2144865486548655	0.0376171725647424
0.2145852085208521	0.037400221185546804
0.2146838683868387	0.03718372022581108
0.21478252825282532	0.03696766935246457
0.2148811881188119	0.03675206823171006
0.21497984798479852	0.03653691652902629
0.21507850785078508	0.036322213909169794
0.21517716771677167	0.036107960036177354
0.2152758275827583	0.035894154573368316
0.2153744874487449	0.035680797183346685
0.2154731473147315	0.03546788752800331
0.2155718071807181	0.03525542526851848
0.2156704670467047	0.03504341006536349
0.21576912691269126	0.0348318415783035
0.21586778677867788	0.03462071946639938
0.21596644664466447	0.034410043388010174
0.21606510651065108	0.03419981300079522
0.21616376637663767	0.03399002796171629
0.2162624262426243	0.03378068792704015
0.2163610861086109	0.033571792552340385
0.2164597459745975	0.03336334149249976
0.21655840584058406	0.03315533440171263
0.21665706570657067	0.03294777093348686
0.21675572557255726	0.03274065074064632
0.21685438543854388	0.032533973475332954
0.21695304530453047	0.03232773878900915
0.21705170517051708	0.03212194633245977
0.21715036503650367	0.03191659575579457
0.21724902490249023	0.03171168670845027
0.21734768476847685	0.031507218839192684
0.21744634463446347	0.031303191796119366
0.21754500450045006	0.03109960522666133
0.21764366436643667	0.030896458777585744
0.21774232423242326	0.030693752094997664
0.21784098409840988	0.03049148482434267
0.21793964396439647	0.030289656610408736
0.21803830383038303	0.03008826709732897
0.21813696369636965	0.029887315928582982
0.21823562356235623	0.029686802746999995
0.21833428342834285	0.02948672719476058
0.21843294329432947	0.02928708891339891
0.21853160316031606	0.02908788754380516
0.21863026302630267	0.028889122726227418
0.21872892289228923	0.028690794100274322
0.21882758275827582	0.028492901304916673
0.21892624262426244	0.0282954439784903
0.21902490249024903	0.028098421758697863
0.21912356235623565	0.02790183428261137
0.21922222222222226	0.027705681186673863
0.21932088208820885	0.02750996210670227
0.21941954195419547	0.027314676677889088
0.21951820182018203	0.027119824534805
0.21961686168616862	0.026925405311400707
0.21971552155215524	0.02673141864100942
0.21981418141814182	0.02653786415634903
0.21991284128412844	0.026344741489524166
0.22001150115011503	0.02615205027202854
0.22011016101610165	0.025959790134747047
0.2202088208820882	0.025767960707958112
0.22030748074807482	0.025576561621335727
0.2204061406140614	0.025385592503951625
0.22050480048004803	0.025195052984277832
0.22060346034603462	0.02500494269018844
0.22070212021202124	0.02481526124896212
0.22080078007800782	0.024626008287284007
0.22089943994399444	0.024437183431248264
0.220998099809981	0.024248786306360032
0.2210967596759676	0.024060816537537454
0.2211954195419542	0.02387327374911445
0.22129407940794082	0.023686157564842405
0.2213927392739274	0.023499467607892514
0.22149139913991403	0.023313203500858023
0.22159005900590062	0.02312736486575631
0.22168871887188718	0.0229419513240313
0.2217873787378738	0.022756962496555212
0.22188603860386039	0.022572398003631197
0.221984698469847	0.02238825746499547
0.2220833583358336	0.02220454049981924
0.2221820182018202	0.022021246726711075
0.22228067806780683	0.02183837576371899
0.22237933793379341	0.021655927228332785
0.22247799779977998	0.02147390073748626
0.2225766576657666	0.021292295907558947
0.22267531753175318	0.021111112354378785
0.2227739773977398	0.02093034969322411
0.2228726372637264	0.02075000753882593
0.222971297129713	0.020570085505370025
0.22306995699569962	0.02039058320649893
0.22316861686168615	0.020211500255314548
0.22326727672767277	0.020032836264379846
0.2233659365936594	0.01985459084572143
0.22346459645964598	0.019676763610831476
0.2235632563256326	0.01949935417067
0.22366191619161918	0.01932236213566691
0.2237605760576058	0.019145787115724417
0.2238592359235924	0.01896962872021888
0.22395789578957895	0.01879388655800335
0.22405655565556556	0.01861856023740924
0.22415521552155218	0.018443649366248913
0.22425387538753877	0.018269153551817775
0.2243525352535254	0.01809507240089626
0.22445119511951198	0.017921405519752145
0.2245498549854986	0.017748152514142638
0.22464851485148515	0.01757531298931658
0.22474717471747174	0.017402886550016462
0.22484583458345836	0.01723087280048087
0.22494449444944495	0.017059271344446274
0.22504315431543157	0.016888081785149597
0.22514181418141818	0.01671730372532986
0.22524047404740477	0.016546936767230836
0.2253391339133914	0.016376980512602925
0.22543779377937795	0.0162074345627053
0.22553645364536454	0.016038298518308014
0.22563511351135115	0.015869571979694373
0.22573377337733774	0.01570125454666299
0.22583243324332436	0.01553334581852968
0.22593109310931095	0.015365845394129937
0.22602975297529757	0.015198752871820912
0.22612841284128413	0.015032067849483573
0.22622707270727074	0.014865789924524775
0.22632573257325733	0.01469991869387947
0.22642439243924395	0.014534453754012992
0.22652305230523054	0.014369394700922803
0.22662171217121715	0.01420474113014096
0.22672037203720374	0.014040492636736238
0.22681903190319036	0.013876648815315876
0.22691769176917692	0.013713209260028407
0.2270163516351635	0.013550173564564885
0.22711501150115013	0.013387541322161703
0.22721367136713674	0.013225312125602622
0.22731233123312333	0.013063485567220569
0.22741099109910995	0.01290206123890011
0.22750965096509654	0.012741038732079251
0.2276083108310831	0.012580417637751957
0.22770697069706972	0.012420197546469643
0.2278056305630563	0.012260378048344052
0.22790429042904292	0.012100958733048787
0.22800295029502954	0.011941939189821674
0.22810161016101613	0.01178331900746687
0.22820027002700274	0.0116250977743568
0.22829892989298933	0.01146727507843451
0.2283975897589759	0.011309850507215636
0.2284962496249625	0.011152823647790302
0.2285949094909491	0.010996194086825757
0.22869356935693572	0.010839961410567872
0.2287922292229223	0.010684125204843782
0.22889088908890892	0.010528685055063512
0.22898954895489554	0.010373640546222383
0.2290882088208821	0.010218991262903107
0.2291868686868687	0.010064736789277441
0.2292855285528553	0.009910876709108899
0.2293841884188419	0.00975741060575452
0.2294828482848285	0.009604338062166972
0.2295815081508151	0.009451658660896556
0.22968016801680172	0.00929937198409356
0.2297788278827883	0.009147477613510025
0.22987748774877487	0.008995975130502156
0.22997614761476148	0.008844864116031973
0.2300748074807481	0.008694144150669726
0.2301734673467347	0.008543814814596023
0.2302721272127213	0.00839387568760356
0.2303707870787079	0.008244326349099565
0.2304694469446945	0.008095166378107525
0.23056810681068107	0.00794639535326956
0.23066676667666766	0.0077980128528482694
0.23076542654265428	0.007650018454728951
0.23086408640864087	0.0075024117364215544
0.23096274627462748	0.007355192275062811
0.2310614061406141	0.007208359647418253
0.2311600660066007	0.00706191342988428
0.2312587258725873	0.006915853198490357
0.23135738573857387	0.006770178528900715
0.23145604560456046	0.006624888996416672
0.23155470547054707	0.006479984175978868
0.23165336533653366	0.0063354636421687725
0.23175202520252028	0.0061913269692112465
0.2318506850685069	0.006047573730976393
0.23194934493449348	0.005904203500981463
0.23204800480048005	0.005761215852393143
0.23214666466646666	0.005618610358029485
0.23224532453245325	0.005476386590361679
0.23234398439843987	0.00533454412151685
0.23244264426442646	0.005193082523279272
0.23254130413041307	0.005052001367092665
0.23263996399639966	0.004911300224062501
0.23273862386238628	0.004770978664957712
0.23283728372837284	0.004631036260212898
0.23293594359435946	0.004491472579930124
0.23303460346034605	0.004352287193881231
0.23313326332633266	0.0042134796715097116
0.23323192319231925	0.004075049581932669
0.23333058305830587	0.003936996493943154
0.23342924292429246	0.00379931997601163
0.23352790279027902	0.003662019596288518
0.23362656265626564	0.0035250949226057733
0.23372522252225222	0.003388545522479417
0.23382388238823884	0.0032523709631108975
0.23392254225422546	0.0031165708113897023
0.23402120212021205	0.0029811446338949463
0.23411986198619866	0.002846091996897717
0.23421852185218525	0.0027114124663625634
0.2343171817181718	0.00257710560795021
0.23441584158415843	0.0024431709870187173
0.23451450145014502	0.0023096081686264087
0.23461316131613164	0.002176416717532893
0.23471182118211822	0.002043596198201915
0.23481048104810484	0.0019111461748028075
0.23490914091409146	0.0017790662112126
0.23500780078007802	0.0016473558710181527
0.2351064606460646	0.0015160147175178372
0.23520512051205122	0.001385042313723942
0.2353037803780378	0.0012544382223641998
0.23540244024402443	0.00112420200588421
0.23550110011001102	0.000994333226448927
0.23559975997599764	0.0008648314459450267
0.23569841984198422	0.000735696225982841
0.23579707970797079	0.0006069271278980225
0.2358957395739574	0.0004785237127538113
0.23599439943994402	0.00035048554134279675
0.2360930593059306	0.00022281217418920366
0.23619171917191722	9.550317155040063e-05
0.2362903790379038	3.144190658069672e-05
0.23638903890389043	0.00015802350047417564
0.236487698769877	0.0002842420506605288
0.23658635863586358	0.00041009799792937916
0.2366850185018502	0.0005355917833270575
0.23678367836783681	0.000660723848154783
0.2368823382338234	0.0007854946339667265
0.23698099809981002	0.0009099045825681917
0.2370796579657966	0.0010339541360135228
0.23717831783178323	0.0011576437366040812
0.2372769776977698	0.0012809738268865808
0.23737563756375638	0.0014039448496510844
0.237474297429743	0.0015265572479287275
0.23757295729572958	0.0016488114649903449
0.2376716171617162	0.0017707079443439915
0.23777027702770281	0.0018922471297334715
0.2378689368936894	0.002013429465136131
0.23796759675967596	0.002134255394761029
0.23806625662566258	0.0022547253630471357
0.23816491649164917	0.0023748398146611555
0.2382635763576358	0.002494599194495794
0.23836223622362238	0.0026140039476678515
0.238460896089609	0.0027330545195162754
0.23855955595559558	0.0028517513556000633
0.2386582158215822	0.0029700949016969137
0.23875687568756876	0.003088085603800509
0.23885553555355538	0.0032057239081194205
0.23895419541954196	0.0033230102610746007
0.23905285528552858	0.0034399451092979043
0.23915151515151517	0.0035565288996298994
0.2392501750175018	0.003672762079118106
0.23934883488348838	0.003788645095015197
0.23944749474947494	0.0039041783947767685
0.23954615461546155	0.004019362426060108
0.23964481448144814	0.004134197636721524
0.23974347434743476	0.004248684474815066
0.23984213421342138	0.004362823388590235
0.23994079407940797	0.00447661482649047
0.24003945394539458	0.004590059237150994
0.24013811381138117	0.004703157069397093
0.24023677367736773	0.004815908772242113
0.24033543354335435	0.004928314794885925
0.24043409340934094	0.005040375586712505
0.24053275327532755	0.0051520915972886605
0.24063141314131414	0.0052634632763616665
0.24073007300730076	0.005374491073857851
0.24082873287328738	0.005485175439880355
0.24092739273927394	0.0055955168247075115
0.24102605260526053	0.005705515678791022
0.24112471247124714	0.005815172452753944
0.24122337233723373	0.005924487597388911
0.24132203220322035	0.006033461563656306
0.24142069206920694	0.006142094802682526
0.24151935193519355	0.006250387765757905
0.24161801180118017	0.006358340904335122
0.24171667166716673	0.006465954670027068
0.24181533153315332	0.006573229514605499
0.24191399139913994	0.006680165889998769
0.24201265126512653	0.0067867642482900455
0.24211131113111314	0.006893025041715735
0.24220997099709973	0.006998948722663437
0.24230863086308635	0.00710453574367033
0.2424072907290729	0.007209786557420967
0.2425059505950595	0.007314701616746084
0.24260461046104612	0.007419281374620157
0.24270327032703273	0.007523526284159971
0.24280193019301932	0.007627436798622734
0.24290059005900594	0.007731013371404174
0.24299924992499253	0.007834256456036866
0.24309790979097914	0.007937166506188304
0.2431965696569657	0.00803974397565933
0.2432952295229523	0.008141989318382113
0.2433938893889389	0.008243902988418428
0.2434925492549255	0.008345485439957839
0.24359120912091212	0.008446737127316023
0.24368986898689873	0.008547658504932837
0.24378852885288532	0.008648250027370755
0.24388718871887188	0.008748512149312724
0.2439858485848585	0.008848445325560788
0.2440845084508451	0.008948050011034143
0.2441831683168317	0.00904732666076721
0.2442818281828183	0.00914627572990819
0.2443804880488049	0.009244897673716976
0.2444791479147915	0.009343192947563604
0.24457780778077812	0.009441162006926488
0.24467646764676468	0.009538805307390442
0.2447751275127513	0.00963612330464524
0.24487378737873788	0.009733116454483685
0.2449724472447245	0.009829785212799775
0.2450711071107111	0.009926130035587136
0.2451697669766977	0.010022151378937116
0.2452684268426843	0.010117849699037246
0.24536708670867086	0.01021322545216931
0.24546574657465747	0.010308279094707681
0.2455644064406441	0.01040301108311758
0.24566306630663068	0.010497421873953363
0.2457617261726173	0.010591511923856715
0.24586038603860388	0.010685281689555022
0.2459590459045905	0.01077873162785964
0.2460577057705771	0.010871862195664033
0.24615636563656365	0.010964673849942182
0.24625502550255027	0.01105716704774702
0.24635368536853686	0.011149342246208296
0.24645234523452347	0.011241199902531225
0.2465510051005101	0.011332740473994584
0.24664966496649668	0.011423964417949233
0.2467483248324833	0.01151487219181616
0.24684698469846986	0.01160546425308478
0.24694564456445645	0.011695741059311576
0.24704430443044306	0.011785703068118011
0.24714296429642965	0.011875350737188973
0.24724162416241627	0.01196468452427115
0.24734028402840286	0.012053704887171314
0.24743894389438947	0.012142412283754568
0.2475376037603761	0.012230807171942696
0.24763626362636265	0.012318890009712525
0.24773492349234924	0.012406661255094254
0.24783358335833586	0.01249412136616973
0.24793224322432245	0.012581270801070722
0.24803090309030906	0.012668110017977425
0.24812956295629565	0.012754639475116576
0.24822822282228227	0.012840859630760012
0.24832688268826883	0.01292677094322281
0.24842554255425542	0.013012373870861819
0.24852420242024204	0.013097668872073849
0.24862286228622865	0.013182656405294058
0.24872152215221524	0.013267336928994324
0.24882018201820186	0.013351710901681624
0.24891884188418845	0.013435778781896382
0.24901750175017506	0.01351954102821067
0.24911616161616162	0.013602998099226831
0.2492148214821482	0.013686150453575715
0.24931348134813483	0.01376899854991499
0.24941214121412142	0.01385154284692758
0.24951080108010804	0.013933783803319959
0.24960946094609465	0.014015721877820728
0.24970812081208124	0.014097357529178756
0.2498067806780678	0.014178691216161582
0.24990544054405442	0.01425972339755409
0.250004100410041	0.014340454532156452
0.2501027602760276	0.014420885078782905
0.25020142014201424	0.014501015496259895
0.2503000800080008	0.014580846243424551
0.2503987398739874	0.014660377779123048
0.25049739973997404	0.01473961056220916
0.2505960596059606	0.014818545051542426
0.2506947194719472	0.014897181705986768
0.25079337933793383	0.014975520984408778
0.2508920392039204	0.015053563345676091
0.250990699069907	0.015131309248655937
0.2510893589358936	0.015208759152213406
0.25118801880188024	0.015285913515210015
0.2512866786678668	0.01536277279650202
0.25138533853385336	0.015439337454938959
0.25148399839984	0.015515607949361854
0.2515826582658266	0.015591584738601855
0.2516813181318132	0.015667268281478637
0.25177997799779983	0.015742659036798754
0.2518786378637864	0.015817757463354155
0.251977297729773	0.015892564019920574
0.25207595759575957	0.015967079165255967
0.2521746174617462	0.016041303358099133
0.2522732773277328	0.01611523705716778
0.2523719371937194	0.016188880721157425
0.252470597059706	0.01626223480873957
0.2525692569256926	0.016335299778560172
0.2526679167916792	0.016408076089238267
0.2527665766576658	0.01648056419936417
0.2528652365236524	0.016552764567498362
0.25296389638963895	0.016624677652169483
0.25306255625562557	0.016696303911873066
0.2531612161216122	0.016767643805069954
0.2532598759875988	0.016838697790184924
0.2533585358535854	0.016909466325604878
0.253457195719572	0.016979949869677546
0.25355585558555854	0.01705014888070985
0.25365451545154516	0.0171200638169666
0.2537531753175318	0.01718969513666877
0.2538518351835184	0.017259043297991966
0.25395049504950495	0.017328108759065198
0.25404915491549157	0.01739689197796899
0.2541478147814782	0.01746539341273436
0.25424647464746475	0.017533613521340842
0.25434513451345137	0.01760155276171543
0.254443794379438	0.017669211591730637
0.25454245424542454	0.017736590469203468
0.25464111411141116	0.01780368985189362
0.2547397739773978	0.017870510197502163
0.2548384338433844	0.01793705196366991
0.25493709370937095	0.018003315607976182
0.2550357535753575	0.018069301587937063
0.25513441344134413	0.018135010361004227
0.25523307330733075	0.01820044238456315
0.25533173317331737	0.018265598115932005
0.255430393039304	0.01833047801235984
0.25552905290529054	0.018395082531025314
0.25562771277127716	0.018459412129035395
0.2557263726372637	0.018523467263423493
0.25582503250325034	0.01858724839114852
0.25592369236923695	0.01865075596909301
0.2560223522352235	0.018713990454061906
0.25612101210121013	0.018776952302781143
0.25621967196719675	0.018839641971895985
0.25631833183318337	0.018902059917969904
0.25641699169917	0.018964206597482956
0.25651565156515654	0.01902608246683035
0.2566143114311431	0.019087687982321102
0.2567129712971297	0.019149023600176597
0.25681163116311634	0.019210089776529195
0.25691029102910296	0.019270886967420634
0.2570089508950895	0.019331415628800953
0.25710761076107613	0.019391676216526706
0.2572062706270627	0.01945166918635987
0.2573049304930493	0.019511394993966348
0.2574035903590359	0.019570854094914433
0.25750225022502254	0.01963004694467357
0.2576009100910091	0.019688973998612854
0.2576995699569957	0.01974763571199979
0.25779822982298234	0.019806032539998703
0.25789688968896896	0.019864164937669564
0.2579955495549555	0.019922033359966364
0.2580942094209421	0.01997963826173599
0.2581928692869287	0.02003698009771667
0.2582915291529153	0.020094059322536724
0.25839018901890193	0.020150876390713075
0.25848884888488854	0.020207431756649907
0.2585875087508751	0.020263725874637366
0.25868616861686167	0.020319759198850137
0.2587848284828483	0.020375532183346222
0.2588834883488349	0.02043104528206536
0.2589821482148215	0.020486298948827735
0.2590808080808081	0.020541293637332855
0.2591794679467947	0.020596029801157874
0.2592781278127813	0.020650507893756446
0.25937678767876793	0.02070472836845736
0.2594754475447545	0.02075869167846319
0.2595741074107411	0.020812398276848915
0.25967276727672767	0.020865848616560687
0.2597714271427143	0.020919043150414315
0.2598700870087009	0.020971982331094235
0.2599687468746875	0.021024666611151894
0.2600674067406741	0.021077096443004567
0.26016606660666064	0.021129272278934033
0.26026472647264726	0.021181194571085336
0.2603633863386339	0.021232863771465244
0.2604620462046205	0.0212842803319412
0.2605607060706071	0.02133544470423988
0.26065936593659367	0.02138635733994583
0.2607580258025803	0.02143701869050044
0.2608566856685669	0.02148742920720023
0.26095534553455346	0.021537589341195953
0.2610540054005401	0.021587499543491057
0.2611526652665267	0.02163716026494057
0.26125132513251326	0.02168657195624963
0.2613499849984999	0.02173573506797233
0.2614486448644865	0.02178465005051045
0.2615473047304731	0.021833317354112
0.26164596459645967	0.021881737428870306
0.26174462446244623	0.021929910724722355
0.26184328432843285	0.021977837691447743
0.26194194419441946	0.022025518778667406
0.2620406040604061	0.0220729544358423
0.2621392639263927	0.022120145112272057
0.26223792379237926	0.02216709125709404
0.2623365836583659	0.022213793319281718
0.26243524352435244	0.022260251747643657
0.26253390339033905	0.02230646699082218
0.26263256325632567	0.02235243949729223
0.26273122312231223	0.02239816971535989
0.26282988298829885	0.022443658093161505
0.26292854285428546	0.022488905078662063
0.2630272027202721	0.022533911119654314
0.26312586258625864	0.022578676663757243
0.26322452245224526	0.022623202158415134
0.2633231823182318	0.022667488050896054
0.26342184218421844	0.02271153478829088
0.26352050205020505	0.022755342817511962
0.26361916191619167	0.022798912585291833
0.26371782178217823	0.02284224453818226
0.26381648164816485	0.022885339122552806
0.2639151415141514	0.02292819678458964
0.264013801380138	0.022970817970294478
0.26411246124612464	0.023013203125483286
0.26421112111211126	0.02305535269578507
0.2643097809780978	0.02309726712664076
0.26440844084408444	0.0231389468633019
0.26450710071007105	0.023180392350829648
0.2646057605760576	0.02322160403409335
0.26470442044204423	0.023262582357769696
0.2648030803080308	0.02330332776634116
0.2649017401740174	0.02334384070409513
0.265000400040004	0.02338412161512249
0.26509905990599064	0.023424170943316728
0.26519771977197726	0.023463989132372538
0.2652963796379638	0.023503576625784825
0.2653950395039504	0.023542933866847315
0.265493699369937	0.023582061298651726
0.2655923592359236	0.023620959364086407
0.26569101910191023	0.02365962850583515
0.2657896789678968	0.023698069166376144
0.2658883388338834	0.02373628178798091
0.26598699869987	0.023774266812712812
0.2660856585658566	0.023812024682426495
0.2661843184318432	0.023849555838766204
0.2662829782978298	0.02388686072316489
0.2663816381638164	0.02392393977684312
0.266480298029803	0.0239607934408079
0.2665789578957896	0.023997422155851458
0.26667761776177623	0.02403382636255032
0.2667762776277628	0.024070006501264028
0.26687493749374935	0.02410596301213411
0.26697359735973597	0.02414169633508298
0.2670722572257226	0.02417720690981271
0.2671709170917092	0.024212495175804087
0.2672695769576958	0.024247561572315397
0.2673682368236824	0.024282406538381405
0.267466896689669	0.024317030512812206
0.26756555655565556	0.02435143393419213
0.2676642164216422	0.024385617240878763
0.2677628762876288	0.024419580871001666
0.26786153615361535	0.024453325262461426
0.26796019601960197	0.0244868508529286
0.2680588558855886	0.02452015807984255
0.2681575157515752	0.024553247380410374
0.2682561756175618	0.02458611919160589
0.2683548354835484	0.024618773950168583
0.26845349534953494	0.024651212092602463
0.26855215521552156	0.024683434055175032
0.2686508150815082	0.024715440273916284
0.2687494749474948	0.024747231184617555
0.26884813481348135	0.02477880722283049
0.26894679467946797	0.02481016882386608
0.26904545454545453	0.024841316422793514
0.26914411441144115	0.024872250454439228
0.26924277427742777	0.02490297135338571
0.2693414341434144	0.02493347955397064
0.26944009400940094	0.02496377549028577
0.26953875387538756	0.024993859596175866
0.2696374137413742	0.02502373230523774
0.2697360736073608	0.025053394050819185
0.26983473347334735	0.02508284526601788
0.26993339333933397	0.02511208638368069
0.27003205320532053	0.025141117836402122
0.27013071307130715	0.025169940056523815
0.27022937293729377	0.025198553476133183
0.2703280328032804	0.02522695852706262
0.27042669266926694	0.025255155640888358
0.2705253525352535	0.025283145248929533
0.2706240124012401	0.025310927782247215
0.27072267226722674	0.02533850367164335
0.27082133213321335	0.025365873347659725
0.27091999199919997	0.025393037240577135
0.27101865186518653	0.025419995780414185
0.27111731173117315	0.025446749396926573
0.27121597159715977	0.02547329851960586
0.2713146314631463	0.025499643577678557
0.27141329132913294	0.025525785000105244
0.2715119511951195	0.025551723215579577
0.2716106110611061	0.025577458652527165
0.27170927092709274	0.02560299173910478
0.27180793079307936	0.02562832290319933
0.27190659065906597	0.025653452572426846
0.27200525052505253	0.025678381174131678
0.2721039103910391	0.025703109135385375
0.2722025702570257	0.025727636882985794
0.27230123012301233	0.025751964843456127
0.27239988998899894	0.02577609344304406
0.2724985498549855	0.02580002310772072
0.2725972097209721	0.025823754263179736
0.27269586958695874	0.025847287334836443
0.2727945294529453	0.02587062274782665
0.2728931893189319	0.025893760927006102
0.27299184918491853	0.025916702296949243
0.2730905090509051	0.02593944728194844
0.2731891689168917	0.02596199630601298
0.27328782878287833	0.02598434979286822
0.27338648864886494	0.02600650816595467
0.2734851485148515	0.026028471848426955
0.27358380838083807	0.02605024126315314
0.2736824682468247	0.02607181683271358
0.2737811281128113	0.02609319897940018
0.2738797879787979	0.02611438812521542
0.27397844784478453	0.02613538469187146
0.2740771077107711	0.02615618910078927
0.2741757675767577	0.026176801773097717
0.2742744274427443	0.02619722312963268
0.2743730873087309	0.026217453590936236
0.2744717471747175	0.02623749357725561
0.27457040704070407	0.026257343508542443
0.2746690669066907	0.02627700380445185
0.2747677267726773	0.02629647488434162
0.2748663866386639	0.026315757167271147
0.2749650465046505	0.026334851072000807
0.2750637063706371	0.026353757016991063
0.27516236623662366	0.02637247542040128
0.2752610261026103	0.026391006700089387
0.2753596859685969	0.026409351273610507
0.2754583458345835	0.02642750955821647
0.27555700570057007	0.02644548197085478
0.2756556655665567	0.02646326892816786
0.27575432543254325	0.026480870846492133
0.27585298529852986	0.026498288141857184
0.2759516451645165	0.026515521229985028
0.2760503050305031	0.026532570526289073
0.27614896489648966	0.026549436445873504
0.2762476247624763	0.026566119403532335
0.2763462846284629	0.02658261981374855
0.27644494449444945	0.02659893809069338
0.27654360436043607	0.026615074648225406
0.27664226422642263	0.026631029899889778
0.27674092409240925	0.026646804258917328
0.27683958395839586	0.0266623981382239
0.2769382438243825	0.02667781195040943
0.2770369036903691	0.026693046107757103
0.27713556355635566	0.026708101022232682
0.2772342234223422	0.02672297710548351
0.27733288328832884	0.026737674768837975
0.27743154315431545	0.02675219442330449
0.27753020302030207	0.026766536479570842
0.27762886288628863	0.026780701348003255
0.27772752275227525	0.02679468943864575
0.27782618261826186	0.026808501161219273
0.2779248424842484	0.026822136925120952
0.27802350235023504	0.026835597139423326
0.27812216221622166	0.026848882212873505
0.2782208220822082	0.02686199255389248
0.27831948194819484	0.02687492857057428
0.27841814181418145	0.02688769067068531
0.27851680168016807	0.026900279261663426
0.2786154615461547	0.02691269475061732
0.2787141214121412	0.026924937544325695
0.2788127812781278	0.026937008049236513
0.2789114411441144	0.02694890667146628
0.27901010101010104	0.026960633816799237
0.27910876087608766	0.026972189890686605
0.2792074207420742	0.026983575298246
0.27930608060806084	0.026994790444260446
0.2794047404740474	0.027005835733177826
0.279503400340034	0.027016711569110088
0.27960206020602063	0.027027418355832437
0.27970072007200725	0.02703795649678276
0.2797993799379938	0.027048326395060735
0.2798980398039804	0.027058528453427263
0.27999669966996704	0.027068563074303605
0.28009535953595366	0.027078430659770756
0.2801940194019402	0.02708813161156867
0.2802926792679268	0.027097666331095675
0.2803913391339134	0.027107035219407542
0.2804899989999	0.027116238677216947
0.28058865886588663	0.027125277104892723
0.28068731873187325	0.027134150902459225
0.2807859785978598	0.027142860469595454
0.28088463846384637	0.027151406205634478
0.280983298329833	0.027159788509562865
0.2810819581958196	0.02716800778001966
0.2811806180618062	0.027176064415296113
0.2812792779277928	0.027183958813334564
0.2813779377937794	0.02719169137172816
0.281476597659766	0.02719926248771982
0.28157525752575263	0.02720667255820192
0.2816739173917392	0.02721392197971528
0.2817725772577258	0.027221011148448715
0.28187123712371237	0.02722794046023823
0.281969896989699	0.02723471031056651
0.2820685568556856	0.027241321094562104
0.2821672167216722	0.02724777320699887
0.2822658765876588	0.027254067042295223
0.28236453645364534	0.027260202994513615
0.28246319631963196	0.027266181457359734
0.2825618561856186	0.02727200282418201
0.2826605160516052	0.027277667487970777
0.2827591759175918	0.027283175841357813
0.28285783578357837	0.027288528276615622
0.282956495649565	0.027293725185656776
0.2830551555155516	0.02729876696003337
0.28315381538153817	0.02730365399093622
0.2832524752475248	0.027308386669194495
0.28335113511351134	0.027312965385274716
0.28344979497949796	0.02731739052928058
0.2835484548454846	0.02732166249095199
0.2836471147114712	0.02732578165966461
0.2837457745774578	0.027329748424429152
0.28384443444344437	0.027333563173890834
0.28394309430943093	0.027337226296328777
0.28404175417541755	0.02734073817965536
0.28414041404140417	0.02734409921141554
0.2842390739073908	0.027347309778786483
0.28433773377337734	0.02735037026857675
0.28443639363936396	0.027353281067225673
0.2845350535053506	0.027356042560803047
0.28463371337133714	0.027358655135008188
0.28473237323732375	0.027361119175169604
0.28483103310331037	0.02736343506624427
0.28492969296929693	0.02736560319281715
0.28502835283528355	0.02736762393910042
0.28512701270127017	0.027369497688933164
0.2852256725672568	0.027371224825780666
0.28532433243324334	0.027372805732733735
0.2854229922992299	0.02737424079250829
0.2855216521652165	0.027375530387444755
0.28562031203120314	0.027376674899507465
0.28571897189718976	0.027377674710284138
0.28581763176317637	0.027378530200985317
0.28591629162916293	0.027379241752443714
0.28601495149514955	0.027379809745113833
0.2861136113611361	0.027380234559071338
0.2862122712271227	0.02738051657401239
0.28631093109310934	0.0273806561692533
0.2864095909590959	0.027380653723729914
0.2865082508250825	0.02738050961599699
0.28660691069106914	0.02738022422422773
0.28670557055705576	0.027379797926213312
0.2868042304230423	0.027379231099362238
0.28690289028902893	0.027378524120699885
0.2870015501550155	0.027377677366867876
0.2871002100210021	0.027376691214123755
0.28719886988698873	0.027375566038340245
0.28729752975297534	0.027374302215004895
0.28739618961896196	0.027372900119219463
0.2874948494849485	0.027371360125699417
0.2875935093509351	0.027369682608773493
0.2876921692169217	0.02736786794238315
0.2877908290829083	0.02736591650008201
0.28788948894889493	0.027363828655035408
0.2879881488148815	0.027361604780019935
0.2880868086808681	0.027359245247422812
0.28818546854685473	0.027356750429241582
0.2882841284128413	0.027354120697083418
0.2883827882788279	0.027351356422164796
0.2884814481448145	0.027348457975310894
0.2885801080108011	0.027345425726955155
0.2886787678767877	0.02734226004713887
0.2887774277427743	0.02733896130551052
0.28887608760876093	0.02733552987132557
0.2889747474747475	0.027331966113445693
0.28907340734073406	0.027328270400338524
0.2891720672067207	0.027324443100077114
0.2892707270727073	0.02732048458033942
0.2893693869386939	0.027316395208407944
0.2894680468046805	0.027312175351169202
0.2895667066706671	0.02730782537511321
0.2896653665366537	0.02730334564633319
0.28976402640264026	0.027298736530524944
0.2898626862686269	0.027293998392986605
0.2899613461346135	0.027289131598617913
0.29006000600060006	0.027284136511920076
0.2901586658665867	0.02727901349699501
0.2902573257325733	0.027273762917545206
0.2903559855985599	0.02726838513687314
0.2904546454645465	0.02726288051788075
0.2905533053305331	0.027257249423069188
0.29065196519651965	0.027251492214538302
0.29075062506250626	0.02724560925398616
0.2908492849284929	0.02723960090270874
0.2909479447944795	0.027233467521599403
0.29104660466046606	0.027227209471148536
0.2911452645264527	0.027220827111443077
0.29124392439243924	0.027214320802166233
0.29134258425842585	0.02720769090259683
0.29144124412441247	0.02720093777160918
0.2915399039903991	0.02719406176767243
0.29163856385638565	0.027187063248850306
0.29173722372237226	0.02717994257280073
0.2918358835883589	0.027172700096775252
0.2919345434543455	0.027165336177618866
0.29203320332033206	0.027157851171769432
0.2921318631863186	0.02715024543525743
0.29223052305230524	0.027142519323705445
0.29232918291829185	0.02713467319232783
0.29242784278427847	0.02712670739593038
0.2925265026502651	0.027118622288909898
0.29262516251625165	0.02711041822525376
0.2927238223822382	0.02710209555853962
0.2928224822482248	0.027093654641935066
0.29292114211421144	0.02708509582819708
0.29301980198019806	0.02707641946967188
0.2931184618461846	0.02706762591829438
0.29321712171217124	0.027058715525587904
0.29331578157815785	0.02704968864266383
0.29341444144414447	0.027040545620221224
0.29351310131013103	0.027031286808546478
0.29361176117611765	0.027021912557512906
0.2937104210421042	0.02701242321658045
0.2938090809080908	0.027002819134795297
0.29390774077407744	0.026993100660789637
0.29400640064006406	0.026983268142781125
0.2941050605060506	0.026973321928572647
0.2942037203720372	0.02696326236555202
0.2943023802380238	0.026953089800691565
0.2944010401040104	0.026942804580547847
0.29449969996999703	0.026932407051261292
0.29459835983598365	0.026921897558555848
0.2946970197019702	0.02691127644773867
0.2947956795679568	0.026900544063699888
0.29489433943394344	0.026889700750912075
0.29499299929993	0.026878746853430113
0.2950916591659166	0.02686768271489083
0.2951903190319032	0.026856508678512556
0.2952889788978898	0.026845225087095054
0.2953876387638764	0.026833832283018937
0.29548629862986303	0.026822330608245574
0.29558495849584965	0.026810720404316642
0.2956836183618362	0.02679900201235394
0.29578227822782277	0.02678717577305894
0.2958809380938094	0.026775242026712564
0.295979597959796	0.026763201113175008
0.2960782578257826	0.026751053371885176
0.29617691769176924	0.026738799141860666
0.2962755775577558	0.026726438761697283
0.2963742374237424	0.026713972569568773
0.296472897289729	0.02670140090322669
0.2965715571557156	0.026688724099999943
0.2966702170217022	0.026675942496794575
0.29676887688768877	0.02666305643009348
0.2968675367536754	0.026650066235956144
0.296966196619662	0.02663697225001833
0.2970648564856486	0.026623774807491906
0.2971635163516352	0.026610474243164373
0.2972621762176218	0.026597070891398844
0.29736083608360836	0.026583565086133583
0.297459495949595	0.02656995716088181
0.2975581558155816	0.02655624744873153
0.2976568156815682	0.02654243628234511
0.29775547554755477	0.026528523993959153
0.2978541354135414	0.026514510915384114
0.29795279527952795	0.026500397378004224
0.29805145514551457	0.026486183712777105
0.2981501150115012	0.026471870250233537
0.2982487748774878	0.02645745732047728
0.29834743474347436	0.026442945253184705
0.298446094609461	0.026428334377604813
0.2985447544754476	0.026413625022558607
0.29864341434143415	0.026398817516439226
0.29874207420742077	0.026383912187211467
0.29884073407340733	0.026368909362411673
0.29893939393939395	0.026353809369147486
0.29903805380538057	0.026338612534097555
0.2991367136713672	0.026323319183511402
0.2992353735373538	0.026307929643209153
0.29933403340334036	0.02629244423858131
0.2994326932693269	0.02627686329458856
0.29953135313531354	0.02626118713576154
0.29963001300130016	0.026245416086200585
0.29972867286728677	0.026229550469575615
0.29982733273327333	0.026213590609125884
0.29992599259925995	0.026197536827659625
0.30002465246524657	0.026181389447554163
0.3001233123312331	0.0261651487907554
0.30022197219721974	0.026148815178777745
0.30032063206320636	0.02613238893270398
0.3004192919291929	0.026115870373184944
0.30051795179517954	0.02609925982043934
0.30061661166116616	0.02608255759425372
0.30071527152715277	0.02606576401398205
0.30081393139313933	0.026048879398545704
0.3009125912591259	0.026031904066433183
0.3010112511251125	0.026014838335699956
0.30110991099109913	0.025997682523968266
0.30120857085708574	0.02598043694842705
0.30130723072307236	0.025963101925831622
0.3014058905890589	0.02594567777250354
0.30150455045504554	0.025928164804330463
0.3016032103210321	0.025910563336766012
0.3017018701870187	0.025892873684829457
0.30180053005300533	0.025875096163105786
0.3018991899189919	0.02585723108574526
0.3019978497849785	0.025839278766463476
0.30209650965096513	0.025821239518541147
0.30219516951695174	0.025803113654823878
0.30229382938293836	0.025784901487722046
0.3023924892489249	0.02576660332921068
0.3024911491149115	0.0257482194908293
0.3025898089808981	0.025729750283681695
0.3026884688468847	0.025711196018435863
0.30278712871287133	0.025692557005323878
0.3028857885788579	0.025673833554141632
0.3029844484448445	0.025655025974248787
0.3030831083108311	0.025636134574568654
0.3031817681768177	0.025617159663587928
0.3032804280428043	0.02559810154935673
0.3033790879087909	0.02557896053948833
0.3034777477747775	0.02555973694115906
0.3035764076407641	0.025540431061108277
0.3036750675067507	0.025521043205638062
0.30377372737273733	0.025501573680613166
0.3038723872387239	0.025482022791461025
0.30397104710471046	0.02546239084317143
0.3040697069706971	0.02544267814029651
0.3041683668366837	0.025422884986950615
0.3042670267026703	0.025403011686810216
0.3043656865686569	0.025383058543113707
0.3044643464346435	0.02536302585866141
0.3045630063006301	0.025342913935815385
0.30466166616661666	0.025322723076499347
0.3047603260326033	0.02530245358219854
0.3048589858985899	0.025282105753959738
0.3049576457645765	0.02526167989239094
0.3050563056305631	0.025241176297661472
0.3051549654965497	0.025220595269501808
0.3052536253625363	0.025199937107203467
0.30535228522852287	0.025179202109618926
0.3054509450945095	0.025158390575161536
0.30554960496049605	0.025137502801805416
0.30564826482648266	0.025116539087085395
0.3057469246924693	0.02509549972809695
0.3058455845584559	0.025074385021496032
0.3059442444244425	0.02505319526349902
0.3060429042904291	0.025031930749882747
0.30614156415641564	0.025010591775984248
0.30624022402240225	0.024989178636700828
0.30633888388838887	0.024967691626489902
0.3064375437543755	0.024946131039368952
0.30653620362036205	0.02492449716891548
0.30663486348634866	0.02490279030826691
0.3067335233523353	0.024881010750120548
0.30683218321832184	0.024859158786733445
0.30693084308430846	0.024837234709922464
0.3070295029502951	0.024815238811064084
0.30712816281628164	0.024793171381094447
0.30722682268226825	0.02477103271050926
0.30732548254825487	0.024748823089363707
0.3074241424142415	0.024726542807272458
0.30752280228022805	0.024704192153409566
0.3076214621462146	0.024681771416508493
0.3077201220122012	0.02465928088486193
0.30781878187818784	0.024636720846321923
0.30791744174417446	0.02461409158829964
0.3080161016101611	0.024591393397765525
0.30811476147614764	0.024568626561249134
0.30821342134213425	0.02454579136483909
0.3083120812081208	0.024522888094183123
0.30841074107410743	0.024499917034487985
0.30850940094009405	0.024476878470519426
0.3086080608060806	0.024453772686602166
0.3087067206720672	0.024430599966619893
0.30880538053805384	0.024407360594015177
0.30890404040404046	0.024384054851789485
0.3090027002700271	0.0243606830225032
0.30910136013601364	0.024337245388275475
0.3092000200020002	0.02431374223078434
0.3092986798679868	0.0242901738312666
0.30939733973397343	0.024266540470517926
0.30949599959996005	0.024242842428892665
0.3095946594659466	0.024219079986304067
0.3096933193319332	0.02419525342222398
0.3097919791979198	0.024171363015683105
0.3098906390639064	0.024147409045270875
0.309989298929893	0.024123391789135435
0.31008795879587964	0.024099311524983652
0.3101866186618662	0.02407516853008119
0.3102852785278528	0.024050963081252392
0.31038393839383943	0.024026695454880297
0.31048259825982605	0.02400236592690676
0.3105812581258126	0.023977974772832346
0.31067991799179917	0.023953522267716364
0.3107785778577858	0.023929008686176888
0.3108772377237724	0.023904434302390785
0.310975897589759	0.023879799390093624
0.31107455745574564	0.0238551042225799
0.3111732173217322	0.0238303490727028
0.31127187718771876	0.023805534212874364
0.3113705370537054	0.02378065991506557
0.311469196919692	0.023755726450806113
0.3115678567856786	0.02373073409118473
0.31166651665166517	0.023705683106848993
0.3117651765176518	0.023680573768005437
0.3118638363836384	0.023655406344419542
0.311962496249625	0.02363018110541583
0.3120611561156116	0.023604898319877807
0.3121598159815982	0.02357955825624811
0.31225847584758476	0.023554161182528403
0.3123571357135714	0.023528707366279492
0.312455795579558	0.02350319707462143
0.3125544554455446	0.0234776305742334
0.31265311531153117	0.02345200813135386
0.31275177517751773	0.023426330011780593
0.31285043504350435	0.02340059648087067
0.31294909490949097	0.02337480780354059
0.3130477547754776	0.02334896424426628
0.3131464146414642	0.02332306606708315
0.31324507450745076	0.02329711353558611
0.3133437343734374	0.0232711069129297
0.313442394239424	0.023245046461828074
0.31354105410541055	0.023218932444555127
0.31363971397139717	0.023192765122944443
0.31373837383738373	0.02316654475838945
0.31383703370337035	0.02314027161184348
0.31393569356935697	0.023113945943819752
0.3140343534353436	0.023087568014391522
0.3141330133013302	0.023061138083192097
0.31423167316731676	0.02303465640941492
0.3143303330333033	0.02300812325181361
0.31442899289928994	0.022981538868702113
0.31452765276527656	0.022954903517954702
0.31462631263126317	0.02292821745700602
0.3147249724972498	0.02290148094285125
0.31482363236323635	0.022874694232046137
0.31492229222922297	0.022847857580707065
0.3150209520952095	0.022820971244511157
0.31511961196119614	0.022794035478696337
0.31521827182718276	0.022767050538061415
0.3153169316931693	0.02274001667696615
0.31541559155915594	0.02271293414933146
0.31551425142514256	0.02268580320863928
0.3156129112911292	0.022658624107932897
0.31571157115711573	0.022631397099816864
0.31581023102310235	0.022604122436457166
0.3159088908890889	0.022576800369581276
0.31600755075507553	0.022549431150478333
0.31610621062106214	0.022522015029999152
0.31620487048704876	0.022494552258556354
0.3163035303530353	0.022467043086124468
0.31640219021902194	0.02243948776223999
0.3165008500850085	0.022411886536001603
0.3165995099509951	0.02238423965607009
0.31669816981698173	0.022356547370668667
0.31679682968296835	0.022328809927582894
0.3168954895489549	0.02230102757416088
0.31699414941494153	0.02227320055731339
0.31709280928092815	0.022245329123513947
0.3171914691469147	0.022217413518798964
0.3172901290129013	0.02218945398876772
0.3173887888788879	0.022161450778582725
0.3174874487448745	0.022133404132969634
0.3175861086108611	0.022105314296217458
0.31768476847684773	0.022077181512178648
0.31778342834283435	0.02204900602426924
0.3178820882088209	0.022020788075468974
0.3179807480748075	0.02199252790832136
0.3180794079407941	0.021964225764933943
0.3181780678067807	0.021935881886978273
0.3182767276727673	0.02190749651569011
0.3183753875387539	0.021879069891869628
0.3184740474047405	0.021850602255881334
0.3185727072707271	0.021822093847654454
0.3186713671367137	0.021793544906682883
0.3187700270027003	0.021764955672025427
0.3188686868686869	0.02173632638230581
0.3189673467346735	0.021707657275713006
0.3190660066006601	0.021678948590001246
0.3191646664666467	0.021650200562490146
0.3192633263326333	0.02162141343006493
0.3193619861986199	0.02159258742917651
0.31946064606460645	0.021563722795841716
0.31955930593059306	0.021534819765643285
0.3196579657965797	0.021505878573730177
0.3197566256625663	0.021476899454817643
0.3198552855285529	0.021447882643187383
0.3199539453945395	0.021418828372687732
0.3200526052605261	0.021389736876733727
0.32015126512651265	0.021360608388307376
0.32024992499249927	0.021331443139957693
0.3203485848584859	0.021302241363800982
0.32044724472447245	0.021273003291520952
0.32054590459045906	0.021243729154368788
0.3206445644564457	0.021214419183163413
0.3207432243224323	0.02118507360829167
0.3208418841884189	0.021155692659708368
0.3209405440544055	0.021126276566936584
0.32103920392039204	0.021096825559067698
0.32113786378637865	0.021067339864761673
0.32123652365236527	0.021037819712247153
0.3213351835183519	0.02100826532932171
0.32143384338433845	0.020978676943351923
0.32153250325032506	0.02094905478127359
0.3216311631163116	0.02091939906959193
0.32172982298229824	0.02088971003438168
0.32182848284828486	0.020859987901287458
0.3219271427142715	0.020830232895523673
0.32202580258025804	0.0208004452418749
0.32212446244624465	0.020770625164695983
0.32222312231223127	0.020740772887912297
0.3223217821782179	0.020710888635019818
0.32242044204420445	0.020680972629085376
0.322519101910191	0.02065102509274681
0.3226177617761776	0.020621046248213183
0.32271642164216424	0.020591036317265013
0.32281508150815086	0.020560995521254313
0.3229137413741375	0.020530924081104962
0.32301240124012404	0.020500822217312732
0.3231110611061106	0.020470690149945694
0.3232097209720972	0.020440528098644113
0.32330838083808383	0.02041033628262093
0.32340704070407045	0.0203801149206618
0.32350570057005706	0.02034986423112535
0.3236043604360436	0.020319584431943313
0.32370302030203024	0.020289275740620866
0.32380168016801686	0.020258938374236618
0.3239003400340034	0.020228572549443064
0.32399899989999004	0.020198178482466553
0.3240976597659766	0.020167756389107644
0.3241963196319632	0.020137306484741276
0.32429497949794983	0.020106828984317003
0.32439363936393645	0.020076324102359062
0.32449229922992306	0.02004579205296679
0.3245909590959096	0.020015233049814733
0.3246896189618962	0.01998464730615276
0.3247882788278828	0.019954035034806476
0.3248869386938694	0.019923396448177307
0.32498559855985604	0.019892731758242743
0.3250842584258426	0.019862041176556565
0.3251829182918292	0.01983132491424902
0.32528157815781583	0.01980058318202713
0.3253802380238024	0.01976981619017482
0.325478897889789	0.019739024148553202
0.3255775577557756	0.01970820726660073
0.3256762176217622	0.01967736575333352
0.3257748774877488	0.019646499817345463
0.3258735373537354	0.019615609666808576
0.32597219721972204	0.019584695509473116
0.3260708570857086	0.019553757552667864
0.32616951695169516	0.019522796003300334
0.3262681768176818	0.01949181106785701
0.3263668366836684	0.019460802952403614
0.326465496549655	0.019429771862585286
0.3265641564156416	0.01939871800362681
0.3266628162816282	0.019367641580332887
0.3267614761476148	0.019336542797088418
0.32686013601360137	0.019305421857858582
0.326958795879588	0.019274278966189246
0.3270574557455746	0.01924311432520707
0.32715611561156116	0.019211928137619853
0.3272547754775478	0.019180720605716736
0.3273534353435344	0.019149491931368393
0.327452095209521	0.019118242316027337
0.32755075507550757	0.01908697196072818
0.3276494149414942	0.019055681066087748
0.32774807480748075	0.019024369832305515
0.32784673467346737	0.018993038459163714
0.327945394539454	0.018961687146027615
0.3280440544054406	0.018930316091845815
0.32814271427142716	0.018898925495150463
0.3282413741374138	0.018867515554057464
0.32834003400340034	0.01883608646626684
0.32843869386938696	0.01880463842906284
0.32853735373537357	0.01877317163931431
0.3286360136013602	0.018741686293474946
0.32873467346734675	0.018710182587583467
0.32883333333333337	0.018678660717263925
0.32893199319932	0.018647120877725958
0.32903065306530654	0.0186155632637651
0.32912931293129316	0.018583988069762882
0.3292279727972797	0.01855239548968732
0.32932663266326634	0.018520785717092987
0.32942529252925296	0.01848915894512135
0.32952395239523957	0.01845751536650106
0.3296226122612262	0.01842585517354816
0.32972127212721275	0.018394178558166423
0.3298199319931993	0.018362485711847523
0.32991859185918593	0.018330776825671365
0.33001725172517254	0.018299052090306363
0.33011591159115916	0.0182673116960097
0.3302145714571457	0.018235555832627554
0.33031323132313234	0.018203784689595413
0.33041189118911896	0.01817199845593836
0.3305105510551055	0.01814019732027134
0.33060921092109213	0.018108381470799333
0.33070787078707875	0.018076551095317833
0.3308065306530653	0.01804470638121291
0.33090519051905193	0.01801284751546163
0.33100385038503854	0.01798097468463231
0.33110251025102516	0.017949088074884715
0.3312011701170118	0.017917187871970424
0.3312998299829983	0.01788527426123314
0.3313984898489849	0.017853347427608805
0.3314971497149715	0.017821407555626074
0.33159580958095813	0.017789454829406477
0.33169446944694475	0.017757489432664787
0.3317931293129313	0.017725511548709213
0.33189178917891793	0.017693521360441746
0.3319904490449045	0.017661519050358516
0.3320891089108911	0.017629504800549818
0.3321877687768777	0.01759747879270077
0.33228642864286434	0.017565441208091313
0.3323850885088509	0.017533392227596593
0.3324837483748375	0.017501332031687328
0.33258240824082413	0.01746926080042997
0.33268106810681075	0.017437178713487076
0.3327797279727973	0.017405085950117652
0.3328783878387839	0.01737298268917725
0.3329770477047705	0.017340869109118487
0.3330757075707571	0.017308745387991247
0.3331743674367437	0.017276611703442978
0.33327302730273034	0.017244468232718958
0.3333716871687169	0.017212315152662642
0.33347034703470346	0.017180152639715993
0.3335690069006901	0.01714798086991963
0.3336676667666767	0.01711580001891335
0.3337663266326633	0.017083610261936277
0.3338649864986499	0.017051411773827168
0.3339636463646365	0.01701920472902479
0.3340623062306231	0.016986989301568188
0.3341609660966097	0.01695476566509695
0.3342596259625963	0.016922533992851603
0.3343582858285829	0.016890294457673823
0.33445694569456946	0.016858047232006783
0.3345556055605561	0.01682579248789554
0.3346542654265427	0.016793530396987198
0.3347529252925293	0.01676126113053127
0.3348515851585159	0.016728984859380104
0.33495024502450244	0.01669670175398902
0.33504890489048905	0.016664411984416694
0.33514756475647567	0.01663211572032552
0.3352462246224623	0.016599813130981873
0.3353448844884489	0.0165675043852564
0.33544354435443546	0.016535189651624402
0.3355422042204221	0.016502869098166097
0.3356408640864087	0.016470542892566956
0.33573952395239526	0.016438211202118
0.3358381838183819	0.01640587419371617
0.33593684368436844	0.016373532033864564
0.33603550355035505	0.016341184888672842
0.33613416341634167	0.016308832923857493
0.3362328232823283	0.016276476304742177
0.3363314831483149	0.016244115196258044
0.33643014301430146	0.016211749762944046
0.336528802880288	0.016179380168947228
0.33662746274627464	0.016147006578023166
0.33672612261226126	0.016114629153536144
0.3368247824782479	0.016082248058459606
0.33692344234423444	0.01604986345537638
0.33702210221022105	0.016017475506479095
0.33712076207620767	0.01598508437357042
0.33721942194219423	0.01595269021806349
0.33731808180818085	0.015920293200982105
0.33741674167416746	0.015887893482961195
0.337515401540154	0.01585549122424705
0.33761406140614064	0.015823086584697745
0.33771272127212726	0.015790679723783386
0.3378113811381139	0.015758270800586432
0.33791004100410044	0.01572585997380214
0.338008700870087	0.01569344740173872
0.3381073607360736	0.015661033242317903
0.33820602060206023	0.01562861765307508
0.33830468046804685	0.015596200791159682
0.33840334033403346	0.015563782813335605
0.33850200020002	0.015531363875981407
0.33860066006600664	0.015498944135090764
0.3386993199319932	0.015466523746272769
0.3387979797979798	0.015434102864752205
0.33889663966396644	0.015401681645369973
0.338995299529953	0.01536926024258343
0.3390939593959396	0.015336838810466668
0.33919261926192623	0.01530441750271087
0.33929127912791285	0.015271996472624718
0.3393899389938994	0.015239575873134644
0.339488598859886	0.015207155856785188
0.3395872587258726	0.015174736575739438
0.3396859185918592	0.015142318181779258
0.3397845784578458	0.015109900826305658
0.33988323832383244	0.015077484660339223
0.33998189818981905	0.01504506983452029
0.3400805580558056	0.015012656499109513
0.3401792179217922	0.014980244803988034
0.3402778777877788	0.014947834898657858
0.3403765376537654	0.014915426932242274
0.340475197519752	0.0148830210534862
0.3405738573857386	0.014850617410756408
0.3406725172517252	0.014818216152042023
0.3407711771177118	0.014785817424954774
0.3408698369836984	0.01475342137672944
0.340968496849685	0.014721028154224054
0.3410671567156716	0.014688637903920426
0.3411658165816582	0.014656250771924341
0.3412644764476448	0.014623866903966038
0.3413631363136314	0.014591486445400507
0.341461796179618	0.014559109541207798
0.3415604560456046	0.014526736335993487
0.34165911591159115	0.014494366973988924
0.34175777577757777	0.014462001599051614
0.3418564356435644	0.014429640354665636
0.341955095509551	0.01439728338394195
0.3420537553755376	0.014364930829618733
0.3421524152415242	0.014332582834061766
0.3422510751075108	0.014300239539264825
0.34234973497349735	0.014267901086849964
0.34244839483948397	0.01423556761806792
0.3425470547054706	0.014203239273798471
0.34264571457145715	0.014170916194550806
0.34274437443744377	0.014138598520463837
0.3428430343034304	0.014106286391306662
0.342941694169417	0.01407397994647876
0.3430403540354036	0.01404167932501056
0.3431390139013902	0.01400938466556363
0.34323767376737674	0.01397709610643112
0.34333633363336336	0.013944813785538112
0.34343499349934997	0.013912537840442003
0.3435336533653366	0.013880268408332815
0.34363231323132315	0.013848005626033666
0.34373097309730977	0.013815749630000977
0.3438296329632963	0.013783500556325013
0.34392829282928294	0.013751258540730109
0.34402695269526956	0.013719023718575077
0.3441256125612562	0.013686796224853675
0.34422427242724274	0.013654576194194789
0.34432293229322936	0.013622363760862996
0.344421592159216	0.013590159058758764
0.3445202520252026	0.013557962221418937
0.34461891189118915	0.013525773382017043
0.3447175717571757	0.01349359267336366
0.34481623162316233	0.013461420227906902
0.34491489148914894	0.01342925617773259
0.34501355135513556	0.013397100654564823
0.3451122112211222	0.01336495378976619
0.34521087108710874	0.013332815714338269
0.3453095309530953	0.013300686558921884
0.3454081908190819	0.013268566453797608
0.34550685068506853	0.013236455528886009
0.34560551055105515	0.013204353913748114
0.3457041704170417	0.013172261737585744
0.34580283028302833	0.013140179129241841
0.34590149014901495	0.013108106217201002
0.34600015001500156	0.013076043129589666
0.3460988098809881	0.01304398999417664
0.34619746974697474	0.01301194693837333
0.3462961296129613	0.012979914089234263
0.3463947894789479	0.012947891573457366
0.34649344934493453	0.01291587951738441
0.34659210921092115	0.01288387804700131
0.3466907690769077	0.0128518872879386
0.3467894289428943	0.01281990736547174
0.3468880888088809	0.012787938404521474
0.3469867486748675	0.012755980529654288
0.3470854085408541	0.012724033865082763
0.34718406840684074	0.012692098534665939
0.3472827282728273	0.012660174661909699
0.3473813881388139	0.012628262369967131
0.34748004800480053	0.012596361781638981
0.3475787078707871	0.012564473019373922
0.3476773677367737	0.012532596205269033
0.3477760276027603	0.012500731461070193
0.3478746874687469	0.012468878908172328
0.3479733473347335	0.012437038667619948
0.3480720072007201	0.012405210860107443
0.34817066706670674	0.012373395605979486
0.3482693269326933	0.012341593025231468
0.34836798679867986	0.01230980323750979
0.3484666466646665	0.012278026362112292
0.3485653065306531	0.012246262517988679
0.3486639663966397	0.012214511823740844
0.3487626262626263	0.012182774397623271
0.3488612861286129	0.01215105035754344
0.3489599459945995	0.012119339821062216
0.34905860586058607	0.012087642905394222
0.3491572657265727	0.012055959727408184
0.3492559255925593	0.012024290403627392
0.34935458545854586	0.01199263505023007
0.3494532453245325	0.011960993783049743
0.3495519051905191	0.011929366717575602
0.3496505650565057	0.011897753968952946
0.3497492249224923	0.011866155651983592
0.3498478847884789	0.011834571881126146
0.34994654465446545	0.011803002770496484
0.35004520452045207	0.011771448433868195
0.3501438643864387	0.011739908984672804
0.3502425242524253	0.011708384536000333
0.35034118411841186	0.0116768752005996
0.3504398439843985	0.011645381090878572
0.35053850385038504	0.011613902318904917
0.35063716371637166	0.01158243899640621
0.3507358235823583	0.011550991234770443
0.3508344834483449	0.011519559145046382
0.35093314331433145	0.011488142837943931
0.35103180318031807	0.011456742423834546
0.3511304630463047	0.011425358012751713
0.35122912291229125	0.011393989714391229
0.35132778277827786	0.011362637638111508
0.3514264426442644	0.01133130189293427
0.35152510251025104	0.011299982587544645
0.35162376237623766	0.01126867983029176
0.3517224222422243	0.011237393729189004
0.3518210821082109	0.011206124391914467
0.35191974197419745	0.011174871925811413
0.352018401840184	0.01114363643788853
0.35211706170617063	0.011112418034820406
0.35221572157215725	0.01108121682294796
0.35231438143814386	0.011050032908278799
0.3524130413041304	0.011018866396487564
0.35251170117011704	0.010987717392916421
0.35261036103610366	0.010956586002575387
0.3527090209020902	0.010925472330142738
0.35280768076807684	0.010894376479965483
0.35290634063406345	0.010863298556059602
0.35300500050005	0.010832238662110614
0.35310366036603663	0.01080119690147385
0.35320232023202325	0.010770173377174985
0.35330098009800986	0.010739168191910222
0.3533996399639964	0.010708181448046944
0.353498299829983	0.010677213247623931
0.3535969596959696	0.01064626369235177
0.3536956195619562	0.010615332883613418
0.35379427942794284	0.010584420922464387
0.35389293929392945	0.010553527909633261
0.353991599159916	0.010522653945522077
0.35409025902590263	0.010491799130206777
0.3541889188918892	0.010460963563437497
0.3542875787578758	0.010430147344638976
0.3543862386238624	0.010399350572911087
0.354484898489849	0.01036857334702916
0.3545835583558356	0.010337815765444321
0.3546822182218222	0.010307077926283948
0.35478087808780884	0.01027635992735213
0.35487953795379545	0.010245661866129985
0.354978197819782	0.010214983839776079
0.3550768576857686	0.01018432594512681
0.3551755175517552	0.010153688278696865
0.3552741774177418	0.010123070936679628
0.3553728372837284	0.010092474014947483
0.355471497149715	0.010061897609052298
0.3555701570157016	0.010031341814225849
0.35566881688168817	0.01000080672538015
0.3557674767476748	0.009970292437107862
0.3558661366136614	0.009939799043682767
0.355964796479648	0.009909326639060115
0.3560634563456346	0.00987887531687703
0.3561621162116212	0.009848445170452943
0.3562607760776078	0.009818036292789928
0.3563594359435944	0.009787648776573211
0.356458095809581	0.009757282714171483
0.35655675567556755	0.009726938197637307
0.35665541554155417	0.009696615318707623
0.3567540754075408	0.009666314168804013
0.3568527352735274	0.009636034839033188
0.356951395139514	0.009605777420187424
0.3570500550055006	0.009575542002744849
0.35714871487148714	0.009545328676869956
0.35724737473747376	0.009515137532413944
0.35734603460346037	0.009484968658915202
0.357444694469447	0.009454822145599591
0.35754335433543355	0.009424698081380963
0.35764201420142017	0.009394596554861502
0.3577406740674068	0.009364517654332159
0.3578393339333934	0.009334461467773053
0.35793799379937996	0.009304428082853866
0.3580366536653666	0.009274417586934225
0.35813531353135314	0.009244430067064163
0.35823397339733976	0.009214465609984505
0.35833263326332637	0.009184524302127238
0.358431293129313	0.009154606229615985
0.3585299529952996	0.009124711478266346
0.35862861286128617	0.009094840133586343
0.35872727272727273	0.009064992280776795
0.35882593259325934	0.00903516800473174
0.35892459245924596	0.009005367390038876
0.3590232523252326	0.008975590520979909
0.35912191219121914	0.008945837481531028
0.35922057205720576	0.008916108355363201
0.3593192319231924	0.008886403225842703
0.35941789178917893	0.008856722176031478
0.35951655165516555	0.008827065288687505
0.35961521152115217	0.008797432646265238
0.35971387138713873	0.008767824330916066
0.35981253125312535	0.008738240424488578
0.35991119111911196	0.008708681008529201
0.3600098509850986	0.008679146164282331
0.36010851085108514	0.008649635972690932
0.3602071707170717	0.008620150514396902
0.3603058305830583	0.008590689869741435
0.36040449044904493	0.008561254118765498
0.36050315031503155	0.00853184334121018
0.36060181018101817	0.0085024576165171
0.36070047004700473	0.008473097023828875
0.36079912991299135	0.008443761641989483
0.3608977897789779	0.008414451549544684
0.3609964496449645	0.008385166824742333
0.36109510951095114	0.008355907545533003
0.3611937693769377	0.008326673789570164
0.3612924292429243	0.008297465634210788
0.36139108910891093	0.008268283156515571
0.36148974897489755	0.008239126433249479
0.3615884088408841	0.008209995540882115
0.36168706870687073	0.008180890555588093
0.3617857285728573	0.008151811553247484
0.3618843884388439	0.008122758609446229
0.3619830483048305	0.008093731799476504
0.36208170817081714	0.008064731198337203
0.3621803680368037	0.008035756880734254
0.3622790279027903	0.008006808921081097
0.3623776877687769	0.007977887393499092
0.3624763476347635	0.00794899237181783
0.3625750075007501	0.007920123929575695
0.36267366736673673	0.007891282140020162
0.3627723272327233	0.007862467076108227
0.3628709870987099	0.007833678810506848
0.3629696469646965	0.007804917415593321
0.3630683068306831	0.0077761829634557245
0.3631669666966697	0.007747475525893213
0.36326562656265626	0.007718795174416641
0.3633642864286429	0.0076901419802487435
0.3634629462946295	0.00766151601432468
0.3635616061606161	0.00763291734729245
0.36366026602660273	0.007604346049513212
0.3637589258925893	0.007575802191061753
0.36385758575857585	0.007547285841726888
0.36395624562456247	0.007518797071011864
0.3640549054905491	0.007490335948134741
0.3641535653565357	0.007461902542028923
0.36425222522252226	0.0074334969213433605
0.3643508850885089	0.007405119154443119
0.3644495449544955	0.007376769309409771
0.36454820482048206	0.007348447454041734
0.3646468646864687	0.0073201536558547275
0.3647455245524553	0.007291887982082152
0.36484418441844185	0.007263650499675572
0.36494284428442847	0.007235441275305
0.3650415041504151	0.007207260375359453
0.3651401640164017	0.007179107865947231
0.36523882388238826	0.007150983812896351
0.3653374837483748	0.007122888281755082
0.36543614361436144	0.007094821337792162
0.36553480348034806	0.007066783045997302
0.3656334633463347	0.007038773471081634
0.3657321232123213	0.007010792677478056
0.36583078307830785	0.006982840729341667
0.36592944294429447	0.0069549176905501255
0.36602810281028103	0.006927023624704173
0.36612676267626765	0.006899158595127882
0.36622542254225426	0.006871322664869168
0.3663240824082408	0.006843515896700294
0.36642274227422744	0.0068157383531179975
0.36652140214021406	0.006787990096344178
0.3666200620062007	0.006760271188326122
0.3667187218721873	0.0067325816907370245
0.36681738173817385	0.006704921664976364
0.3669160416041604	0.006677291172170223
0.36701470147014703	0.006649690273171868
0.36711336133613365	0.006622119028561967
0.36721202120212026	0.006594577498649189
0.3673106810681069	0.00656706574347044
0.36740934093409344	0.00653958382279133
0.36750800080008	0.006512131796106678
0.3676066606660666	0.006484709722640729
0.36770532053205324	0.00645731766134777
0.36780398039803985	0.00642995567091236
0.3679026402640264	0.006402623809749815
0.36800130013001303	0.0063753221360066635
0.36809995999599965	0.006348050707560954
0.36819861986198626	0.0063208095820227374
0.3682972797279728	0.006293598816734431
0.36839593959395944	0.006266418468771199
0.368494599459946	0.0062392685949414555
0.3685932593259326	0.006212149251787218
0.36869191919191924	0.0061850604955844815
0.36879057905790585	0.006158002382343679
0.3688892389238924	0.006130974967810011
0.368987898789879	0.006103978307463977
0.3690865586558656	0.006077012456521627
0.3691852185218522	0.006050077469935169
0.3692838783878388	0.006023173402393104
0.36938253825382544	0.005996300308320883
0.369481198119812	0.005969458241881208
0.3695798579857986	0.005942647256974409
0.36967851785178524	0.005915867407238882
0.3697771777177718	0.005889118746051548
0.3698758375837584	0.0058624013265281575
0.369974497449745	0.005835715201523734
0.3700731573157316	0.005809060423633015
0.3701718171817182	0.005782437045190863
0.3702704770477048	0.005755845118272572
0.37036913691369144	0.0057292846946943934
0.370467796779678	0.005702755826013861
0.37056645664566457	0.005676258563530223
0.3706651165116512	0.005649792958284884
0.3707637763776378	0.005623359061061685
0.3708624362436244	0.0055969569223874895
0.370961096109611	0.005570586592532457
0.3710597559755976	0.0055442481215104596
0.3711584158415842	0.005517941559079529
0.37125707570757077	0.005491666954742272
0.3713557355735574	0.005465424357746181
0.371454395439544	0.005439213817084129
0.37155305530553057	0.005413035381494756
0.3716517151715172	0.005386889099462859
0.3717503750375038	0.005360775019219799
0.3718490349034904	0.005334693188743885
0.371947694769477	0.0053086436557608085
0.37204635463546354	0.005282626467744018
0.37214501450145016	0.005256641671915162
0.37224367436743677	0.0052306893152444705
0.3723423342334234	0.0052047694444511145
0.37244099409941	0.00517888210600369
0.37253965396539657	0.0051530273461205395
0.3726383138313832	0.005127205210770245
0.37273697369736974	0.0051014157456719614
0.37283563356335636	0.005075658996295806
0.372934293429343	0.005049935007863279
0.37303295329532954	0.005024243825347751
0.37313161316131616	0.004998585493474782
0.3732302730273028	0.004972960056722422
0.3733289328932894	0.004947367559321839
0.37342759275927595	0.004921808045257604
0.37352625262526257	0.004896281558267972
0.37362491249124913	0.004870788141845532
0.37372357235723574	0.004845327839237431
0.37382223222322236	0.004819900693445821
0.373920892089209	0.004794506747228252
0.37401955195519554	0.004769146043098109
0.37411821182118216	0.00474381862332494
0.3742168716871687	0.00471852452993497
0.37431553155315533	0.004693263804711345
0.37441419141914195	0.004668036489194691
0.37451285128512857	0.004642842624683441
0.37461151115111513	0.004617682252234162
0.37471017101710175	0.004592555412662127
0.37480883088308836	0.004567462146541509
0.3749074907490749	0.004542402494206021
0.37500615061506154	0.004517376495749034
0.3751048104810481	0.0044923841910242315
0.3752034703470347	0.004467425619645845
0.37530213021302133	0.004442500820989082
0.37540079007900795	0.004417609834190672
0.37549944994499457	0.004392752698148996
0.37559810981098113	0.004367929451524715
0.3756967696769677	0.004343140132741068
0.3757954295429543	0.004318384779984248
0.3758940894089409	0.004293663431203876
0.37599274927492754	0.004268976124113356
0.37609140914091416	0.004244322896190284
0.3761900690069007	0.00421970378467679
0.37628872887288733	0.004195118826580024
0.3763873887388739	0.004170568058672503
0.3764860486048605	0.00414605151749252
0.37658470847084713	0.004121569239344487
0.3766833683368337	0.004097121260299455
0.3767820282028203	0.0040727076161953795
0.3768806880688069	0.0040483283426375714
0.37697934793479354	0.004023983474999164
0.37707800780078016	0.003999673048421327
0.3771766676667667	0.003975397097813882
0.3772753275327533	0.003951155657855491
0.3773739873987399	0.003926948762994208
0.3774726472647265	0.003902776447447781
0.37757130713071313	0.0038786387452041313
0.3776699669966997	0.0038545356900216514
0.3777686268626863	0.003830467315429646
0.37786728672867287	0.003806433654728764
0.3779659465946595	0.0037824347409912986
0.3780646064606461	0.0037584706070616716
0.3781632663266327	0.003734541285556787
0.3782619261926193	0.0037106468088664176
0.3783605860586059	0.0036867872091536293
0.3784592459245925	0.0036629625183551354
0.37855790579057913	0.0036391727681817044
0.3786565656565657	0.0036154179901186257
0.37875522552255225	0.0035916982154259075
0.37885388538853887	0.0035680134751388715
0.3789525452545255	0.0035443638000685024
0.3790512051205121	0.003520749220801743
0.3791498649864987	0.0034971697677019667
0.3792485248524853	0.003473625470909342
0.37934718471847184	0.0034501163603412985
0.37944584458445846	0.003426642465692736
0.3795445044504451	0.0034032038164366354
0.3796431643164317	0.0033798004418243216
0.37974182418241825	0.003356432370885848
0.37984048404840487	0.003333099632430422
0.3799391439143915	0.003309802255046842
0.3800378037803781	0.0032865402671037863
0.38013646364636466	0.003263313696750264
0.3802351235123513	0.0032401225719160213
0.38033378337833784	0.0032169669203118254
0.38043244324432446	0.0031938467694300515
0.3805311031103111	0.0031707621465448333
0.3806297629762977	0.0031477130787126743
0.38072842284228425	0.0031246995927726724
0.3808270827082708	0.0031017217153469735
0.38092574257425743	0.003078779472841153
0.38102440244024405	0.0030558728914446363
0.38112306230623066	0.003033001997131013
0.3812217221722173	0.0030101668156585224
0.38132038203820384	0.0029873673725703347
0.38141904190419046	0.002964603693195043
0.3815177017701771	0.0029418758026469177
0.38161636163616364	0.0029191837258264876
0.38171502150215025	0.002896527487420678
0.3818136813681368	0.0028739071119034142
0.38191234123412343	0.0028513226235359376
0.38201100110011005	0.0028287740463671207
0.38210966096609666	0.0028062614042339462
0.3822083208320833	0.00278378472076187
0.38230698069806984	0.002761344019365121
0.3824056405640564	0.002738939323247295
0.382504300430043	0.002716570655401444
0.38260296029602964	0.0026942380386107212
0.38270162016201625	0.002671941495448661
0.3828002800280028	0.0026496810482795033
0.38289893989398943	0.002627456719258712
0.38299759975997605	0.002605268530333263
0.3830962596259626	0.002583116503242024
0.3831949194919492	0.0025610006595161994
0.38329357935793584	0.0025389210204796674
0.3833922392239224	0.0025168776072493986
0.383490899089909	0.002494870440735753
0.38358955895589564	0.0024728995416430266
0.38368821882188225	0.00245096493046964
0.3837868786878688	0.0024290666275086563
0.3838855385538554	0.002407204652848119
0.383984198419842	0.002385379026371417
0.3840828582858286	0.002363589767757711
0.3841815181518152	0.00234183689648223
0.38428017801780184	0.0023201204318168277
0.3843788378837884	0.0022984403928300763
0.384477497749775	0.002276796798387985
0.3845761576157616	0.002255189667154091
0.3846748174817482	0.002233619017589983
0.3847734773477348	0.002212084867955733
0.38487213721372143	0.002190587236310102
0.384970797079708	0.002169126140511086
0.3850694569456946	0.0021477015982161547
0.3851681168116812	0.0021263136268827643
0.3852667766776678	0.002104962243768707
0.3853654365436544	0.0020836474659323367
0.38546409640964097	0.0020623693102331674
0.3855627562756276	0.0020411277933321285
0.3856614161416142	0.0020199229316919588
0.3857600760076008	0.001998754741577553
0.38585873587358743	0.0019776232390564734
0.385957395739574	0.0019565284399991117
0.38605605560556056	0.0019354703600792695
0.38615471547154717	0.0019144490147744201
0.3862533753375338	0.0018934644193661114
0.3863520352035204	0.0018725165889403438
0.38645069506950697	0.001851605538387957
0.3865493549354936	0.0018307312824050203
0.3866480148014802	0.0018098938354930867
0.38674667466746676	0.0017890932119597911
0.3868453345334534	0.0017683294259190055
0.38694399439944	0.0017476024912913611
0.38704265426542656	0.001726912421804527
0.3871413141314132	0.001706259230993645
0.3872399739973998	0.0016856429322017184
0.3873386338633864	0.0016650635385799068
0.38743729372937297	0.0016445210630879456
0.38753595359535953	0.0016240155184945601
0.38763461346134614	0.0016035469173777107
0.38773327332733276	0.001583115272125149
0.3878319331933194	0.0015627205949346767
0.387930593059306	0.0015423628978144584
0.38802925292529256	0.0015220421925835343
0.3881279127912792	0.0015017584908721471
0.38822657265726573	0.0014815118041220116
0.38832523252325235	0.0014613021435868514
0.38842389238923897	0.0014411295203326422
0.38852255225522553	0.0014209939452380345
0.38862121212121215	0.0014008954289947122
0.38871987198719876	0.0013808339821077863
0.3888185318531854	0.0013608096148961444
0.388917191719172	0.0013408223374927605
0.38901585158515856	0.0013208721598452447
0.3891145114511451	0.0013009590917160033
0.38921317131713173	0.0012810831426826794
0.38931183118311835	0.0012612443221386312
0.38941049104910497	0.0012414426392931238
0.38950915091509153	0.0012216781031718596
0.38960781078107815	0.0012019507226172313
0.3897064706470647	0.0011822605062887291
0.3898051305130513	0.0011626074626632714
0.38990379037903794	0.0011429916000357
0.39000245024502456	0.0011234129265189944
0.3901011101110111	0.0011038714500446938
0.39019976997699773	0.0010843671783632906
0.39029842984298435	0.0010649001190446105
0.39039708970897097	0.0010454702794780685
0.39049574957495753	0.0010260776668731706
0.3905944094409441	0.001006722288259785
0.3906930693069307	0.0009874041504885755
0.3907917291729173	0.0009681232602313214
0.39089038903890394	0.0009488796239812587
0.39098904890489056	0.0009296732480535656
0.3910877087708771	0.0009105041385855128
0.3911863686368637	0.0008913723015371106
0.3912850285028503	0.0008722777426911529
0.3913836883688369	0.0008532204676538972
0.39148234823482353	0.0008342004818551574
0.3915810081008101	0.000815217790548892
0.3916796679667967	0.000796272398813379
0.3917783278327833	0.0007773643115517026
0.39187698769876994	0.000758493533492006
0.3919756475647565	0.0007396600691880599
0.3920743074307431	0.0007208639230193654
0.3921729672967297	0.000702105099191645
0.3922716271627163	0.0006833836017372605
0.3923702870287029	0.0006646994345154325
0.39246894689468953	0.0006460526012127314
0.3925676067606761	0.0006274431053433406
0.39266626662666265	0.0006088709502495229
0.39276492649264927	0.0005903361391018207
0.3928635863586359	0.0005718386748995809
0.3929622462246225	0.0005533785604712571
0.3930609060906091	0.0005349557984746917
0.3931595659565957	0.000516570391397583
0.3932582258225823	0.0004982223415578119
0.3933568856885689	0.0004799116511037231
0.3934555455545555	0.0004616383220146472
0.3935542054205421	0.00044340235610108484
0.3936528652865287	0.00042520375500515505
0.39375152515251527	0.00040704252020095527
0.3938501850185019	0.00038891865299486335
0.3939488448844885	0.00037083215452601967
0.3940475047504751	0.0003527830257664634
0.3941461646164617	0.0003347712675217463
0.39424482448244824	0.00031679688043106377
0.39434348434843486	0.00029885986496776197
0.3944421442144215	0.00028096022143964914
0.3945408040804081	0.0002630979499893221
0.39463946394639465	0.00024527305059457536
0.39473812381238127	0.00022748552306863046
0.39483678367836783	0.0002097353670607249
0.3949354435443545	0.00019202258205616132
0.39503410341034106	0.00017434716737697975
0.3951327632763277	0.00015670912218205508
0.39523142314231424	0.0001391084454675795
0.3953300830083008	0.00012154513606739395
0.3954287428742875	0.00010401919265332918
0.39552740274027404	8.653061373558118e-05
0.3956260626062607	6.907939766299389e-05
0.39572472247224727	5.1665542623527004e-05
0.3958233823382339	3.428904664449508e-05
0.39592204220422045	1.694990759300611e-05
0.396020702070207	3.5187682376526416e-07
0.3961193619361937	1.7616309058168318e-05
0.39621802180218024	3.484339172171056e-05
0.39631668166816686	5.2033127584799043e-05
0.3964153415341534	6.918551957630655e-05
0.3965140014001401	8.630057078323018e-05
0.39661266126612665	0.00010337828445037424
0.3967113211321132	0.00012041866398000384
0.39680998099809983	0.0001374217129314501
0.3969086408640864	0.00015438743502078784
0.39700730073007306	0.00017131583412049913
0.3971059605960596	0.00018820691425910737
0.39720462046204624	0.00020506067962086972
0.3973032803280328	0.00022187713454531395
0.3974019401940195	0.00023865628352703796
0.39750060006000604	0.0002553981312153096
0.3975992599259926	0.0002721026824136086
0.39769791979197927	0.0002887699420795083
0.39779657965796583	0.00030539991532411526
0.39789523952395245	0.00032199260741182006
0.397993899389939	0.0003385480237599261
0.3980925592559257	0.0003550661699383812
0.39819121912191224	0.0003715470516692652
0.3982898789878988	0.00038799067482663327
0.3983885388538854	0.00040439704543605246
0.398487198719872	0.00042076616967425494
0.39858585858585865	0.0004370980538688934
0.3986845184518452	0.0004533927044980437
0.39878317831783183	0.0004696501281900524
0.3988818381838184	0.00048587033172302
0.39898049804980495	0.0005020533220245564
0.3990791579157916	0.0005181991061713701
0.3991778177817782	0.0005343076913890151
0.3992764776477648	0.0005503790850514453
0.39937513751375137	0.0005664132946807806
0.39947379737973804	0.0005824103279468965
0.3995724572457246	0.000598370192667023
0.39967111711171116	0.0006142928968055545
0.39976977697769783	0.0006301784484736337
0.3998684368436844	0.0006460268559287369
0.399967096709671	0.0006618381275745027
0.40006575657565757	0.00067761227196017
0.40016441644164424	0.0006933492977804744
0.4002630763076308	0.0007090492138751024
0.4003617361736174	0.0007247120292285286
0.400460396039604	0.0007403377529694935
0.40055905590559054	0.0007559263943708848
0.4006577157715772	0.0007714779628491719
0.4007563756375638	0.0007869924679642194
0.4008550355035504	0.0008024699194189097
0.40095369536953696	0.0008179103270587679
0.4010523552355236	0.0008333137008716863
0.4011510151015102	0.0008486800509875058
0.40124967496749675	0.0008640093876777786
0.40134833483348337	0.0008793017213553884
0.40144699469946993	0.0008945570625741344
0.4015456545654566	0.0009097754220285493
0.40164431443144316	0.0009249568105534505
0.40174297429742983	0.0009401012391236159
0.4018416341634164	0.0009552087188534618
0.40194029402940296	0.0009702792609967585
0.4020389538953896	0.0009853128769462488
0.40213761376137613	0.0010003095782332618
0.4022362736273628	0.0010152693765274913
0.40233493349334937	0.001030192283636557
0.402433593359336	0.0010450783115057486
0.40253225322532254	0.0010599274722176688
0.4026309130913091	0.0010747397779918226
0.4027295729572958	0.0010895152411844742
0.40282823282328234	0.0011042538742880464
0.40292689268926896	0.0011189556899311032
0.4030255525552555	0.0011336207008776724
0.4031242124212422	0.0011482489200272477
0.40322287228722875	0.0011628403604142033
0.4033215321532154	0.001177395035207571
0.403420192019202	0.0011919129577107825
0.40351885188518855	0.0012063941413611257
0.40361751175117516	0.001220838599729664
0.4037161716171617	0.0012352463465206815
0.4038148314831484	0.0012496173955715568
0.40391349134913496	0.001263951760852236
0.4040121512151216	0.0012782494564651
0.40411081108110813	0.0012925104966444545
0.4042094709470947	0.0013067348957563002
0.40430813081308137	0.0013209226682980328
0.40440679067906793	0.001335073828898013
0.40450545054505455	0.0013491883923153545
0.4046041104110411	0.001363266373439484
0.4047027702770278	0.0013773077872898899
0.40480143014301434	0.0013913126490157658
0.4049000900090009	0.0014052809738956562
0.4049987498749875	0.0014192127773372711
0.4050974097409741	0.0014331080748769015
0.40519606960696075	0.0014469668821793717
0.4052947294729473	0.0014607892150375129
0.405393389338934	0.0014745750893719347
0.40549204920492055	0.0014883245212306993
0.40559070907090716	0.0015020375267888865
0.4056893689368937	0.0015157141223484608
0.4057880288028803	0.0015293543243377796
0.40588668866886696	0.0015429581493113457
0.4059853485348535	0.001556525613949456
0.40608400840084014	0.0015700567350579236
0.4061826682668267	0.001583551529567685
0.40628132813281337	0.001597010014534525
0.40637998799879993	0.001610432207138728
0.4064786478647865	0.0016238181246848575
0.4065773077307731	0.001637167784601168
0.40667596759675967	0.0016504812044396422
0.40677462746274634	0.001663758401875389
0.4068732873287329	0.0016769993947064275
0.4069719471947195	0.001690204200853414
0.4070706070607061	0.001703372838359167
0.40716926692669264	0.001716505325388581
0.4072679267926793	0.0017296016802280435
0.4073665866586659	0.001742661921285319
0.40746524652465255	0.0017556860670891177
0.4075639063906391	0.0017686741362888199
0.4076625662566257	0.0017816261476541718
0.4077612261226123	0.0017945421200749032
0.40785988598859885	0.0018074220725604654
0.4079585458545855	0.001820266024239704
0.4080572057205721	0.0018330739943605379
0.4081558655865587	0.001845846002289587
0.40825452545254526	0.0018585820675119506
0.40835318531853193	0.001871282209630873
0.4084518451845185	0.0018839464483672932
0.4085505050505051	0.0018965748035597385
0.40864916491649167	0.0019091672951638118
0.40874782478247823	0.0019217239432520218
0.4088464846484649	0.0019342447680134405
0.40894514451445146	0.0019467297897532224
0.4090438043804381	0.001959179028892576
0.40914246424642464	0.001971592505968208
0.4092411241124113	0.0019839702416321243
0.4093397839783979	0.0019963122566512463
0.40943844384438444	0.0020086185719071963
0.4095371037103711	0.002020889208395929
0.40963576357635767	0.002033124187227332
0.4097344234423443	0.0020453235296250924
0.40983308330833085	0.0020574872569261654
0.4099317431743175	0.002069615390580722
0.4100304030403041	0.00208170795215157
0.41012906290629064	0.002093764963314032
0.41022772277227726	0.0021057864458555965
0.4103263826382638	0.002117772421675487
0.4104250425042505	0.0021297229127845035
0.41052370237023705	0.002141637941304628
0.41062236223622367	0.0021535175294687403
0.41072102210221023	0.0021653616996202786
0.4108196819681968	0.0021771704742129866
0.41091834183418346	0.00218894387581057
0.41101700170017	0.0022006819270863156
0.4111156615661567	0.002212384650822938
0.4112143214321432	0.002224052069912088
0.4113129812981299	0.002235684207354234
0.41141164116411644	0.0022472810862581845
0.4115103010301031	0.0022588427298408883
0.41160896089608967	0.0022703691614270704
0.41170762076207623	0.002281860404448943
0.41180628062806285	0.002293316482445903
0.4119049404940494	0.0023047374190642285
0.4120036003600361	0.0023161232380567278
0.41210226022602264	0.002327473963282489
0.41220092009200926	0.0023387896187065656
0.4122995799579958	0.0023500702283996287
0.4123982398239824	0.002361315816537661
0.41249689968996905	0.002372526407401785
0.4125955595559556	0.0023837020253776845
0.41269421942194223	0.002394842694955599
0.4127928792879288	0.002405948440729831
0.41289153915391547	0.0024170192873985076
0.412990199019902	0.002428055259763196
0.4130888588858886	0.0024390563827287447
0.41318751875187526	0.0024500226813028944
0.4132861786178618	0.002460954180595924
0.41338483848384844	0.002471850905820461
0.413483498349835	0.0024827128822910672
0.41358215821582167	0.0024935401354240065
0.41368081808180823	0.0025043326907369726
0.4137794779477948	0.0025150905738486134
0.4138781378137814	0.0025258138104785137
0.41397679767976797	0.002536502426446557
0.41407545754575464	0.00254715644767297
0.4141741174117412	0.002557775900177717
0.4142727772777278	0.002568360810080427
0.4143714371437144	0.002578911203599956
0.41447009700970106	0.002589427107054087
0.4145687568756876	0.0025999085468593006
0.4146674167416742	0.0026103555495304914
0.4147660766076608	0.002620768141680587
0.41486473647364736	0.002631146350020262
0.414963396339634	0.002641490201357686
0.4150620562056206	0.0026517997225981855
0.41516071607160726	0.002662074940743954
0.4152593759375938	0.0026723158828937934
0.4153580358035804	0.0026825225762427225
0.415456695669567	0.0026926950480817813
0.41555535553555356	0.002702833325797678
0.41565401540154023	0.002712937436872515
0.4157526752675268	0.0027230074088834483
0.4158513351335134	0.002733043269502424
0.4159499949995	0.0027430450464958943
0.41604865486548653	0.0027530127677245137
0.4161473147314732	0.0027629464611428254
0.41624597459745977	0.0027728461547989838
0.4163446344634464	0.002782711876834424
0.41644329432943294	0.0027925436554836047
0.4165419541954196	0.002802341519073727
0.4166406140614062	0.0028121054960243835
0.41673927392739274	0.002821835614847313
0.41683793379337936	0.0028315319041460896
0.4169365936593659	0.0028411943926157797
0.4170352535253526	0.002850823109042786
0.41713391339133915	0.0028604180823043395
0.4172325732573258	0.0028699793413685037
0.4173312331233124	0.002879506915293526
0.417429892989299	0.002889000833227844
0.41752855285528556	0.0028984611244096447
0.4176272127212721	0.002907887818166569
0.4177258725872588	0.0029172809439155555
0.41782453245324536	0.0029266405311622955
0.417923192319232	0.0029359666095012736
0.41802185218521853	0.0029452592086151403
0.4181205120512052	0.0029545183582747
0.41821917191719177	0.0029637440883383895
0.41831783178317833	0.002972936428752174
0.41841649164916495	0.002982095409549203
0.4185151515151515	0.0029912210608494154
0.4186138113811382	0.003000313412859399
0.41871247124712474	0.0030093724958719886
0.41881113111311136	0.003018398340266079
0.4189097909790979	0.0030273909765062466
0.4190084508450845	0.003036350435142473
0.41910711071107115	0.0030452767468099637
0.4192057705770577	0.00305416994222866
0.4193044304430444	0.0030630300522031815
0.41940309030903095	0.0030718571076223476
0.41950175017501756	0.0030806511394589967
0.4196004100410041	0.0030894121787696707
0.4196990699069907	0.0030981402566943607
0.41979772977297736	0.0031068354044560854
0.4198963896389639	0.0031154976533608616
0.41999504950495054	0.0031241270347971395
0.4200937093709371	0.0031327235802356625
0.42019236923692377	0.0031412873212292424
0.42029102910291033	0.0031498182894122892
0.42038968896889695	0.0031583165165007376
0.4204883488348835	0.003166782034291548
0.42058700870087007	0.0031752148746626097
0.42068566856685674	0.003183615069572342
0.4207843284328433	0.0031919826510594792
0.42088298829883	0.0032003176512427367
0.42098164816481654	0.0032086201023205064
0.42108030803080315	0.0032168900365707044
0.4211789678967897	0.003225127486350305
0.4212776277627763	0.003233332484095201
0.42137628762876295	0.003241505062319884
0.4214749474947495	0.003249645253617116
0.4215736073607361	0.0032577530906577152
0.4216722672267227	0.003265828606190185
0.42177092709270936	0.0032738718330405495
0.4218695869586959	0.0032818828041120086
0.4219682468246825	0.003289861552384619
0.4220669066906691	0.003297808110915108
0.42216556655665566	0.003305722512836491
0.42226422642264233	0.003313604791357903
0.4223628862886289	0.003321454979764228
0.4224615461546155	0.0033292731114158013
0.42256020602060207	0.003337059219748299
0.42265886588658863	0.0033448133382722317
0.4227575257525753	0.003352535500572841
0.42285618561856186	0.0033602257403096947
0.42295484548454854	0.0033678840912165554
0.4230535053505351	0.003375510587100971
0.4231521652165217	0.003383105261844008
0.4232508250825083	0.0033906681494000504
0.42334948494849495	0.0033981992837964787
0.4234481448144815	0.0034056986991334456
0.42354680468046807	0.0034131664295834418
0.4236454645464547	0.0034206025093912198
0.42374412441244125	0.003428006972873419
0.4238427842784279	0.003435379854418252
0.4239414441444145	0.003442721188485321
0.4240401040104011	0.003450031009605277
0.42413876387638766	0.0034573093523795487
0.4242374237423742	0.0034645562514801563
0.4243360836083609	0.0034717717416493047
0.42443474347434745	0.0034789558576991814
0.42453340334033407	0.0034861086345116723
0.42463206320632063	0.003493230107038133
0.4247307230723073	0.003500320310298973
0.42482938293829386	0.0035073792793835893
0.4249280428042804	0.0035144070494499335
0.4250267026702671	0.0035214036557242837
0.42512536253625366	0.0035283691335010105
0.4252240224022403	0.0035353035181422505
0.42532268226822684	0.003542206845077696
0.4254213421342135	0.0035490791498042013
0.42552000200020007	0.0035559204678857056
0.42561866186618663	0.003562730834952811
0.42571732173217325	0.003569510286702505
0.4258159815981598	0.0035762588588979932
0.4259146414641465	0.0035829765873683947
0.42601330133013304	0.0035896635080083835
0.42611196119611966	0.003596319656778089
0.4262106210621062	0.0036029450697025976
0.4263092809280929	0.0036095397828719237
0.42640794079407945	0.003616103832440576
0.426506600660066	0.0036226372546273524
0.42660526052605263	0.003629140085715059
0.4267039203920392	0.0036356123620502694
0.42680258025802587	0.0036420541200430086
0.4269012401240124	0.0036484653961665198
0.4269998999899991	0.0036548462269569517
0.42709855985598566	0.0036611966490132162
0.4271972197219722	0.003667516698996499
0.42729587958795884	0.0036738064136302676
0.4273945394539454	0.0036800658296997834
0.42749319931993207	0.0036862949840519212
0.42759185918591863	0.003692493913594894
0.42769051905190525	0.0036986626552980594
0.4277891789178918	0.0037048012461914936
0.42788783878387837	0.0037109097233658577
0.42798649864986504	0.003716988123972131
0.4280851585158516	0.003723036485221239
0.4281838183818382	0.0037290548443839784
0.4282824782478248	0.003735043238790491
0.42838113811381145	0.003741001705830243
0.428479797979798	0.0037469302829516203
0.4285784578457846	0.003752829007661754
0.42867711771177125	0.003758697917526175
0.42877577757775776	0.003764537050168575
0.4288744374437444	0.00377034644327062
0.428973097309731	0.003776126134571544
0.42907175717571766	0.0037818761618680693
0.4291704170417042	0.0037875965630139474
0.42926907690769084	0.003793287375919853
0.4293677367736774	0.003798948638553065
0.42946639663966396	0.003804580388937156
0.42956505650565063	0.0038101826651518733
0.4296637163716372	0.0038157555053326842
0.4297623762376238	0.0038212989476706745
0.42986103610361037	0.003826813030412263
0.42995969596959704	0.003832297791858827
0.4300583558355836	0.0038377532703666103
0.43015701570157017	0.0038431795043463524
0.4302556755675568	0.003848576532263038
0.43035433543354334	0.0038539443926357063
0.43045299529953	0.0038592831240370808
0.4305516551655166	0.0038645927650934365
0.43065031503150325	0.0038698733544842725
0.4307489748974898	0.0038751249309420463
0.4308476347634764	0.003880347533251947
0.430946294629463	0.0038855412002516128
0.43104495449544955	0.0038907059708309186
0.4311436143614362	0.003895841883931656
0.4312422742274228	0.003900948978547334
0.4313409340934094	0.0039060272937228493
0.43143959395939596	0.003911076868554398
0.4315382538253825	0.003916097742188969
0.4316369136913692	0.0039210899538243025
0.43173557355735576	0.0039260535427085045
0.4318342334233424	0.003930988548139918
0.43193289328932893	0.0039358950094666965
0.4320315531553156	0.003940772966086745
0.43213021302130217	0.003945622457447279
0.4322288728872888	0.003950443523044722
0.43232753275327535	0.003955236202424389
0.4324261926192619	0.003960000535180186
0.4325248524852486	0.003964736560954438
0.43262351235123514	0.003969444319437625
0.4327221722172218	0.00397412385036804
0.4328208320832084	0.003978775193531699
0.432919491949195	0.003983398388761929
0.43301815181518155	0.0039879934759392156
0.4331168116811681	0.003992560494990869
0.4332154715471548	0.003997099485890883
0.43331413141314135	0.00400161048865966
0.43341279127912796	0.004006093543363575
0.4335114511451145	0.004010548690115008
0.4336101110111012	0.004014975969071953
0.43370877087708776	0.004019375420437693
0.4338074307430743	0.004023747084460705
0.43390609060906093	0.004028091001434355
0.4340047504750475	0.00403240721169657
0.43410341034103417	0.004036695755629677
0.43420207020702073	0.004040956673660148
0.43430073007300735	0.004045190006258344
0.4343993899389939	0.004049395793938199
0.43449804980498047	0.004053574077257096
0.43459670967096714	0.004057724896815527
0.4346953695369537	0.004061848293256867
0.4347940294029404	0.004065944307267158
0.43489268926892694	0.004070012979574799
0.43499134913491355	0.004074054350950363
0.4350900090009001	0.0040780684622063
0.4351886688668868	0.0040820553541967945
0.43528732873287335	0.004086015067817351
0.4353859885988599	0.004089947644004669
0.4354846484648465	0.004093853123736377
0.4355833083308331	0.004097731548030801
0.43568196819681976	0.00410158295794665
0.4357806280628063	0.004105407394582873
0.43587928792879294	0.004109204899078299
0.4359779477947795	0.004112975512611485
0.43607660766076606	0.004116719276400473
0.43617526752675273	0.0041204362317025164
0.4362739273927393	0.004124126419813735
0.4363725872587259	0.00412778988206913
0.43647124712471247	0.004131426659842069
0.43656990699069914	0.004135036794544214
0.4366685668566857	0.00413862032762516
0.43676722672267226	0.004142177300572386
0.43686588658865894	0.004145707754910764
0.4369645464546455	0.0041492117322024895
0.4370632063206321	0.0041526892740468115
0.4371618661866187	0.004156140422079726
0.43726052605260535	0.0041595652179737975
0.4373591859185919	0.004162963703437926
0.43745784578457847	0.00416633592021704
0.4375565056505651	0.004169681910091964
0.43765516551655165	0.004173001714879031
0.4377538253825383	0.004176295376429979
0.4378524852485249	0.004179562936631647
0.4379511451145115	0.004182804437405783
0.43804980498049806	0.004186019920708697
0.43814846484648473	0.0041892094285311664
0.4382471247124713	0.004192373002898082
0.43834578457845785	0.004195510685868316
0.4384444444444445	0.004198622519534363
0.4385431043104311	0.004201708546022184
0.4386417641764177	0.004204768807490988
0.43874042404240426	0.004207803346132902
0.43883908390839094	0.004210812204172806
0.4389377437743775	0.004213795423868127
0.43903640364036406	0.0042167530475085
0.4391350635063507	0.004219685117415628
0.43923372337233724	0.004222591675942972
0.4393323832383239	0.004225472765475598
0.43943104310431047	0.004228328428429855
0.4395297029702971	0.004231158707253219
0.43962836283628365	0.00423396364442398
0.4397270227022702	0.004236743282451108
0.4398256825682569	0.0042394976638739
0.43992434243424344	0.004242226831261819
0.44002300230023006	0.004244930827214296
0.4401216621662166	0.004247609694360366
0.4402203220322033	0.0042502634753586125
0.44031898189818985	0.004252892212896787
0.4404176417641764	0.004255495949691643
0.4405163016301631	0.004258074728488686
0.44061496149614965	0.004260628592061935
0.44071362136213627	0.0042631575832137395
0.4408122812281228	0.0042656617447744665
0.4409109410941095	0.004268141119602379
0.44100960096009606	0.0042705957505832825
0.4411082608260827	0.004273025680630361
0.44120692069206924	0.004275430952683981
0.4413055805580558	0.004277811609711366
0.44140424042404247	0.004280167694706466
0.44150290029002903	0.004282499250689627
0.44160156015601565	0.004284806320707493
0.4417002200220022	0.004287088947832626
0.4417988798879889	0.004289347175163395
0.44189753975397544	0.004291581045823723
0.441996199619962	0.004293790602962805
0.4420948594859486	0.004295975889754886
0.4421935193519352	0.004298136949399168
0.44229217921792185	0.004300273825119329
0.4423908390839084	0.004302386560163586
0.4424894989498951	0.004304475197804274
0.44258815881588165	0.004306539781337653
0.4426868186818682	0.004308580354083716
0.4427854785478548	0.004310596959385921
0.4428841384138414	0.004312589640611057
0.44298279827982806	0.004314558441148894
0.4430814581458146	0.004316503404412049
0.44318011801180124	0.004318424573835699
0.4432787778777878	0.004320321992877421
0.44337743774377436	0.0043221957050169095
0.44347609760976103	0.004324045753755782
0.4435747574757476	0.004325872182617376
0.4436734173417342	0.004327675035146419
0.44377207720772077	0.004329454354908957
0.44387073707370744	0.0043312101854920265
0.443969396939694	0.00433294257050348
0.4440680568056806	0.004334651553571749
0.4441667166716672	0.004336337178345584
0.44426537653765374	0.004337999488493928
0.4443640364036404	0.004339638527705544
0.444462696269627	0.00434125433968894
0.44456135613561365	0.004342846968172146
0.4446600160016002	0.00434441645690226
0.44475867586758683	0.004345962849645655
0.4448573357335734	0.0043474861901872585
0.44495599559955995	0.004348986522330762
0.4450546554655466	0.004350463889898129
0.4451533153315332	0.004351918336729501
0.4452519751975198	0.004353349906682909
0.44535063506350636	0.004354758643634115
0.44544929492949303	0.004356144591476402
0.4455479547954796	0.004357507794120216
0.44564661466146616	0.004358848295493196
0.4457452745274528	0.004360166139539651
0.44584393439343933	0.00436146137022062
0.445942594259426	0.004362734031513501
0.44604125412541257	0.004363984167411854
0.44613991399139924	0.0043652118219252075
0.44623857385738575	0.004366417039078842
0.4463372337233723	0.004367599862913504
0.446435893589359	0.004368760337485381
0.44653455345534554	0.004369898506865622
0.4466332133213322	0.004371014415140296
0.4467318731873188	0.004372108106410191
0.4468305330533054	0.004373179624790437
0.44692919291929195	0.0043742290144104514
0.4470278527852786	0.004375256319413697
0.4471265126512652	0.004376261583957364
0.44722517251725175	0.004377244852212332
0.44732383238323836	0.0043782061683627325
0.4474224922492249	0.004379145576605937
0.4475211521152116	0.00438006312115225
0.44761981198119816	0.004380958846224681
0.4477184718471848	0.004381832796058807
0.44781713171317133	0.004382685014902441
0.4479157915791579	0.004383515547015575
0.44801445144514457	0.004384324436670036
0.44811311131113113	0.004385111728149272
0.4482117711771178	0.004385877465748307
0.44831043104310436	0.004386621693773327
0.448409090909091	0.004387344456541556
0.44850775077507754	0.004388045798381064
0.4486064106410641	0.004388725763630562
0.4487050705070508	0.00438938439663912
0.44880373037303734	0.004390021741766012
0.44890239023902395	0.004390637843380496
0.4490010501050105	0.004391232745861596
0.4490997099709972	0.004391806493597946
0.44919836983698375	0.00439235913098752
0.4492970297029703	0.004392890702437371
0.4493956895689569	0.00439340125236359
0.4494943494349435	0.004393890825190937
0.44959300930093016	0.004394359465352706
0.4496916691669167	0.0043948072172904995
0.44979032903290334	0.004395234125454089
0.4498889888988899	0.004395640234301071
0.44998764876487657	0.004396025588296729
0.45008630863086313	0.004396390231913911
0.4501849684968497	0.004396734209632676
0.45028362836283636	0.004397057565940228
0.4503822882288229	0.004397360345330526
0.45048094809480954	0.0043976425923043135
0.4505796079607961	0.004397904351368727
0.4506782678267828	0.004398145667037142
0.45077692769276934	0.004398366583829092
0.4508755875587559	0.004398567146269759
0.4509742474247425	0.004398747398890179
0.4510729072907291	0.00439890738622667
0.45117156715671575	0.00439904715282083
0.4512702270227023	0.004399166743219326
0.4513688868886889	0.004399266201973591
0.4514675467546755	0.004399345573639726
0.45156620662066205	0.004399404902778199
0.4516648664866487	0.00439944423395377
0.4517635263526353	0.004399463611735159
0.4518621862186219	0.004399463080694916
0.45196084608460846	0.004399442685409181
0.45205950595059513	0.004399402470457561
0.4521581658165817	0.004399342480422823
0.45225682568256825	0.004399262759890796
0.4523554855485549	0.004399163353450034
0.4524541454145415	0.004399044305691791
0.4525528052805281	0.004398905661209674
0.45265146514651466	0.004398747464599513
0.45275012501250134	0.004398569760459158
0.4528487848784879	0.00439837259338827
0.4529474447444745	0.004398156007988112
0.4530461046104611	0.004397920048861414
0.45314476447644764	0.004397664760612011
0.4532434243424343	0.0043973901878448345
0.45334208420842087	0.004397096375165655
0.4534407440744075	0.004396783367180814
0.45353940394039405	0.004396451208497114
0.4536380638063807	0.004396099943721557
0.4537367236723673	0.004395729617461211
0.45383538353835384	0.004395340274322978
0.45393404340434046	0.004394931958913348
0.454032703270327	0.004394504715838322
0.4541313631363137	0.004394058589703122
0.45423002300230025	0.004393593625112017
0.4543286828682869	0.00439310986666815
0.4544273427342735	0.004392607358973302
0.45452600260026005	0.00439208614662782
0.45462466246624667	0.004391546274230125
0.4547233223322332	0.004390987786376945
0.4548219821982199	0.004390410727662773
0.45492064206420646	0.004389815142679821
0.4550193019301931	0.004389201076017809
0.45511796179617964	0.004388568572263747
0.4552166216621662	0.004387917676001801
0.45531528152815287	0.004387248431813036
0.45541394139413943	0.004386560884275258
0.45551260126012605	0.004385855077962806
0.4556112611261126	0.004385131057446359
0.4557099209920993	0.004384388867292803
0.45580858085808584	0.004383628552064935
0.4559072407240725	0.004382850156321387
0.4560059005900591	0.004382053724616309
0.45610456045604564	0.004381239301499331
0.45620322032203225	0.0043804069315152286
0.4563018801880188	0.004379556659203811
0.4564005400540055	0.004378688529099737
0.45649919991999205	0.004377802585732271
0.45659785978597867	0.004376898873625195
0.4566965196519652	0.0043759774372964765
0.4567951795179518	0.004375038321258212
0.45689383938393846	0.004374081570016375
0.456992499249925	0.004373107228070612
0.45709115911591164	0.0043721153399141465
0.4571898189818982	0.004371105950033469
0.45728847884788487	0.004370079102908234
0.45738713871387143	0.0043690348430110255
0.457485798579858	0.004367973214807258
0.4575844584458446	0.004366894262754907
0.45768311831183117	0.004365798031304265
0.45778177817781784	0.004364684564897965
0.4578804380438044	0.004363553907970556
0.4579790979097911	0.004362406104948529
0.45807775777577764	0.004361241200249915
0.4581764176417642	0.00436005923828435
0.4582750775077508	0.004358860263452684
0.4583737373737374	0.004357644320146853
0.45847239723972405	0.0043564114527498065
0.4585710571057106	0.004355161705635136
0.45866971697169723	0.004353895123167064
0.4587683768376838	0.004352611749700164
0.45886703670367046	0.004351311629579168
0.458965696569657	0.004349994807138902
0.4590643564356436	0.004348661326703958
0.4591630163016302	0.0043473112325885886
0.45926167616761676	0.004345944569096553
0.45936033603360343	0.004344561380520811
0.45945899589959	0.0043431617111435485
0.4595576557655766	0.004341745605235788
0.4596563156315632	0.004340313107057367
0.45975497549754973	0.004338864260856599
0.4598536353635364	0.004337399110870314
0.45995229522952297	0.004335917701323448
0.46005095509550964	0.00433442007642902
0.4601496149614962	0.004332906280387889
0.4602482748274828	0.00433137635738857
0.4603469346934694	0.004329830351607124
0.46044559455945594	0.004328268307206893
0.4605442544254426	0.004326690268338376
0.4606429142914292	0.004325096279139069
0.4607415741574158	0.004323486383733174
0.46084023402340235	0.004321860626231617
0.460938893889389	0.004320219050731654
0.4610375537553756	0.004318561701316921
0.46113621362136215	0.00431688862205701
0.46123487348734876	0.0043151998570075106
0.4613335333533353	0.004313495450209763
0.461432193219322	0.004311775445690596
0.46153085308530856	0.004310039887462301
0.4616295129512952	0.004308288819522311
0.46172817281728173	0.00430652228585318
0.4618268326832684	0.00430474033042226
0.46192549254925497	0.004302942997181601
0.46202415241524153	0.0043011303300678665
0.4621228122812282	0.004299302373001949
0.46222147214721476	0.004297459169888977
0.4623201320132014	0.004295600764618099
0.46241879187918794	0.004293727201062199
0.4625174517451746	0.004291838523077986
0.4626161116111612	0.0042899347745055435
0.46271477147714773	0.004288015999168281
0.46281343134313435	0.004286082240872794
0.4629120912091209	0.00428413354340864
0.4630107510751076	0.004282169950548154
0.46310941094109415	0.004280191506046394
0.46320807080708076	0.004278198253640814
0.4633067306730673	0.004276190237051207
0.4634053905390539	0.0042741674999794655
0.46350405040504056	0.004272130086109469
0.4636027102710271	0.004270078039106891
0.4637013701370138	0.0042680114026190695
0.4638000300030003	0.004265930220274738
0.46389868986898697	0.004263834535683944
0.46399734973497353	0.004261724392437883
0.4640960096009601	0.004259599834108733
0.46419466946694676	0.004257460904249361
0.4642933293329333	0.004255307646393392
0.46439198919891994	0.0042531401040548315
0.4644906490649065	0.0042509583207280145
0.4645893089308932	0.004248762339887401
0.46468796879687974	0.004246552204987409
0.46478662866286635	0.004244327959462271
0.4648852885288529	0.004242089646725852
0.4649839483948395	0.004239837310171468
0.46508260826082615	0.004237570993171829
0.4651812681268127	0.004235290739078661
0.4652799279927993	0.004232996591222784
0.4653785878587859	0.0042306885929137995
0.46547724772477256	0.004228366787439975
0.4655759075907591	0.00422603121806805
0.4656745674567457	0.00422368192804314
0.46577322732273235	0.004221318960588501
0.4658718871887189	0.004218942358905422
0.46597054705470553	0.004216552166173021
0.4660692069206921	0.004214148425548146
0.46616786678667876	0.004211731180165125
0.4662665266526653	0.0042093004731356765
0.4663651865186519	0.004206856347548754
0.4664638463846385	0.004204398846470358
0.46656250625062506	0.0042019280129433345
0.46666116611661174	0.004199443889987309
0.4667598259825983	0.0041969465205984645
0.4668584858485849	0.0041944359477494135
0.4669571457145715	0.004191912214388998
0.46705580558055804	0.004189375363442194
0.4671544654465447	0.004186825437809918
0.46725312531253127	0.004184262480368848
0.4673517851785179	0.004181686533971331
0.46745044504450445	0.004179097641445117
0.4675491049104911	0.004176495845593361
0.4676477647764777	0.004173881189194335
0.46774642464246435	0.004171253715001314
0.4678450845084509	0.004168613465742451
0.4679437443744375	0.004165960484120561
0.4680424042404241	0.004163294812813023
0.46814106410641065	0.004160616494471586
0.4682397239723973	0.004157925571722269
0.4683383838383839	0.0041552220871651545
0.4684370437043705	0.004152506083374193
0.46853570357035706	0.004149777602897208
0.4686343634363436	0.004147036688255583
0.4687330233023303	0.004144283381944189
0.46883168316831686	0.0041415177264312155
0.4689303430343035	0.004138739764157983
0.46902900290029004	0.0041359495375388865
0.4691276627662767	0.004133147088961117
0.46922632263226327	0.004130332460784636
0.46932498249824983	0.004127505695341912
0.46942364236423645	0.004124666834937873
0.469522302230223	0.004121815921849697
0.4696209620962097	0.004118952998326631
0.46971962196219624	0.004116078106589955
0.4698182818281829	0.004113191288832679
0.4699169416941695	0.004110292587219549
0.47001560156015604	0.0041073820438867585
0.47011426142614265	0.004104459700941978
0.4702129212921292	0.004101525600463967
0.4703115811581159	0.004098579784502641
0.47041024102410245	0.004095622295078854
0.47050890089008907	0.004092653174184132
0.4706075607560756	0.004089672463780754
0.4707062206220623	0.0040866802058014285
0.47080488048804886	0.004083676442149165
0.4709035403540354	0.004080661214697298
0.47100220022002204	0.004077634565289073
0.4711008600860086	0.004074596535737726
0.47119951995199527	0.004071547167826154
0.47129817981798183	0.0040684865033070285
0.47139683968396845	0.004065414583902319
0.471495499549955	0.004062331451303466
0.47159415941594157	0.004059237147170994
0.47169281928192824	0.004056131713134521
0.4717914791479148	0.004053015190792538
0.4718901390139015	0.004049887621712338
0.47198879887988804	0.004046749047429767
0.47208745874587466	0.004043599509449194
0.4721861186118612	0.004040439049243264
0.4722847784778478	0.004037267708252866
0.47238343834383445	0.004034085527886905
0.472482098209821	0.004030892549522199
0.4725807580758076	0.004027688814503387
0.4726794179417942	0.004024474364142667
0.47277807780778086	0.00402124923971972
0.4728767376737674	0.004018013482481641
0.472975397539754	0.0040147671336426966
0.4730740574057406	0.00401151023438421
0.47317271727172716	0.004008242825854479
0.47327137713771383	0.004004964949168573
0.4733700370037004	0.0040016766454082356
0.47346869686968707	0.0039983779556216886
0.47356735673567363	0.003995068920823623
0.47366601660166024	0.00399174958199486
0.4737646764676468	0.003988419980082424
0.47386333633363337	0.003985080155999277
0.47396199619962004	0.003981730150624261
0.4740606560656066	0.00397837000480184
0.4741593159315932	0.00397499975934215
0.4742579757975798	0.003971619455020672
0.47435663566356645	0.003968229132578224
0.474455295529553	0.003964828832720813
0.4745539553955396	0.003961418596119395
0.4746526152615262	0.003957998463409943
0.47475127512751275	0.003954568475193114
0.4748499349934994	0.003951128672034203
0.474948594859486	0.003947679094463046
0.4750472547254726	0.003944219782973792
0.47514591459145916	0.003940750778024878
0.4752445744574457	0.003937272120038786
0.4753432343234324	0.003933783849402038
0.47544189418941896	0.003930286006464968
0.47554055405540563	0.003926778631541578
0.4756392139213922	0.003923261764909534
0.4757378737873788	0.003919735446809894
0.47583653365336537	0.003916199717447058
0.47593519351935193	0.003912654616988641
0.4760338533853386	0.003909100185565283
0.47613251325132516	0.003905536463270551
0.4762311731173118	0.003901963490160881
0.47632983298329834	0.0038983813062552844
0.476428492849285	0.00389478995153548
0.4765271527152716	0.0038911894659454517
0.4766258125812582	0.003887579889391568
0.47672447244724475	0.0038839612617423704
0.4768231323132313	0.003880333622828384
0.476921792179218	0.003876697012442115
0.47702045204520455	0.0038730514703378092
0.47711911191119116	0.0038693970362314437
0.4772177717771777	0.0038657337498005226
0.4773164316431644	0.0038620616506838483
0.47741509150915096	0.003858380778481735
0.4775137513751375	0.003854691172755467
0.4776124112411242	0.0038509928730274742
0.47771107110711075	0.0038472859187811026
0.47780973097309737	0.003843570349460454
0.47790839083908393	0.0038398462044703725
0.4780070507050706	0.003836113523176197
0.47810571057105716	0.0038323723449037307
0.4782043704370437	0.003828622708939067
0.47830303030303034	0.003824864654528502
0.4784016901690169	0.0038210982208783818
0.4785003500350036	0.0038173234471550405
0.47859900990099014	0.0038135403724846076
0.47869766976697675	0.0038097490359529306
0.4787963296329633	0.003805949476605422
0.4788949894989499	0.003802141733446989
0.47899364936493655	0.003798325845441865
0.4790923092309231	0.003794501851513562
0.4791909690969097	0.003790669790544628
0.4792896289628963	0.003786829701376661
0.47938828882888296	0.0037829816228101038
0.4794869486948695	0.0037791255936042143
0.4795856085608562	0.0037752616524767877
0.47968426842684275	0.003771389838104263
0.4797829282928293	0.0037675101891213995
0.47988158815881593	0.003763622744121287
0.4799802480248025	0.0037597275416552055
0.48007890789078916	0.0037558246202324254
0.4801775677567757	0.0037519140183202805
0.48027622762276234	0.003747995774343814
0.4803748874887489	0.0037440699266858605
0.48047354735473546	0.003740136513686878
0.48057220722072214	0.0037361955736447084
0.4806708670867087	0.003732247144814698
0.4807695269526953	0.003728291265409336
0.4808681868186819	0.0037243279735983538
0.48096684668466855	0.0037203573075085144
0.4810655065506551	0.00371637930522344
0.48116416641664167	0.003712394004783624
0.4812628262826283	0.003708401444186236
0.48136148614861485	0.0037044016613850764
0.4814601460146015	0.003700394694290337
0.4815588058805881	0.0036963805807687265
0.48165746574657475	0.003692359358643068
0.4817561256125613	0.0036883310656924298
0.4818547854785479	0.0036842957396518846
0.4819534453445345	0.0036802534182124465
0.48205210521052105	0.0036762041390209247
0.4821507650765077	0.0036721479396799135
0.4822494249424943	0.003668084857747575
0.4823480848084809	0.003664014930737525
0.48244674467446746	0.003659938196118872
0.48254540454045414	0.00365585469131592
0.4826440644064407	0.003651764453708205
0.48274272427242726	0.0036476675206303225
0.4828413841384139	0.0036435639293718627
0.48294004400440044	0.0036394537171772173
0.4830387038703871	0.003635336921245566
0.48313736373637367	0.0036312135787307624
0.48323602360236034	0.003627083726741173
0.4833346834683469	0.0036229474023396348
0.48343334333433347	0.0036188046425433135
0.4835320032003201	0.0036146554843235873
0.48363066306630664	0.0036104999646060106
0.4837293229322933	0.003606338120270165
0.4838279827982799	0.003602169988149489
0.4839266426642665	0.0035979956050313316
0.48402530253025305	0.003593815007656745
0.4841239623962396	0.0035896282327203227
0.4842226222622263	0.0035854353168703317
0.48432128212821285	0.0035812362967083083
0.48441994199419947	0.0035770312087892078
0.484518601860186	0.003572820089621154
0.4846172617261727	0.0035686029756654067
0.48471592159215926	0.0035643799033362646
0.4848145814581458	0.0035601509090008973
0.48491324132413244	0.003555916028979347
0.485011901190119	0.003551675299544361
0.48511056105610567	0.00354742875692129
0.48520922092209223	0.003543176437288068
0.4853078807880789	0.003538918376774981
0.48540654065406547	0.0035346546114647637
0.4855052005200521	0.003530385177392269
0.48560386038603864	0.0035261101105445347
0.4857025202520252	0.0035218294468606763
0.4858011801180119	0.0035175432222317162
0.48589983998399844	0.003513251472500543
0.48599849984998506	0.0035089542334618487
0.4860971597159716	0.0035046515408618853
0.4861958195819583	0.0035003434303985605
0.48629447944794485	0.0034960299377212933
0.4863931393139314	0.0034917110984307676
0.486491799179918	0.003487386948079021
0.4865904590459046	0.0034830575221692917
0.48668911891189126	0.0034787228561559257
0.4867877787778778	0.003474382985444279
0.48688643864386444	0.003470037945390595
0.486985098509851	0.0034656877713020156
0.48708375837583756	0.0034613324984363206
0.48718241824182423	0.0034569721620020147
0.4872810781078108	0.00345260679715814
0.48737973797379747	0.003448236439014183
0.48747839783978403	0.0034438611226300683
0.48757705770577064	0.0034394808830159316
0.4876757175717572	0.003435095755132143
0.48777437743774377	0.00343070577388921
0.48787303730373044	0.0034263109741475765
0.487971697169717	0.0034219113907177005
0.4880703570357036	0.0034175070583598597
0.4881690169016902	0.0034130980117841117
0.48826767676767685	0.003408684285650118
0.4883663366336634	0.0034042659145672133
0.48846499649965003	0.00339984293309416
0.4885636563656366	0.003395415375739185
0.48866231623162315	0.00339098327695979
0.4887609760976098	0.0033865466711627706
0.4888596359635964	0.003382105592704047
0.488958295829583	0.0033776600758886107
0.48905695569556956	0.0033732101549704897
0.48915561556155623	0.003368755864152524
0.4892542754275428	0.00336429723758649
0.48935293529352936	0.003359834309372809
0.48945159515951603	0.00335536711356058
0.4895502550255026	0.003350895684147522
0.4896489148914892	0.003346420055079773
0.48974757475747577	0.0033419402602519327
0.48984623462346244	0.0033374563335069277
0.489944894489449	0.0033329683086358954
0.49004355435543556	0.0033284762193781805
0.4901422142214222	0.003323980099421158
0.49024087408740874	0.0033194799824002937
0.4903395339533954	0.0033149759018988906
0.490438193819382	0.0033104678914481506
0.4905368536853686	0.0033059559845270894
0.49063551355135515	0.0033014402145622518
0.4907341734173417	0.0032969206149280044
0.4908328332833284	0.0032923972189460643
0.49093149314931495	0.0032878700598857353
0.4910301530153016	0.0032833391709636167
0.4911288128812882	0.0032788045853436526
0.4912274727472748	0.0032742663361369955
0.49132613261326136	0.0032697244564020016
0.49142479247924803	0.0032651789791439964
0.4915234523452346	0.0032606299373154142
0.49162211221122115	0.003256077363815516
0.49172077207720777	0.0032515212914904844
0.49181943194319433	0.0032469617531332633
0.491918091809181	0.0032423987814834726
0.49201675167516756	0.0032378324092273867
0.4921154115411542	0.003233262668997801
0.49221407140714074	0.003228689593374036
0.4923127312731273	0.0032241132148817723
0.492411391139114	0.0032195335659930854
0.49251005100510054	0.003214950679126271
0.49260871087108715	0.0032103645866458307
0.4927073707370737	0.0032057753208623837
0.4928060306030604	0.0032011829140326424
0.49290469046904695	0.003196587398359219
0.4930033503350335	0.003191988805990699
0.4931020102010202	0.00318738716902149
0.49320067006700674	0.0031827825194917993
0.49329932993299336	0.003178174889387476
0.4933979897989799	0.0031735643106400816
0.4934966496649666	0.003168950815126675
0.49359530953095315	0.0031643344346698587
0.4936939693969397	0.0031597152010376423
0.49379262926292633	0.0031550931459434248
0.4938912891289129	0.0031504683010458437
0.49398994899489956	0.0031458406979488424
0.4940886088608861	0.003141210368201485
0.49418726872687274	0.00313657734329793
0.4942859285928593	0.003131941654677391
0.494384588458846	0.0031273033337240563
0.49448324832483254	0.0031226624117669565
0.4945819081908191	0.003118018920080046
0.4946805680568057	0.003113372889882002
0.4947792279227923	0.0031087243523362155
0.49487788778877895	0.00310407333855073
0.4949765476547655	0.0030994198795781863
0.4950752075207522	0.003094764006415746
0.49517386738673874	0.003090105750005015
0.4952725272527253	0.0030854451412320226
0.4953711871187119	0.0030807822109270595
0.4954698469846985	0.003076116989864805
0.49556850685068515	0.0030714495087640833
0.4956671667166717	0.0030667797982879058
0.49576582658265833	0.003062107889043311
0.4958644864486449	0.0030574338115814874
0.49596314631463145	0.003052757596397444
0.4960618061806181	0.003048079273930297
0.4961604660466047	0.003043398874562801
0.4962591259125913	0.0030387164286217044
0.49635778577857786	0.0030340319663774117
0.49645644564456454	0.0030293455180439672
0.4965551055105511	0.003024657113779141
0.49665376537653766	0.0030199667836841864
0.4967524252425243	0.003015274557803928
0.49685108510851084	0.003010580466126587
0.4969497449744975	0.003005884538583838
0.49704840484048407	0.0030011868050507057
0.49714706470647074	0.0029964872953454373
0.4972457245724573	0.0029917860392295963
0.4973443844384439	0.0029870830664078564
0.4974430443044305	0.0029823784065280716
0.49754170417041704	0.00297767208918117
0.4976403640364037	0.0029729641439010146
0.4977390239023903	0.002968254600164545
0.4978376837683769	0.002963543487391572
0.49793634363436345	0.0029588308349447444
0.4980350035003501	0.0029541166721295184
0.4981336633663367	0.0029494010281942043
0.49823232323232325	0.0029446839323296714
0.49833098309830987	0.002939965413669551
0.4984296429642964	0.002935245501290044
0.4985283028302831	0.002930524224209891
0.49862696269626966	0.00292580161139039
0.49872562256225633	0.0029210776917352474
0.49882428242824284	0.0029163524940906105
0.4989229422942294	0.00291162604724493
0.49902160216021607	0.002906898379929035
0.49912026202620263	0.0029021695208159897
0.4992189218921893	0.002897439498521025
0.49931758175817587	0.0028927083416016314
0.4994162416241625	0.0028879760785573464
0.49951490149014904	0.0028832427378298036
0.4996135613561356	0.0028785083478027156
0.4997122212221223	0.0028737729368016568
0.49981088108810884	0.002869036533094241
0.49990954095409545	0.0028642991648899284
0.500008200820082	0.002859560860340038
0.5001068606860687	0.002854821647537701
0.5002055205520552	0.0028500815545178097
0.5003041804180419	0.0028453406092569166
0.5004028402840285	0.0028405988396733193
0.500501500150015	0.0028358562736268606
0.5006001600160016	0.0028311129389190716
0.5006988198819882	0.0028263688632929065
0.5007974797479748	0.002821624074432926
0.5008961396139614	0.0028168785999650955
0.5009947994799481	0.0028121324674567918
0.5010934593459346	0.0028073857044168043
0.5011921192119212	0.0028026383382952383
0.5012907790779079	0.002797890396483456
0.5013894389438944	0.0027931419063141724
0.5014880988098811	0.0027883928950612133
0.5015867586758677	0.002783643389939658
0.5016854185418542	0.0027788934181057
0.5017840784078408	0.0027741430066566064
0.5018827382738273	0.002769392182630753
0.501981398139814	0.0027646409730074997
0.5020800580058006	0.002759889404707224
0.5021787178717873	0.002755137504591238
0.5022773777377738	0.002750385299461764
0.5023760376037605	0.0027456328160619316
0.502474697469747	0.0027408800810756304
0.5025733573357336	0.0027361271211277026
0.5026720172017202	0.002731373962783596
0.5027706770677067	0.002726620632549599
0.5028693369336934	0.002721867156872692
0.50296799679968	0.0027171135621404663
0.5030666566656666	0.0027123598746811865
0.5031653165316532	0.0027076061207637466
0.5032639763976399	0.002702852326597566
0.5033626362636264	0.002698098518332567
0.503461296129613	0.002693344722059278
0.5035599559955997	0.0026885909638085666
0.5036586158615862	0.002683837269551849
0.5037572757275728	0.002679083665200908
0.5038559355935593	0.0026743301766078563
0.503954595459546	0.0026695768295652072
0.5040532553255326	0.0026648236498057975
0.5041519151915191	0.002660070663002709
0.5042505750575058	0.00265531789476928
0.5043492349234924	0.002650565370659119
0.504447894789479	0.0026458131161659947
0.5045465546554656	0.0026410611567238146
0.5046452145214523	0.0026363095177067163
0.5047438743874388	0.0026315582244288804
0.5048425342534254	0.002626807302144579
0.504941194119412	0.0026220567760481543
0.5050398539853985	0.0026173066712739954
0.5051385138513852	0.0026125570128964328
0.5052371737173718	0.0026078078259299106
0.5053358335833584	0.0026030591353286585
0.505434493449345	0.0025983109659869514
0.5055331533153316	0.0025935633427389354
0.5056318131813182	0.0025888162903586185
0.5057304730473048	0.0025840698335598427
0.5058291329132913	0.0025793239969963454
0.5059277927792779	0.002574578805261666
0.5060264526452646	0.002569834282889027
0.5061251125112511	0.002565090454351553
0.5062237723772378	0.002560347344061979
0.5063224322432244	0.0025556049763728215
0.5064210921092109	0.002550863375576309
0.5065197519751976	0.002546122565904287
0.5066184118411842	0.002541382571528306
0.5067170717071708	0.002536643416559491
0.5068157315731574	0.0025319051250486274
0.506914391439144	0.002527167720986046
0.5070130513051305	0.0025224312283016912
0.5071117111711171	0.002517695670865052
0.5072103710371038	0.002512961072485086
0.5073090309030903	0.0025082274569103676
0.507407690769077	0.002503494847828872
0.5075063506350636	0.0024987632688681185
0.5076050105010502	0.0024940327435950247
0.5077036703670368	0.0024893032955160114
0.5078023302330233	0.002484574948076884
0.5079009900990099	0.0024798477246628678
0.5079996499649965	0.0024751216485985723
0.5080983098309831	0.0024703967431479964
0.5081969696969697	0.00246567303151449
0.5082956295629564	0.0024609505368407662
0.5083942894289429	0.0024562292822088386
0.5084929492949295	0.0024515092906400643
0.5085916091609162	0.0024467905850950643
0.5086902690269027	0.002442073188473791
0.5087889288928894	0.00243735712361543
0.508887588758876	0.002432642413298496
0.5089862486248625	0.002427929080240652
0.5090849084908491	0.002423217147098896
0.5091835683568358	0.002418506636469391
0.5092822282228223	0.002413797570887511
0.5093808880888089	0.002409089972827883
0.5094795479547956	0.002404383864704248
0.5095782078207821	0.002399679268869553
0.5096768676867688	0.0023949762076159826
0.5097755275527553	0.0023902747031747788
0.5098741874187419	0.0023855747777163767
0.5099728472847285	0.0023808764533503877
0.510071507150715	0.002376179752125467
0.5101701670167017	0.002371484696029486
0.5102688268826883	0.0023667913069893216
0.5103674867486749	0.002362099606871089
0.5104661466146615	0.0023574096174798754
0.5105648064806482	0.0023527213605599676
0.5106634663466347	0.0023480348577946467
0.5107621262126213	0.002343350130806287
0.510860786078608	0.0023386672011563806
0.5109594459445945	0.002333986090345469
0.5110581058105811	0.00232930681981312
0.5111567656765676	0.0023246294109380006
0.5112554255425543	0.0023199538850377575
0.5113540854085409	0.0023152802633691454
0.5114527452745274	0.0023106085671279787
0.5115514051405141	0.0023059388174490178
0.5116500650065007	0.002301271035406144
0.5117487248724873	0.0022966052420122112
0.5118473847384739	0.0022919414582191246
0.5119460446044605	0.002287279704917823
0.512044704470447	0.0022826200029382126
0.5121433643364337	0.0022779623730493294
0.5122420242024203	0.002273306835959124
0.5123406840684068	0.0022686534123145825
0.5124393439343935	0.002264002122701788
0.5125380038003801	0.002259352987645697
0.5126366636663667	0.0022547060276104283
0.5127353235323533	0.002250061262999029
0.51283398339834	0.0022454187141535817
0.5129326432643265	0.002240778401355178
0.5130313031303131	0.0022361403448239825
0.5131299629962996	0.002231504564719094
0.5132286228622862	0.002226871081138724
0.5133272827282729	0.002222239914120031
0.5134259425942594	0.0022176110836392374
0.5135246024602461	0.0022129846096115794
0.5136232623262327	0.0022083605118913725
0.5137219221922192	0.002203738810271907
0.5138205820582059	0.0021991195244855342
0.5139192419241925	0.002194502674203703
0.514017901790179	0.00218988827903681
0.5141165616561656	0.0021852763585343536
0.5142152215221523	0.0021806669321849494
0.5143138813881388	0.002176060019416185
0.5144125412541254	0.0021714556395947904
0.5145112011201121	0.0021668538120265344
0.5146098609860986	0.0021622545559562573
0.5147085208520853	0.0021576578905679374
0.5148071807180719	0.002153063834984587
0.5149058405840585	0.0021484724082683868
0.5150045004500451	0.0021438836294205977
0.5151031603160316	0.002139297517381601
0.5152018201820182	0.002134714091030914
0.5153004800480048	0.002130133369187203
0.5153991399139914	0.002125555370608228
0.515497799779978	0.002120980113991012
0.5155964596459647	0.0021164076179716338
0.5156951195119512	0.0021118379011254235
0.5157937793779379	0.0021072709819668235
0.5158924392439245	0.002102706878949558
0.515991099109911	0.002098145610466542
0.5160897589758976	0.0020935871948498594
0.5161884188418842	0.0020890316503708963
0.5162870787078708	0.0020844789952402104
0.5163857385738574	0.0020799292476076747
0.5164843984398441	0.002075382425562425
0.5165830583058306	0.0020708385471328397
0.5166817181718172	0.002066297630286645
0.5167803780378039	0.002061759692930849
0.5168790379037904	0.002057224752911794
0.5169776977697771	0.002052692828015143
0.5170763576357637	0.002048163935965946
0.5171750175017502	0.0020436380944285903
0.5172736773677368	0.002039115321006852
0.5173723372337233	0.0020345956332439323
0.51747099709971	0.002030079048622413
0.5175696569656966	0.002025565584564344
0.5176683168316832	0.002021055258431179
0.5177669766976698	0.0020165480875239026
0.5178656365636565	0.0020120440890828996
0.517964296429643	0.002007543280288109
0.5180629562956296	0.0020030456782589856
0.5181616161616162	0.0019985513000545015
0.5182602760276027	0.0019940601626732344
0.5183589358935894	0.001989572283053252
0.518457595759576	0.00198508767807227
0.5185562556255626	0.001980606364547634
0.5186549154915492	0.0019761283592362685
0.5187535753575359	0.0019716536788347947
0.5188522352235224	0.001967182339979474
0.518950895089509	0.0019627143592463045
0.5190495549554957	0.001958249753150951
0.5191482148214822	0.0019537885381488377
0.5192468746874688	0.0019493307306351873
0.5193455345534553	0.00194487634694492
0.519444194419442	0.001940425403352842
0.5195428542854286	0.0019359779160735106
0.5196415141514151	0.0019315339012613729
0.5197401740174018	0.0019270933750107728
0.5198388338833884	0.0019226563533559097
0.519937493749375	0.001918222852270889
0.5200361536153616	0.0019137928876698125
0.5201348134813482	0.0019093664754066977
0.5202334733473347	0.0019049436312756057
0.5203321332133213	0.0019005243710105684
0.520430793079308	0.0018961087102857058
0.5205294529452945	0.0018916966647151924
0.5206281128112812	0.0018872882498532668
0.5207267726772677	0.001882883481194327
0.5208254325432544	0.0018784823741729133
0.520924092409241	0.0018740849441637136
0.5210227522752277	0.0018696912064816926
0.5211214121412142	0.0018653011763819592
0.5212200720072008	0.0018609148690599362
0.5213187318731873	0.00185653229965131
0.5214173917391739	0.0018521534832320957
0.5215160516051606	0.0018477784348186683
0.5216147114711471	0.001843407169367738
0.5217133713371338	0.0018390397017764553
0.5218120312031204	0.0018346760468823456
0.5219106910691069	0.0018303162194634878
0.5220093509350936	0.0018259602342384062
0.5221080108010802	0.0018216081058661238
0.5222066706670668	0.0018172598489462673
0.5223053305330534	0.0018129154780190306
0.52240399039904	0.0018085750075652236
0.5225026502650265	0.001804238452006342
0.5226013101310131	0.0017999058257044634
0.5226999699969997	0.0017955771429625125
0.5227986298629863	0.001791252418024113
0.522897289728973	0.0017869316650736009
0.5229959495949595	0.0017826148982362146
0.5230946094609462	0.0017783021315780226
0.5231932693269328	0.0017739933791059606
0.5232919291929193	0.0017696886547678748
0.5233905890589059	0.0017653879724525993
0.5234892489248925	0.0017610913459899199
0.5235879087908791	0.0017567987891506463
0.5236865686568657	0.0017525103156466933
0.5237852285228524	0.0017482259391309784
0.5238838883888389	0.0017439456731976547
0.5239825482548256	0.0017396695313819442
0.5240812081208122	0.0017353975271603619
0.5241798679867987	0.0017311296739505547
0.5242785278527854	0.0017268659851115869
0.524377187718772	0.0017226064739437137
0.5244758475847585	0.0017183511536886082
0.5245745074507451	0.0017141000375293137
0.5246731673167317	0.0017098531385902835
0.5247718271827183	0.0017056104699374717
0.5248704870487049	0.0017013720445783452
0.5249691469146915	0.0016971378754618886
0.5250678067806781	0.0016929079754786824
0.5251664666466648	0.0016886823574609323
0.5252651265126513	0.0016844610341825244
0.5253637863786379	0.001680244018359012
0.5254624462446245	0.001676031322647766
0.525561106110611	0.001671822959647887
0.5256597659765977	0.0016676189419003063
0.5257584258425843	0.0016634192818878854
0.5258570857085709	0.0016592239920352908
0.5259557455745575	0.0016550330847092806
0.5260544054405442	0.0016508465722184886
0.5261530653065307	0.0016466644668136727
0.5262517251725173	0.0016424867806876403
0.526350385038504	0.0016383135259753264
0.5264490449044905	0.0016341447147538563
0.5265477047704771	0.0016299803590425436
0.5266463646364636	0.0016258204708029804
0.5267450245024503	0.0016216650619390537
0.5268436843684369	0.001617514144296986
0.5269423442344235	0.0016133677296654308
0.5270410041004101	0.0016092258297754776
0.5271396639663967	0.0016050884563006385
0.5272383238323833	0.001600955620857016
0.5273369836983699	0.0015968273350033006
0.5274356435643565	0.001592703610240741
0.527534303430343	0.001588584458013316
0.5276329632963297	0.0015844698897076817
0.5277316231623163	0.0015803599166532673
0.5278302830283028	0.001576254550122372
0.5279289428942895	0.0015721538013300665
0.528027602760276	0.0015680576814343645
0.5281262626262627	0.0015639662015362453
0.5282249224922493	0.0015598793726796872
0.528323582358236	0.001555797205851726
0.5284222422242225	0.0015517197119824823
0.5285209020902091	0.0015476469019452476
0.5286195619561956	0.0015435787865565027
0.5287182218221822	0.001539515376576015
0.5288168816881689	0.0015354566827067973
0.5289155415541554	0.0015314027155952494
0.5290142014201421	0.0015273534858311895
0.5291128612861287	0.0015233090039478258
0.5292115211521152	0.001519269280421958
0.5293101810181019	0.0015152343256739033
0.5294088408840885	0.0015112041500675692
0.529507500750075	0.0015071787639105599
0.5296061606160616	0.0015031581774541663
0.5297048204820483	0.0014991424008934558
0.5298034803480348	0.0014951314443673392
0.5299021402140215	0.0014911253179585322
0.530000800080008	0.0014871240316937779
0.5300994599459946	0.0014831275955437266
0.5301981198119813	0.0014791360194230717
0.5302967796779678	0.0014751493131906301
0.5303954395439545	0.0014711674866493016
0.5304940994099411	0.0014671905495462394
0.5305927592759276	0.0014632185115728438
0.5306914191419142	0.0014592513823647576
0.5307900790079008	0.0014552891715021079
0.5308887388738874	0.0014513318885093363
0.530987398739874	0.0014473795428553815
0.5310860586058607	0.0014434321439537755
0.5311847184718472	0.0014394897011625561
0.5312833783378339	0.0014355522237844446
0.5313820382038205	0.0014316197210668636
0.531480698069807	0.0014276922022020192
0.5315793579357936	0.0014237696763268841
0.5316780178017801	0.0014198521525233606
0.5317766776677668	0.0014159396398182387
0.5318753375337534	0.001412032147183315
0.53197399739974	0.001408129683535443
0.5320726572657266	0.0014042322577366322
0.5321713171317132	0.001400339878593923
0.5322699769976998	0.0013964525548597507
0.5323686368636864	0.0013925702952317341
0.5324672967296731	0.0013886931083528522
0.5325659565956596	0.0013848210028115419
0.5326646164616462	0.0013809539871416203
0.5327632763276328	0.001377092069822531
0.5328619361936194	0.0013732352592792435
0.532960596059606	0.0013693835638824055
0.5330592559255926	0.001365536991948339
0.5331579157915792	0.0013616955517391912
0.5332565756575658	0.0013578592514629168
0.5333552355235525	0.001354028099273384
0.533453895389539	0.0013502021032703812
0.5335525552555256	0.0013463812714997717
0.5336512151215121	0.0013425656119534595
0.5337498749874987	0.0013387551325695305
0.5338485348534854	0.0013349498412322759
0.5339471947194719	0.001331149745772226
0.5340458545854586	0.001327354853966308
0.5341445144514452	0.0013235651735378237
0.5342431743174318	0.001319780712156498
0.5343418341834184	0.0013160014774386958
0.534440494049405	0.0013122274769472543
0.5345391539153916	0.001308458718191769
0.5346378137813782	0.0013046952086285012
0.5347364736473648	0.0013009369556605485
0.5348351335133513	0.0012971839666378344
0.534933793379338	0.0012934362488571979
0.5350324532453246	0.0012896938095625177
0.5351311131113111	0.0012859566559446994
0.5352297729772978	0.001282224795141721
0.5353284328432844	0.0012784982342388617
0.535427092709271	0.0012747769802685406
0.5355257525752576	0.0012710610402105781
0.5356244124412441	0.0012673504209921654
0.5357230723072307	0.0012636451294879194
0.5358217321732174	0.0012599451725200518
0.5359203920392039	0.0012562505568583153
0.5360190519051905	0.0012525612892201284
0.5361177117711772	0.0012488773762706926
0.5362163716371637	0.001245198824622927
0.5363150315031504	0.0012415256408377128
0.536413691369137	0.0012378578314237811
0.5365123512351236	0.001234195402837939
0.5366110111011102	0.0012305383614850506
0.5367096709670968	0.0012268867137181468
0.5368083308330833	0.0012232404658384256
0.5369069906990699	0.0012195996240954026
0.5370056505650566	0.0012159641946869956
0.5371043104310431	0.0012123341837595085
0.5372029702970298	0.0012087095974077267
0.5373016301630164	0.0012050904416750648
0.5374002900290029	0.0012014767225535764
0.5374989498949896	0.0011978684459839329
0.5375976097609761	0.0011942656178557675
0.5376962696269627	0.0011906682440074087
0.5377949294929493	0.0011870763302262173
0.5378935893589359	0.00118348988224854
0.5379922492249225	0.0011799089057597586
0.5380909090909091	0.0011763334063944828
0.5381895689568957	0.0011727633897364736
0.5382882288228823	0.001169198861318838
0.538386888688869	0.0011656398266240312
0.5384855485548555	0.001162086291083967
0.5385842084208422	0.0011585382600800757
0.5386828682868288	0.0011549957389433469
0.5387815281528153	0.0011514587329545139
0.5388801880188019	0.0011479272473440022
0.5389788478847884	0.0011444012872920458
0.5390775077507751	0.0011408808579288024
0.5391761676167617	0.00113736596433438
0.5392748274827484	0.0011338566115389366
0.5393734873487349	0.0011303528045227755
0.5394721472147216	0.0011268545482163285
0.5395708070807081	0.0011233618475003507
0.5396694669466947	0.001119874707205956
0.5397681268126814	0.0011163931321146324
0.5398667866786679	0.0011129171269584298
0.5399654465446545	0.001109446696419917
0.5400641064106411	0.0011059818451323571
0.5401627662766277	0.0011025225776797403
0.5402614261426143	0.0010990688985968611
0.5403600860086009	0.0010956208123693906
0.5404587458745875	0.0010921783234339737
0.5405574057405741	0.0010887414361783212
0.5406560656065608	0.0010853101549412297
0.5407547254725473	0.0010818844840127214
0.5408533853385339	0.001078464427634102
0.5409520452045204	0.0010750499899980146
0.541050705070507	0.0010716411752485257
0.5411493649364937	0.0010682379874812683
0.5412480248024802	0.0010648404307434176
0.5413466846684669	0.0010614485090338964
0.5414453445344535	0.0010580622263032977
0.5415440044004401	0.0010546815864540735
0.5416426642664267	0.0010513065933406482
0.5417413241324134	0.001047937250769375
0.5418399839983999	0.0010445735624987202
0.5419386438643865	0.0010412155322392749
0.5420373037303731	0.0010378631636539053
0.5421359635963596	0.0010345164603577722
0.5422346234623463	0.0010311754259184536
0.5423332833283329	0.0010278400638560083
0.5424319431943195	0.001024510377643013
0.5425306030603061	0.0010211863707047502
0.5426292629262927	0.001017868046419206
0.5427279227922793	0.0010145554081171803
0.5428265826582659	0.001011248459082354
0.5429252425242524	0.0010079472025513894
0.543023902390239	0.001004651641714017
0.5431225622562257	0.0010013617797130685
0.5432212221222122	0.0009980776196446587
0.5433198819881988	0.000994799164558154
0.5434185418541855	0.0009915264174563318
0.543517201720172	0.0009882593812954646
0.5436158615861587	0.0009849980589853498
0.5437145214521453	0.000981742453389412
0.5438131813181319	0.00097849256732486
0.5439118411841185	0.0009752484035626886
0.5440105010501051	0.0009720099648277287
0.5441091609160916	0.0009687772537988861
0.5442078207820782	0.0009655502731090326
0.5443064806480649	0.000962329025345262
0.5444051405140514	0.0009591135130488871
0.5445038003800381	0.0009559037387155083
0.5446024602460247	0.0009526997047951577
0.5447011201120113	0.0009495014136923364
0.5447997799779979	0.0009463088677661539
0.5448984398439845	0.0009431220693303349
0.544997099709971	0.0009399410206534054
0.5450957595759576	0.0009367657239586579
0.5451944194419442	0.0009335961814244
0.5452930793079308	0.0009304323951838219
0.5453917391739175	0.0009272743673253334
0.545490399039904	0.0009241220998924223
0.5455890589058906	0.0009209755948839241
0.5456877187718773	0.0009178348542539579
0.5457863786378638	0.0009146998799121243
0.5458850385038505	0.0009115706737235767
0.5459836983698371	0.0009084472375090218
0.5460823582358236	0.0009053295730449173
0.5461810181018102	0.0009022176820635269
0.5462796779677968	0.0008991115662529377
0.5463783378337834	0.0008960112272572397
0.54647699769977	0.0008929166666765831
0.5465756575657567	0.0008898278860672745
0.5466743174317432	0.0008867448869418183
0.5467729772977299	0.0008836676707690962
0.5468716371637165	0.0008805962389743701
0.546970297029703	0.0008775305929393621
0.5470689568956896	0.0008744707340024706
0.5471676167616761	0.0008714166634587237
0.5472662766276628	0.0008683683825599372
0.5473649364936494	0.000865325892514769
0.547463596359636	0.0008622891944888341
0.5475622562256226	0.0008592582896047827
0.5476609160916093	0.0008562331789424498
0.5477595759575958	0.0008532138635387922
0.5478582358235824	0.0008502003443881474
0.5479568956895691	0.0008471926224422593
0.5480555555555556	0.0008441906986103148
0.5481542154215422	0.0008411945737591084
0.5482528752875288	0.0008382042487131295
0.5483515351535154	0.0008352197242545982
0.548450195019502	0.0008322410011236174
0.5485488548854885	0.0008292680800182329
0.5486475147514752	0.0008263009615945179
0.5487461746174618	0.0008233396464666703
0.5488448344834485	0.0008203841352071281
0.548943494349435	0.000817434428346674
0.5490421542154216	0.0008144905263744086
0.5491408140814081	0.0008115524297380384
0.5492394739473947	0.0008086201388437759
0.5493381338133814	0.0008056936540565379
0.5494367936793679	0.0008027729757000887
0.5495354535453546	0.000799858104056948
0.5496341134113412	0.0007969490393686579
0.5497327732773278	0.0007940457818358515
0.5498314331433144	0.000791148331618225
0.549930093009301	0.0007882566888347663
0.5500287528752876	0.0007853708535638111
0.5501274127412742	0.0007824908258431024
0.5502260726072608	0.0007796166056698706
0.5503247324732473	0.0007767481930010156
0.550423392339234	0.0007738855877531446
0.5505220522052205	0.0007710287898026199
0.5506207120712072	0.0007681777989857531
0.5507193719371938	0.0007653326150988232
0.5508180318031803	0.0007624932378981536
0.550916691669167	0.0007596596671003329
0.5510153515351536	0.0007568319023821504
0.5511140114011401	0.0007540099433808125
0.5512126712671267	0.0007511937896939883
0.5513113311331134	0.0007483834408798257
0.5514099909990999	0.0007455788964572516
0.5515086508650865	0.0007427801559058209
0.5516073107310732	0.0007399872186660306
0.5517059705970597	0.0007372000841392595
0.5518046304630464	0.0007344187516879258
0.551903290329033	0.0007316432206355891
0.5520019501950196	0.0007288734902670316
0.5521006100610062	0.0007261095598283553
0.5521992699269928	0.0007233514285270908
0.5522979297929793	0.0007205990955322366
0.5523965896589659	0.0007178525599744999
0.5524952495249525	0.0007151118209461457
0.5525939093909391	0.0007123768775013549
0.5526925692569258	0.0007096477286561862
0.5527912291229123	0.0007069243733886702
0.5528898889888989	0.0007042068106389109
0.5529885488548856	0.0007014950393092527
0.5530872087208721	0.0006987890582642662
0.5531858685868587	0.0006960888663309596
0.5532845284528453	0.000693394462298762
0.5533831883188319	0.00069070584491971
0.5534818481848185	0.0006880230129085108
0.5535805080508052	0.0006853459649426336
0.5536791679167917	0.0006826746996624159
0.5537778277827783	0.0006800092156711443
0.553876487648765	0.0006773495115351829
0.5539751475147515	0.0006746955857840805
0.5540738073807382	0.0006720474369105531
0.5541724672467248	0.0006694050633707689
0.5542711271127113	0.0006667684635843114
0.5543697869786979	0.0006641376359342743
0.5544684468446844	0.0006615125787674797
0.5545671067106711	0.000658893290394405
0.5546657665766577	0.0006562797690894463
0.5547644264426443	0.0006536720130908805
0.5548630863086309	0.0006510700206010907
0.5549617461746176	0.0006484737897865303
0.5550604060406041	0.000645883318777958
0.5551590659065907	0.000643298605670409
0.5552577257725773	0.0006407196485233498
0.5553563856385638	0.0006381464453608633
0.5554550455045505	0.0006355789941715841
0.555553705370537	0.0006330172929088666
0.5556523652365237	0.0006304613394909863
0.5557510251025103	0.0006279111318010805
0.5558496849684968	0.0006253666676872873
0.5559483448344835	0.0006228279449629529
0.5560470047004701	0.0006202949614065799
0.5561456645664568	0.0006177677147620341
0.5562443244324433	0.0006152462027385977
0.5563429842984299	0.0006127304230110688
0.5564416441644164	0.0006102203732198824
0.5565403040304031	0.0006077160509712177
0.5566389638963897	0.0006052174538369968
0.5567376237623762	0.0006027245793551827
0.5568362836283629	0.0006002374250296437
0.5569349434943495	0.0005977559883304783
0.5570336033603361	0.0005952802666939057
0.5571322632263227	0.0005928102575225688
0.5572309230923094	0.0005903459581854687
0.5573295829582959	0.0005878873660181324
0.5574282428242824	0.0005854344783227373
0.557526902690269	0.0005829872923681606
0.5576255625562556	0.000580545805390116
0.5577242224222423	0.0005781100145912615
0.5578228822882288	0.000575679917141251
0.5579215421542155	0.0005732555101768535
0.5580202020202021	0.0005708367908021203
0.5581188618861886	0.0005684237560883596
0.5582175217521753	0.0005660164030743429
0.5583161816181619	0.0005636147287663801
0.5584148414841484	0.0005612187301384032
0.558513501350135	0.0005588284041320464
0.5586121612161217	0.0005564437476568291
0.5587108210821082	0.0005540647575901533
0.5588094809480948	0.0005516914307774445
0.5589081408140815	0.0005493237640323398
0.559006800680068	0.0005469617541366376
0.5591054605460547	0.000544605397840488
0.5592041204120413	0.0005422546918624963
0.5593027802780279	0.0005399096328897804
0.5594014401440145	0.0005375702175781251
0.5595001000100011	0.0005352364425520841
0.5595987598759876	0.0005329083044049509
0.5596974197419742	0.000530585799699063
0.5597960796079609	0.0005282689249657589
0.5598947394739474	0.0005259576767055335
0.5599933993399341	0.0005236520513881413
0.5600920592059206	0.0005213520454526666
0.5601907190719073	0.0005190576553076459
0.5602893789378939	0.0005167688773312133
0.5603880388038804	0.0005144857078710945
0.560486698669867	0.000512208143244823
0.5605853585358536	0.0005099361797397401
0.5606840184018402	0.0005076698136131888
0.5607826782678268	0.0005054090410925993
0.5608813381338135	0.0005031538583754851
0.5609799979998	0.0005009042616297091
0.5610786578657866	0.0004986602469934381
0.5611773177317733	0.0004964218105753587
0.5612759775977598	0.0004941889484546914
0.5613746374637465	0.0004919616566813593
0.5614732973297331	0.000489739931276054
0.5615719571957196	0.00048752376823033825
0.5616706170617062	0.0004853131635067729
0.5617692769276927	0.00048310811303897965
0.5618679367936794	0.00048090861273176767
0.561966596659666	0.00047871465846126765
0.5620652565256526	0.0004765262460749426
0.5621639163916392	0.00047434337139181244
0.5622625762576259	0.00047216603020245506
0.5623612361236124	0.0004699942182691181
0.562459895989599	0.0004678279313259166
0.5625585558555856	0.00046566716507881613
0.5626572157215721	0.0004635119152057986
0.5627558755875588	0.0004613621773569526
0.5628545354535454	0.0004592179471545868
0.562953195319532	0.00045707922019327886
0.5630518551855186	0.0004549459920400992
0.5631505150515053	0.0004528182582345656
0.5632491749174918	0.00045069601428883265
0.5633478347834784	0.0004485792556877822
0.5634464946494651	0.00044646797788912935
0.5635451545154516	0.00044436217632346767
0.5636438143814382	0.0004422618463945001
0.5637424742474247	0.00044016698347899613
0.5638411341134114	0.00043807758292697474
0.563939793979398	0.00043599364006178376
0.5640384538453845	0.000433915150180271
0.5641371137113712	0.00043184210855271385
0.5642357735773578	0.0004297745104231475
0.5643344334433444	0.0004277123510092707
0.564433093309331	0.0004256556255026641
0.5645317531753176	0.00042360432906889535
0.5646304130413041	0.0004215584568475189
0.5647290729072907	0.0004195180039522866
0.5648277327732774	0.00041748296547121057
0.5649263926392639	0.0004154533364666403
0.5650250525052506	0.00041342911197545293
0.5651237123712372	0.00041141028700900545
0.5652223722372238	0.0004093968565533828
0.5653210321032104	0.00040738881556942467
0.5654196919691971	0.00040538615899286617
0.5655183518351836	0.0004033888817343927
0.5656170117011702	0.0004013969786797847
0.5657156715671567	0.00039941044469001083
0.5658143314331433	0.0003974292746013228
0.56591299129913	0.0003954534632253488
0.5660116511651165	0.00039348300534924435
0.5661103110311032	0.00039151789573568937
0.5662089708970898	0.00038955812912313745
0.5663076307630763	0.00038760370022580836
0.566406290629063	0.0003856546037338225
0.5665049504950496	0.0003837108343132912
0.5666036103610361	0.000381772386606457
0.5667022702270227	0.00037983925523177016
0.5668009300930094	0.0003779114347839941
0.5668995899589959	0.00037598891983426746
0.5669982498249825	0.0003740717049303075
0.5670969096909692	0.00037215978459640184
0.5671955695569557	0.000370253153333585
0.5672942294229424	0.00036835180561971894
0.567392889288929	0.00036645573590956035
0.5674915491549156	0.00036456493863494044
0.5675902090209022	0.0003626794082047947
0.5676888688868887	0.00036079913900528924
0.5677875287528753	0.00035892412539996607
0.5678861886188619	0.00035705436172973166
0.5679848484848485	0.00035518984231310837
0.5680835083508351	0.0003533305614462094
0.5681821682168218	0.00035147651340293077
0.5682808280828083	0.0003496276924350076
0.568379487948795	0.0003477840927720952
0.5684781478147816	0.00034594570862194607
0.5685768076807681	0.0003441125341704324
0.5686754675467547	0.00034228456358169514
0.5687741274127412	0.0003404617909982515
0.5688727872787279	0.00033864421054104557
0.5689714471447145	0.00033683181630959837
0.5690701070107012	0.0003350246023821215
0.5691687668766877	0.0003332225628155616
0.5692674267426743	0.0003314256916457406
0.569366086608661	0.000329633982887455
0.5694647464746475	0.00032784743053456214
0.5695634063406342	0.0003260660285601372
0.5696620662066207	0.0003242897709164741
0.5697607260726073	0.00032251865153527505
0.5698593859385939	0.0003207526643277211
0.5699580458045804	0.0003189918031845811
0.5700567056705671	0.00031723606197627647
0.5701553655365537	0.0003154854345530542
0.5702540254025403	0.00031373991474500934
0.5703526852685269	0.00031199949636226865
0.5704513451345136	0.000310264173195006
0.5705500050005001	0.00030853393901361507
0.5706486648664867	0.0003068087875687791
0.5707473247324732	0.00030508871259153565
0.5708459845984598	0.00030337370779349337
0.5709446444644465	0.00030166376686678847
0.571043304330433	0.00029995888348428564
0.5711419641964197	0.0002982590512996368
0.5712406240624063	0.0002965642639474149
0.571339283928393	0.00029487451504318603
0.5714379437943795	0.0002931897981835875
0.5715366036603661	0.00029151010694651504
0.5716352635263527	0.0002898354348911306
0.5717339233923393	0.00028816577555800584
0.5718325832583259	0.00028650112246923667
0.5719312431243124	0.0002848414691284772
0.5720299029902991	0.00028318680902116885
0.5721285628562857	0.0002815371356145085
0.5722272227222722	0.0002798924423576069
0.5723258825882589	0.00027825272268160287
0.5724245424542455	0.00027661796999969395
0.5725232023202321	0.00027498817770736964
0.5726218621862187	0.0002733633391823924
0.5727205220522052	0.0002717434477849053
0.5728191819181918	0.0002701284968576005
0.5729178417841784	0.00026851847972579043
0.573016501650165	0.0002669133896974579
0.5731151615161516	0.00026531322006344326
0.5732138213821383	0.00026371796409746013
0.5733124812481248	0.00026212761505629227
0.5734111411141115	0.0002605421661797705
0.5735098009800981	0.0002589616106909745
0.5736084608460846	0.0002573859417962773
0.5737071207120713	0.00025581515268550004
0.5738057805780579	0.0002542492365319445
0.5739044404440444	0.00025268818649253137
0.574003100310031	0.0002511319957078769
0.5741017601760177	0.00024958065730244707
0.5742004200420042	0.0002480341643845842
0.5742990799079909	0.00024649251004666453
0.5743977397739775	0.0002449556873651495
0.574496399639964	0.00024342368940070535
0.5745950595059507	0.000241896509198353
0.5746937193719373	0.00024037413978746712
0.5747923792379239	0.00023885657418195398
0.5748910391039105	0.00023734380538031403
0.574989698969897	0.00023583582636575094
0.5750883588358836	0.00023433263010628095
0.5751870187018702	0.0002328342095548077
0.5752856785678568	0.00023134055764922662
0.5753843384338434	0.00022985166731258723
0.5754829982998301	0.00022836753145304912
0.5755816581658166	0.00022688814296415388
0.5756803180318033	0.00022541349472476156
0.5757789778977899	0.00022394357959924937
0.5758776377637764	0.00022247839043761601
0.575976297629763	0.00022101792007551277
0.5760749574957496	0.0002195621613343791
0.5761736173617362	0.00021811110702157118
0.5762722772277228	0.00021666474993033936
0.5763709370937095	0.00021522308284015112
0.576469596959696	0.00021378609851653254
0.5765682568256826	0.00021235378971132778
0.5766669166916693	0.00021092614916275935
0.5767655765576558	0.0002095031695955054
0.5768642364236425	0.00020808484372083775
0.576962896289629	0.00020667116423661624
0.5770615561556156	0.0002052621238275752
0.5771602160216022	0.0002038577151652401
0.5772588758875888	0.00020245793090807262
0.5773575357535754	0.00020106276370164541
0.577456195619562	0.00019967220617862156
0.5775548554855486	0.00019828625095896565
0.5776535153515352	0.00019690489064995288
0.5777521752175219	0.00019552811784626765
0.5778508350835084	0.00019415592513021235
0.577949494949495	0.00019278830507163096
0.5780481548154816	0.00019142525022817098
0.5781468146814681	0.00019006675314525587
0.5782454745474548	0.00018871280635623263
0.5783441344134413	0.00018736340238248268
0.578442794279428	0.00018601853373348935
0.5785414541454146	0.00018467819290695595
0.5786401140114013	0.00018334237238888773
0.5787387738773878	0.00018201106465364923
0.5788374337433744	0.00018068426216414594
0.578936093609361	0.00017936195737187674
0.5790347534753476	0.0001780441427169597
0.5791334133413342	0.00017673081062839156
0.5792320732073207	0.00017542195352396626
0.5793307330733074	0.00017411756381047102
0.579429392939294	0.0001728176338837949
0.5795280528052805	0.0001715221561289009
0.5796267126712672	0.00017023112292010475
0.5797253725372538	0.00016894452662101286
0.5798240324032404	0.00016766235958468452
0.579922692269227	0.00016638461415370833
0.5800213521352136	0.00016511128266034726
0.5801200120012001	0.00016384235742653992
0.5802186718671868	0.0001625778307640697
0.5803173317331733	0.00016131769497460495
0.5804159915991599	0.00016006194234990454
0.5805146514651466	0.00015881056517172692
0.5806133113311331	0.00015756355571209133
0.5807119711971198	0.00015632090623327437
0.5808106310631064	0.0001550826089879352
0.580909290929093	0.000153848656219236
0.5810079507950796	0.00015261904016087712
0.5811066106610662	0.00015139375303723692
0.5812052705270527	0.00015017278706343874
0.5813039303930393	0.00014895613444545648
0.581402590259026	0.00014774378738021556
0.5815012501250125	0.0001465357380556621
0.5815999099909992	0.0001453319786508347
0.5816985698569858	0.0001441325013360598
0.5817972297229723	0.0001429372982729167
0.581895889588959	0.0001417463616144183
0.5819945494549456	0.00014055968350502212
0.5820932093209321	0.0001393772560808232
0.5821918691869187	0.00013819907146959195
0.5822905290529053	0.00013702512179080895
0.5823891889188919	0.000135855399155885
0.5824878487848785	0.00013468989566811832
0.5825865086508651	0.0001335286034229314
0.5826851685168517	0.00013237151450781116
0.5827838283828384	0.00013121862100246804
0.5828824882488249	0.0001300699149789439
0.5829811481148116	0.00012892538850172724
0.5830798079807982	0.00012778503362772509
0.5831784678467847	0.00012664884240651172
0.5832771277127713	0.00012551680688026654
0.5833757875787579	0.00012438891908396688
0.5834744474447445	0.00012326517104548141
0.5835731073107311	0.00012214555478556372
0.5836717671767178	0.0001210300623180695
0.5837704270427043	0.00011991868564988686
0.583869086908691	0.00011881141678123624
0.5839677467746776	0.00011770824770558619
0.5840664066406641	0.00011660917040976842
0.5841650665066507	0.00011551417687415595
0.5842637263726372	0.00011442325907266897
0.5843623862386239	0.0001133364089728897
0.5844610461046105	0.00011225361853616526
0.5845597059705971	0.0001111748797176645
0.5846583658365837	0.0001101001844665098
0.5847570257025703	0.00010902952472579008
0.5848556855685569	0.00010796289243276323
0.5849543454345435	0.00010690027951883006
0.5850530053005302	0.00010584167790969544
0.5851516651665167	0.00010478707952545653
0.5852503250325033	0.00010373647628057899
0.5853489848984899	0.00010268986008419194
0.5854476447644764	0.00010164722283995718
0.5855463046304631	0.00010060855644632757
0.5856449644964496	9.957385279652088e-05
0.5857436243624363	9.854310377863944e-05
0.5858422842284229	9.751630127577776e-05
0.5859409440944096	9.649343716611541e-05
0.5860396039603961	9.547450332298327e-05
0.5861382638263827	9.445949161489072e-05
0.5862369236923692	9.344839390574986e-05
0.5863355835583558	9.244120205486632e-05
0.5864342434243425	9.143790791701265e-05
0.586532903290329	9.043850334256257e-05
0.5866315631563157	8.944298017756181e-05
0.5867302230223023	8.845133026381629e-05
0.5868288828882889	8.746354543894093e-05
0.5869275427542755	8.647961753654021e-05
0.5870262026202621	8.549953838613552e-05
0.5871248624862487	8.452329981342573e-05
0.5872235223522353	8.355089364026815e-05
0.5873221822182219	8.258231168475181e-05
0.5874208420842084	8.161754576135344e-05
0.5875195019501951	8.065658768096697e-05
0.5876181618161817	7.969942925098899e-05
0.5877168216821682	7.874606227546007e-05
0.5878154815481549	7.779647855508447e-05
0.5879141414141414	7.68506698873157e-05
0.5880128012801281	7.59086280664684e-05
0.5881114611461147	7.497034488382089e-05
0.5882101210121012	7.403581212766162e-05
0.5883087808780878	7.310502158335741e-05
0.5884074407440744	7.217796503348991e-05
0.588506100610061	7.12546342578752e-05
0.5886047604760476	7.033502103371486e-05
0.5887034203420343	6.941911713564706e-05
0.5888020802080208	6.850691433577606e-05
0.5889007400740075	6.759840440387654e-05
0.5889993999399941	6.66935791073549e-05
0.5890980598059807	6.579243021135879e-05
0.5891967196719673	6.489494947895228e-05
0.5892953795379539	6.400112867108197e-05
0.5893940394039404	6.311095954667925e-05
0.589492699269927	6.222443386281837e-05
0.5895913591359137	6.13415433747044e-05
0.5896900190019002	6.046227983579249e-05
0.5897886788678869	5.958663499787531e-05
0.5898873387338734	5.871460061117328e-05
0.58998599859986	5.7846168424385456e-05
0.5900846584658467	5.698133018476261e-05
0.5901833183318332	5.612007763827503e-05
0.5902819781978198	5.52624025295249e-05
0.5903806380638064	5.440829660200166e-05
0.590479297929793	5.355775159808191e-05
0.5905779577957796	5.271075925907815e-05
0.5906766176617662	5.18673113253844e-05
0.5907752775277528	5.102739953649581e-05
0.5908739373937394	5.01910156311422e-05
0.5909725972597261	4.935815134732683e-05
0.5910712571257126	4.85287984224189e-05
0.5911699169916993	4.770294859324805e-05
0.5912685768576859	4.688059359614571e-05
0.5913672367236724	4.606172516706895e-05
0.591465896589659	4.524633504161974e-05
0.5915645564556455	4.443441495515918e-05
0.5916632163216322	4.362595664293124e-05
0.5917618761876188	4.2820951840055356e-05
0.5918605360536054	4.201939228160888e-05
0.591959195919592	4.122126970279713e-05
0.5920578557855787	4.042657583892148e-05
0.5921565156515652	3.9635302425539746e-05
0.5922551755175518	3.884744119848533e-05
0.5923538353835385	3.8062983893935016e-05
0.5924524952495249	3.728192224859123e-05
0.5925511551155116	3.650424799959409e-05
0.5926498149814982	3.572995288474975e-05
0.5927484748474848	3.495902864251555e-05
0.5928471347134714	3.4191467012089684e-05
0.592945794579458	3.342725973351535e-05
0.5930444544454446	3.26663985477219e-05
0.5931431143114312	3.1908875196653315e-05
0.5932417741774179	3.1154681423248394e-05
0.5933404340434044	3.0403808971627713e-05
0.593439093909391	2.9656249587088266e-05
0.5935377537753775	2.8911995016188338e-05
0.5936364136413641	2.8171037006856443e-05
0.5937350735073508	2.7433367308456603e-05
0.5938337333733373	2.6698977671802586e-05
0.593932393239324	2.5967859849344626e-05
0.5940310531053106	2.524000559512531e-05
0.5941297129712972	2.4515406664934713e-05
0.5942283728372838	2.3794054816341624e-05
0.5943270327032704	2.307594180874891e-05
0.594425692569257	2.2361059403565757e-05
0.5945243524352436	2.164939936416589e-05
0.5946230123012302	2.0940953455981806e-05
0.5947216721672167	2.0235713446652737e-05
0.5948203320332034	1.9533671106011855e-05
0.59491899189919	1.8834818206200122e-05
0.5950176517651766	1.8139146521702198e-05
0.5951163116311632	1.7446647829494265e-05
0.5952149714971497	1.6757313909026376e-05
0.5953136313631364	1.6071136542292486e-05
0.595412291229123	1.5388107514048732e-05
0.5955109510951095	1.4708218611649854e-05
0.5956096109610961	1.4031461625355087e-05
0.5957082708270828	1.3357828348218058e-05
0.5958069306930693	1.2687310576256445e-05
0.5959055905590559	1.2019900108482942e-05
0.5960042504250426	1.1355588746972704e-05
0.5961029102910291	1.06943682969819e-05
0.5962015701570158	1.0036230566925114e-05
0.5963002300230024	9.381167368571748e-06
0.596398889888989	8.729170516974693e-06
0.5964975497549756	8.080231830640035e-06
0.5965962096209622	7.434343131565124e-06
0.5966948694869487	6.791496245289019e-06
0.5967935293529353	6.151683000981781e-06
0.596892189218922	5.514895231523895e-06
0.5969908490849085	4.881124773534844e-06
0.5970895089508952	4.2503634674865685e-06
0.5971881688168817	3.6226031577027987e-06
0.5972868286828683	2.9978356925211584e-06
0.597385488548855	2.3760529242948614e-06
0.5974841484148415	1.757246709489226e-06
0.5975828082808281	1.1414089086614227e-06
0.5976814681468147	5.285313866955769e-07
0.5977801280128013	8.139398726621244e-08
0.5978787878787879	6.883753397248051e-07
0.5979774477447746	1.2924207927739342e-06
0.5980761076107611	1.89353846392587e-06
0.5981747674767477	2.491736466238709e-06
0.5982734273427344	3.087022908095963e-06
0.5983720872087209	3.679405893146585e-06
0.5984707470747076	4.268893520369072e-06
0.5985694069406942	4.855493883841282e-06
0.5986680668066807	5.43921507281682e-06
0.5987667266726673	6.0200651715701e-06
0.5988653865386538	6.598052259358505e-06
0.5989640464046405	7.173184410369754e-06
0.5990627062706271	7.74546969363273e-06
0.5991613661366137	8.314916173013702e-06
0.5992600260026003	8.881531907049326e-06
0.599358685868587	9.445324948989032e-06
0.5994573457345735	1.0006303346691311e-05
0.5995560056005601	1.0564475142481294e-05
0.5996546654665467	1.1119848373292666e-05
0.5997533253325332	1.167243107035012e-05
0.5998519851985199	1.2222231259301679e-05
0.5999506450645065	1.276925696006153e-05
0.6000493049304931	1.3313516186803848e-05
0.6001479647964797	1.3855016947846935e-05
0.6002466246624663	1.4393767245610595e-05
0.6003452845284529	1.4929775076592782e-05
0.6004439443944395	1.5463048431222223e-05
0.6005426042604262	1.5993595293903338e-05
0.6006412641264127	1.6521423642922337e-05
0.6007399239923993	1.7046541450290334e-05
0.6008385838583858	1.756895668179532e-05
0.6009372437243725	1.8088677296962022e-05
0.6010359035903591	1.8605711248851037e-05
0.6011345634563456	1.9120066484181563e-05
0.6012332233223323	1.9631750943082076e-05
0.6013318831883189	2.014077255916904e-05
0.6014305430543055	2.0647139259472837e-05
0.6015292029202921	2.1150858964297716e-05
0.6016278627862787	2.1651939587271617e-05
0.6017265226522652	2.2150389035176974e-05
0.6018251825182518	2.264621520799087e-05
0.6019238423842385	2.3139425998757255e-05
0.602022502250225	2.3630029293566104e-05
0.6021211621162117	2.4118032971520732e-05
0.6022198219821983	2.4603444904561222e-05
0.6023184818481849	2.5086272957565455e-05
0.6024171417141715	2.5566524988201836e-05
0.602515801580158	2.604420884686491e-05
0.6026144614461447	2.651933237668377e-05
0.6027131213121313	2.6991903413391966e-05
0.6028117811781178	2.7461929785302007e-05
0.6029104410441044	2.7929419313272407e-05
0.6030091009100911	2.8394379810604492e-05
0.6031077607760776	2.8856819083058e-05
0.6032064206420642	2.9316744928706677e-05
0.6033050805080509	2.9774165137953886e-05
0.6034037403740374	3.0229087493443895e-05
0.6035024002400241	3.068151976998061e-05
0.6036010601060107	3.113146973457479e-05
0.6036997199719972	3.1578945146263156e-05
0.6037983798379838	3.202395375613868e-05
0.6038970397039705	3.246650330729601e-05
0.603995699569957	3.290660153468679e-05
0.6040943594359436	3.334425616518666e-05
0.6041930193019303	3.377947491747739e-05
0.6042916791679168	3.421226550199456e-05
0.6043903390339035	3.464263562087314e-05
0.60448899889989	3.507059296794372e-05
0.6045876587658767	3.549614522858325e-05
0.6046863186318633	3.5919300079794014e-05
0.6047849784978498	3.634006519001785e-05
0.6048836383638364	3.675844821916658e-05
0.604982298229823	3.7174456818599014e-05
0.6050809580958096	3.7588098630903575e-05
0.6051796179617962	3.799938129007696e-05
0.6052782778277829	3.8408312421318974e-05
0.6053769376937694	3.881489964099488e-05
0.605475597559756	3.921915055664659e-05
0.6055742574257427	3.9621072766896674e-05
0.6056729172917292	4.0020673861430265e-05
0.6057715771577158	4.0417961420889626e-05
0.6058702370237024	4.081294301688746e-05
0.605968896889689	4.12056262118966e-05
0.6060675567556756	4.159601855927325e-05
0.6061662166216621	4.198412760313194e-05
0.6062648764876488	4.236996087836642e-05
0.6063635363536354	4.275352591053668e-05
0.606462196219622	4.3134830215889983e-05
0.6065608560856086	4.351388130122106e-05
0.6066595159515953	4.389068666391757e-05
0.6067581758175818	4.426525379184449e-05
0.6068568356835684	4.463759016335069e-05
0.606955495549555	4.500770324718511e-05
0.6070541554155415	4.537560050242536e-05
0.6071528152815282	4.574128937852773e-05
0.6072514751475148	4.610477731516817e-05
0.6073501350135014	4.6466071742219504e-05
0.607448794879488	4.68251800798427e-05
0.6075474547454747	4.718210973818224e-05
0.6076461146114612	4.753686811756423e-05
0.6077447744774478	4.788946260832543e-05
0.6078434343434344	4.823990059080263e-05
0.6079420942094209	4.858818943523423e-05
0.6080407540754076	4.893433650182028e-05
0.6081394139413941	4.927834914059016e-05
0.6082380738073808	4.962023469138464e-05
0.6083367336733674	4.996000048381115e-05
0.6084353935393539	5.029765383720163e-05
0.6085340534053406	5.063320206057985e-05
0.6086327132713272	5.096665245258522e-05
0.6087313731373138	5.129801230145242e-05
0.6088300330033004	5.1627288884966633e-05
0.608928692869287	5.19544894704531e-05
0.6090273527352735	5.2279621314615505e-05
0.6091260126012602	5.2602691663683605e-05
0.6092246724672468	5.2923707753173906e-05
0.6093233323332333	5.324267680796427e-05
0.60942199219922	5.355960604226132e-05
0.6095206520652066	5.3874502659478e-05
0.6096193119311932	5.4187373852257116e-05
0.6097179717971798	5.449822680241191e-05
0.6098166316631665	5.480706868085737e-05
0.609915291529153	5.5113906647628514e-05
0.6100139513951395	5.541874785176304e-05
0.6101126112611261	5.572159943133449e-05
0.6102112711271127	5.602246851338555e-05
0.6103099309930994	5.632136221385447e-05
0.6104085908590859	5.661828763756924e-05
0.6105072507250726	5.691325187820789e-05
0.6106059105910592	5.720626201826593e-05
0.6107045704570457	5.749732512897059e-05
0.6108032303230324	5.77864482703041e-05
0.610901890189019	5.8073638490913025e-05
0.6110005500550055	5.835890282811469e-05
0.6110992099209921	5.864224830781354e-05
0.6111978697869788	5.892368194448606e-05
0.6112965296529653	5.92032107411601e-05
0.6113951895189519	5.948084168933895e-05
0.6114938493849386	5.975658176900291e-05
0.6115925092509251	6.0030437948530515e-05
0.6116911691169118	6.0302417184702765e-05
0.6117898289828984	6.0572526422612264e-05
0.611888488848885	6.084077259571832e-05
0.6119871487148716	6.110716262569296e-05
0.6120858085808581	6.137170342249319e-05
0.6121844684468447	6.163440188424813e-05
0.6122831283128313	6.189526489723889e-05
0.6123817881788179	6.215429933589545e-05
0.6124804480448045	6.241151206275421e-05
0.6125791079107912	6.266690992837733e-05
0.6126777677767777	6.292049977137351e-05
0.6127764276427644	6.317228841833422e-05
0.612875087508751	6.342228268375729e-05
0.6129737473747375	6.3670489370151e-05
0.6130724072407241	6.391691526784826e-05
0.6131710671067107	6.416156715500093e-05
0.6132697269726973	6.440445179764736e-05
0.6133683868386839	6.464557594958978e-05
0.6134670467046706	6.488494635234757e-05
0.6135657065706571	6.512256973521458e-05
0.6136643664366437	6.535845281507379e-05
0.6137630263026304	6.559260229656178e-05
0.6138616861686169	6.582502487185151e-05
0.6139603460346036	6.605572722077567e-05
0.6140590059005901	6.628471601066289e-05
0.6141576657665767	6.651199789638816e-05
0.6142563256325633	6.673757952030138e-05
0.6143549854985498	6.696146751223655e-05
0.6144536453645365	6.718366848943298e-05
0.6145523052305231	6.740418905656865e-05
0.6146509650965097	6.762303580558694e-05
0.6147496249624963	6.784021531588285e-05
0.614848284828483	6.80557341541031e-05
0.6149469446944695	6.826959887415974e-05
0.6150456045604561	6.848181601721992e-05
0.6151442644264427	6.869239211166353e-05
0.6152429242924292	6.890133367308026e-05
0.6153415841584159	6.910864720417142e-05
0.6154402440244024	6.931433919481237e-05
0.6155389038903891	6.951841612194263e-05
0.6156375637563757	6.972088444957692e-05
0.6157362236223624	6.992175062877794e-05
0.6158348834883489	7.012102109761897e-05
0.6159335433543355	7.031870228115897e-05
0.6160322032203221	7.051480059144894e-05
0.6161308630863087	7.070932242736355e-05
0.6162295229522953	7.090227417480697e-05
0.6163281828182818	7.109366220645931e-05
0.6164268426842685	7.12834928819023e-05
0.6165255025502551	7.147177254753577e-05
0.6166241624162416	7.165850753654061e-05
0.6167228222822283	7.184370416885847e-05
0.6168214821482149	7.202736875116419e-05
0.6169201420142015	7.220950757691625e-05
0.6170188018801881	7.239012692618331e-05
0.6171174617461747	7.256923306570427e-05
0.6172161216121612	7.274683224891912e-05
0.6173147814781478	7.292293071584179e-05
0.6174134413441345	7.309753469305935e-05
0.617512101210121	7.327065039375316e-05
0.6176107610761077	7.344228401761061e-05
0.6177094209420942	7.361244175089725e-05
0.6178080808080809	7.378112976630301e-05
0.6179067406740675	7.394835422302388e-05
0.6180054005400542	7.411412126670302e-05
0.6181040604060407	7.427843702935938e-05
0.6182027202720273	7.444130762946966e-05
0.6183013801380138	7.460273917184354e-05
0.6184000400040004	7.476273774768126e-05
0.6184986998699871	7.49213094344611e-05
0.6185973597359736	7.507846029600407e-05
0.6186960196019603	7.52341963824224e-05
0.6187946794679469	7.538852373006499e-05
0.6188933393339334	7.55414483615217e-05
0.6189919991999201	7.569297628564203e-05
0.6190906590659067	7.584311349742481e-05
0.6191893189318932	7.599186597808083e-05
0.6192879787978798	7.613923969495896e-05
0.6193866386638665	7.628524060155289e-05
0.619485298529853	7.642987463746607e-05
0.6195839583958396	7.657314772838684e-05
0.6196826182618262	7.671506578609731e-05
0.6197812781278128	7.685563470844094e-05
0.6198799379937995	7.699486037926837e-05
0.619978597859786	7.713274866846324e-05
0.6200772577257727	7.726930543189302e-05
0.6201759175917593	7.740453651144201e-05
0.6202745774577458	7.753844773490623e-05
0.6203732373237324	7.767104491603871e-05
0.620471897189719	7.780233385451711e-05
0.6205705570557056	7.793232033591873e-05
0.6206692169216922	7.806101013170981e-05
0.6207678767876789	7.818840899922796e-05
0.6208665366536654	7.831452268166162e-05
0.6209651965196521	7.843935690800102e-05
0.6210638563856387	7.856291739308561e-05
0.6211625162516252	7.868520983756224e-05
0.6212611761176118	7.880623992782592e-05
0.6213598359835983	7.892601333606018e-05
0.621458495849585	7.904453572017342e-05
0.6215571557155716	7.916181272383902e-05
0.6216558155815582	7.927784997643653e-05
0.6217544754475448	7.939265309303599e-05
0.6218531353135314	7.950622767437796e-05
0.621951795179518	7.961857930692839e-05
0.6220504550455046	7.972971356273437e-05
0.6221491149114913	7.983963599952563e-05
0.6222477747774778	7.994835216068427e-05
0.6223464346434644	8.005586757513964e-05
0.622445094509451	8.016218775745726e-05
0.6225437543754375	8.026731820777736e-05
0.6226424142414242	8.037126441181157e-05
0.6227410741074108	8.047403184079098e-05
0.6228397339733974	8.057562595156016e-05
0.622938393839384	8.067605218638915e-05
0.6230370537053707	8.077531597320108e-05
0.6231357135713572	8.087342272529899e-05
0.6232343734373438	8.097037784148189e-05
0.6233330333033303	8.106618670611663e-05
0.6234316931693169	8.116085468894253e-05
0.6235303530353036	8.125438714518263e-05
0.6236290129012901	8.134678941553757e-05
0.6237276727672768	8.14380668260538e-05
0.6238263326332634	8.152822468828044e-05
0.62392499249925	8.161726829909609e-05
0.6240236523652366	8.170520294083162e-05
0.6241223122312232	8.179203388118207e-05
0.6242209720972098	8.187776637318131e-05
0.6243196319631964	8.196240565527636e-05
0.624418291829183	8.204595695125885e-05
0.6245169516951695	8.212842547021746e-05
0.6246156115611562	8.22098164066054e-05
0.6247142714271428	8.22901349401981e-05
0.6248129312931293	8.236938623608985e-05
0.624911591159116	8.244757544464427e-05
0.6250102510251025	8.25247077015566e-05
0.6251089108910892	8.260078812778722e-05
0.6252075707570758	8.267582182955088e-05
0.6253062306230623	8.274981389838394e-05
0.6254048904890489	8.282276941103882e-05
0.6255035503550355	8.289469342953665e-05
0.6256022102210221	8.29655910011104e-05
0.6257008700870087	8.303546715826458e-05
0.6257995299529954	8.31043269187429e-05
0.6258981898189819	8.317217528545418e-05
0.6259968496849686	8.32390172465494e-05
0.6260955095509552	8.33048577754132e-05
0.6261941694169417	8.33697018305538e-05
0.6262928292829284	8.343355435575981e-05
0.626391489148915	8.349642027994376e-05
0.6264901490149015	8.355830451722631e-05
0.6265888088808881	8.36192119668791e-05
0.6266874687468748	8.367914751334356e-05
0.6267861286128613	8.37381160262709e-05
0.626884788478848	8.379612236040711e-05
0.6269834483448345	8.385317135567445e-05
0.6270821082108211	8.390926783712439e-05
0.6271807680768078	8.39644166149778e-05
0.6272794279427943	8.401862248461185e-05
0.627378087808781	8.407189022641318e-05
0.6274767476747675	8.412422460605624e-05
0.6275754075407541	8.417563037424494e-05
0.6276740674067407	8.422611226680835e-05
0.6277727272727273	8.427567500471715e-05
0.6278713871387139	8.432432329403376e-05
0.6279700470047005	8.43720618259525e-05
0.6280687068706872	8.441889527671857e-05
0.6281673667366737	8.446482830775803e-05
0.6282660266026604	8.450986556552862e-05
0.628364686468647	8.455401168162065e-05
0.6284633463346335	8.459727127270011e-05
0.6285620062006201	8.463964894050997e-05
0.6286606660666066	8.468114927195417e-05
0.6287593259325933	8.472177683892155e-05
0.6288579857985799	8.476153619850587e-05
0.6289566456645665	8.480043189274958e-05
0.6290553055305531	8.483846844888083e-05
0.6291539653965397	8.487565037916168e-05
0.6292526252625263	8.491198218095027e-05
0.6293512851285129	8.494746833669705e-05
0.6294499449944996	8.498211331390984e-05
0.6295486048604861	8.501592156517683e-05
0.6296472647264727	8.504889752818258e-05
0.6297459245924593	8.508104562565569e-05
0.6298445844584459	8.511237026544071e-05
0.6299432443244325	8.514287584045067e-05
0.630041904190419	8.517256672866353e-05
0.6301405640564057	8.520144729313809e-05
0.6302392239223923	8.522952188203935e-05
0.630337883788379	8.525679482860111e-05
0.6304365436543655	8.528327045110512e-05
0.6305352035203521	8.530895305295293e-05
0.6306338633863386	8.533384692264029e-05
0.6307325232523252	8.535795633373901e-05
0.6308311831183119	8.538128554489327e-05
0.6309298429842984	8.540383879986211e-05
0.6310285028502851	8.542562032745992e-05
0.6311271627162717	8.544663434168636e-05
0.6312258225822583	8.546688504150414e-05
0.6313244824482449	8.548637661110725e-05
0.6314231423142315	8.55051132197085e-05
0.6315218021802181	8.552309902166705e-05
0.6316204620462047	8.554033815644318e-05
0.6317191219121913	8.555683474859728e-05
0.6318177817781778	8.55725929078467e-05
0.6319164416441645	8.558761672900872e-05
0.6320151015101511	8.560191029197466e-05
0.6321137613761376	8.561547766185243e-05
0.6322124212421243	8.562832288884572e-05
0.6323110811081109	8.56404500082868e-05
0.6324097409740975	8.565186304065726e-05
0.6325084008400841	8.566256599158394e-05
0.6326070607060706	8.567256285188652e-05
0.6327057205720572	8.56818575974665e-05
0.6328043804380439	8.56904541894665e-05
0.6329030403040304	8.569835657414236e-05
0.633001700170017	8.570556868293473e-05
0.6331003600360037	8.571209443251395e-05
0.6331990199019902	8.57179377246788e-05
0.6332976797679769	8.572310244645746e-05
0.6333963396339635	8.572759247003302e-05
0.6334949994999501	8.573141165283203e-05
0.6335936593659367	8.573456383752797e-05
0.6336923192319233	8.573705285192559e-05
0.6337909790979098	8.573888250911266e-05
0.6338896389638964	8.574005660740975e-05
0.6339882988298831	8.574057893037628e-05
0.6340869586958696	8.57404532467992e-05
0.6341856185618563	8.573968331075727e-05
0.6342842784278429	8.573827286155625e-05
0.6343829382938294	8.57362256238005e-05
0.6344815981598161	8.573354530735254e-05
0.6345802580258026	8.573023560738979e-05
0.6346789178917892	8.572630020439604e-05
0.6347775777577758	8.572174276411581e-05
0.6348762376237624	8.571656693765046e-05
0.634974897489749	8.571077636138591e-05
0.6350735573557356	8.570437465711271e-05
0.6351722172217222	8.569736543185927e-05
0.6352708770877088	8.568975227810659e-05
0.6353695369536955	8.568153877365788e-05
0.635468196819682	8.567272848164422e-05
0.6355668566856687	8.566332495066178e-05
0.6356655165516553	8.565333171465076e-05
0.6357641764176418	8.564275229295734e-05
0.6358628362836284	8.563159019033915e-05
0.635961496149615	8.561984889698086e-05
0.6360601560156016	8.560753188849966e-05
0.6361588158815882	8.559464262599482e-05
0.6362574757475749	8.55811845559391e-05
0.6363561356135614	8.556716111035687e-05
0.6364547954795481	8.555257570670592e-05
0.6365534553455346	8.553743174796323e-05
0.6366521152115212	8.552173262253584e-05
0.6367507750775078	8.550548170446576e-05
0.6368494349434943	8.548868235321675e-05
0.636948094809481	8.547133791383813e-05
0.6370467546754676	8.54534517169263e-05
0.6371454145414542	8.543502707865979e-05
0.6372440744074408	8.541606730070983e-05
0.6373427342734274	8.539657567044776e-05
0.637441394139414	8.537655546075369e-05
0.6375400540054006	8.535600993023834e-05
0.6376387138713873	8.533494232297397e-05
0.6377373737373738	8.531335586882548e-05
0.6378360336033604	8.52912537832399e-05
0.637934693469347	8.526863926733652e-05
0.6380333533353335	8.524551550794684e-05
0.6381320132013202	8.522188567754696e-05
0.6382306730673067	8.519775293439183e-05
0.6383293329332934	8.517312042241391e-05
0.63842799279928	8.514799127129415e-05
0.6385266526652666	8.512236859648455e-05
0.6386253125312532	8.509625549918191e-05
0.6387239723972398	8.50696550663577e-05
0.6388226322632263	8.504257037083135e-05
0.6389212921292129	8.501500447122244e-05
0.6390199519951996	8.498696041191214e-05
0.6391186118611861	8.495844122320911e-05
0.6392172717271728	8.492944992126746e-05
0.6393159315931594	8.489998950806282e-05
0.639414591459146	8.487006297152668e-05
0.6395132513251326	8.483967328546894e-05
0.6396119111911192	8.480882340964177e-05
0.6397105710571058	8.47775162897181e-05
0.6398092309230924	8.474575485732369e-05
0.639907890789079	8.471354203008629e-05
0.6400065506550655	8.468088071158974e-05
0.6401052105210522	8.464777379143787e-05
0.6402038703870387	8.461422414527409e-05
0.6403025302530253	8.458023463478683e-05
0.640401190119012	8.454580810771243e-05
0.6404998499849985	8.451094739779885e-05
0.6405985098509852	8.447565532501782e-05
0.6406971697169718	8.44399346953803e-05
0.6407958295829583	8.440378830098788e-05
0.6408944894489449	8.43672189201645e-05
0.6409931493149315	8.433022931734743e-05
0.6410918091809181	8.429282224319444e-05
0.6411904690469047	8.425500043452828e-05
0.6412891289128914	8.421676661442946e-05
0.6413877887788779	8.417812349221203e-05
0.6414864486448646	8.413907376341928e-05
0.6415851085108512	8.40996201098773e-05
0.6416837683768378	8.405976519975128e-05
0.6417824282428244	8.401951168746063e-05
0.641881088108811	8.397886221381541e-05
0.6419797479747975	8.393781940593879e-05
0.6420784078407841	8.38963858773523e-05
0.6421770677067707	8.385456422795184e-05
0.6422757275727573	8.38123570440637e-05
0.642374387438744	8.376976689844734e-05
0.6424730473047305	8.372679635027837e-05
0.6425717071707171	8.368344794525098e-05
0.6426703670367038	8.36397242155514e-05
0.6427690269026903	8.359562767986757e-05
0.6428676867686769	8.35511608434163e-05
0.6429663466346635	8.350632619795294e-05
0.6430650065006501	8.346112622186156e-05
0.6431636663666367	8.341556338008202e-05
0.6432623262326232	8.336964012417587e-05
0.6433609860986099	8.3323358892375e-05
0.6434596459645965	8.327672210954511e-05
0.6435583058305832	8.322973218722987e-05
0.6436569656965697	8.318239152370655e-05
0.6437556255625564	8.313470250393527e-05
0.643854285428543	8.308666749969499e-05
0.6439529452945295	8.303828886943301e-05
0.6440516051605161	8.298956895846174e-05
0.6441502650265026	8.294051009890528e-05
0.6442489248924893	8.289111460972867e-05
0.6443475847584759	8.284138479668662e-05
0.6444462446244625	8.279132295248667e-05
0.6445449044904491	8.274093135674988e-05
0.6446435643564358	8.269021227594309e-05
0.6447422242224223	8.263916796356819e-05
0.6448408840884089	8.258780066006501e-05
0.6449395439543956	8.253611259286213e-05
0.645038203820382	8.248410597641093e-05
0.6451368636863687	8.243178301220372e-05
0.6452355235523553	8.237914588885498e-05
0.6453341834183419	8.232619678196277e-05
0.6454328432843285	8.227293785432845e-05
0.645531503150315	8.221937125584491e-05
0.6456301630163017	8.216549912358744e-05
0.6457288228822883	8.211132358182204e-05
0.645827482748275	8.205684674196401e-05
0.6459261426142615	8.20020707027685e-05
0.6460248024802481	8.194699755017116e-05
0.6461234623462346	8.189162935739967e-05
0.6462221222122212	8.183596818500518e-05
0.6463207820782079	8.178001608088388e-05
0.6464194419441944	8.172377508023913e-05
0.6465181018101811	8.166724720570879e-05
0.6466167616761677	8.161043446732968e-05
0.6467154215421543	8.155333886253858e-05
0.6468140814081409	8.149596237625206e-05
0.6469127412741275	8.143830698086135e-05
0.6470114011401141	8.138037463630262e-05
0.6471100610061007	8.132216728998104e-05
0.6472087208720873	8.126368687690561e-05
0.6473073807380738	8.120493531967408e-05
0.6474060406040605	8.114591452846408e-05
0.647504700470047	8.108662640113489e-05
0.6476033603360337	8.102707282313829e-05
0.6477020202020203	8.09672556677211e-05
0.6478006800680068	8.09071767957377e-05
0.6478993399339935	8.084683805583422e-05
0.6479979997999801	8.078624128446154e-05
0.6480966596659666	8.072538830579218e-05
0.6481953195319532	8.066428093186447e-05
0.6482939793979399	8.060292096255295e-05
0.6483926392639264	8.054131018561514e-05
0.648491299129913	8.047945037675564e-05
0.6485899589958997	8.04173432994943e-05
0.6486886188618862	8.035499070539412e-05
0.6487872787278729	8.029239433402432e-05
0.6488859385938595	8.022955591288076e-05
0.6489845984598461	8.016647715755806e-05
0.6490832583258327	8.010315977170634e-05
0.6491819181918193	8.003960544707328e-05
0.6492805780578058	7.997581586351206e-05
0.6493792379237924	7.991179268903655e-05
0.649477897789779	7.984753757985725e-05
0.6495765576557656	7.97830521803575e-05
0.6496752175217523	7.971833812315617e-05
0.6497738773877388	7.965339702916992e-05
0.6498725372537254	7.958823050759469e-05
0.6499711971197121	7.952284015590833e-05
0.6500698569856986	7.945722755996732e-05
0.6501685168516852	7.939139429402187e-05
0.6502671767176718	7.932534192068587e-05
0.6503658365836584	7.925907199101903e-05
0.650464496449645	7.919258604458554e-05
0.6505631563156317	7.912588560938041e-05
0.6506618161816182	7.905897220193816e-05
0.6507604760476048	7.899184732737579e-05
0.6508591359135915	7.892451247935418e-05
0.650957795779578	7.885696914014551e-05
0.6510564556455647	7.878921878067856e-05
0.6511551155115513	7.872126286050137e-05
0.6512537753775378	7.865310282793854e-05
0.6513524352435244	7.858474011996262e-05
0.6514510951095109	7.851617616234521e-05
0.6515497549754976	7.84474123696416e-05
0.6516484148414842	7.83784501452079e-05
0.6517470747074708	7.830929088124043e-05
0.6518457345734574	7.823993595881241e-05
0.6519443944394441	7.817038674794964e-05
0.6520430543054306	7.810064460753101e-05
0.6521417141714172	7.803071088547363e-05
0.6522403740374038	7.796058691864307e-05
0.6523390339033903	7.789027403298848e-05
0.652437693769377	7.78197735434056e-05
0.6525363536353636	7.774908675401386e-05
0.6526350135013502	7.767821495797088e-05
0.6527336733673368	7.760715943758673e-05
0.6528323332333233	7.7535921464363e-05
0.65293099309931	7.746450229903078e-05
0.6530296529652966	7.739290319150929e-05
0.6531283128312833	7.732112538107876e-05
0.6532269726972698	7.724917009621881e-05
0.6533256325632564	7.717703855482738e-05
0.6534242924292429	7.710473196410775e-05
0.6535229522952296	7.703225152070238e-05
0.6536216121612162	7.695959841065522e-05
0.6537202720272027	7.68867738095091e-05
0.6538189318931894	7.681377888224854e-05
0.653917591759176	7.674061478340446e-05
0.6540162516251626	7.666728265706493e-05
0.6541149114911492	7.659378363691059e-05
0.6542135713571358	7.652011884621583e-05
0.6543122312231223	7.644628939794228e-05
0.6544108910891089	7.637229639469388e-05
0.6545095509550956	7.62981409288141e-05
0.6546082108210821	7.622382408236751e-05
0.6547068706870688	7.614934692722857e-05
0.6548055305530553	7.607471052509729e-05
0.654904190419042	7.599991592742013e-05
0.6550028502850286	7.592496417561478e-05
0.6551015101510151	7.584985630097518e-05
0.6552001700170018	7.577459332475528e-05
0.6552988298829884	7.569917625814576e-05
0.6553974897489749	7.562360610234449e-05
0.6554961496149615	7.554788384859987e-05
0.6555948094809482	7.547201047824129e-05
0.6556934693469347	7.539598696267877e-05
0.6557921292129213	7.531981426345502e-05
0.655890789078908	7.524349333234131e-05
0.6559894489448945	7.516702511118641e-05
0.6560881088108812	7.509041053220937e-05
0.6561867686768678	7.50136505178144e-05
0.6562854285428543	7.493674598071585e-05
0.6563840884088409	7.48596978239744e-05
0.6564827482748276	7.478250694101727e-05
0.6565814081408141	7.470517421567454e-05
0.6566800680068007	7.462770052220309e-05
0.6567787278727873	7.455008672530074e-05
0.6568773877387739	7.447233368019104e-05
0.6569760476047606	7.439444223267885e-05
0.6570747074707471	7.431641321901983e-05
0.6571733673367338	7.423824746615223e-05
0.6572720272027204	7.41599457916916e-05
0.6573706870687069	7.408150900376142e-05
0.6574693469346935	7.400293790134032e-05
0.6575680068006801	7.392423327409506e-05
0.6576666666666667	7.384539590242141e-05
0.6577653265326533	7.376642655755302e-05
0.65786398639864	7.368732600153312e-05
0.6579626462646265	7.360809498735724e-05
0.6580613061306131	7.352873425880636e-05
0.6581599659965998	7.344924455068811e-05
0.6582586258625863	7.336962658871719e-05
0.6583572857285729	7.328988108970077e-05
0.6584559455945594	7.321000876137503e-05
0.6585546054605461	7.313001030264283e-05
0.6586532653265327	7.304988640348314e-05
0.6587519251925192	7.296963774501974e-05
0.6588505850585059	7.288926499952306e-05
0.6589492449244925	7.280876883053096e-05
0.6590479047904791	7.272814989280207e-05
0.6591465646564657	7.264740883235264e-05
0.6592452245224524	7.256654628653991e-05
0.6593438843884389	7.248556288409647e-05
0.6594425442544255	7.240445924508233e-05
0.6595412041204121	7.232323598101048e-05
0.6596398639863986	7.224189369483293e-05
0.6597385238523853	7.216043298100179e-05
0.6598371837183719	7.207885442550513e-05
0.6599358435843585	7.199715860582603e-05
0.6600345034503451	7.191534609114356e-05
0.6601331633163318	7.183341744217154e-05
0.6602318231823183	7.17513732113219e-05
0.6603304830483049	7.166921394272075e-05
0.6604291429142914	7.15869401722089e-05
0.660527802780278	7.150455242735786e-05
0.6606264626462647	7.142205122760286e-05
0.6607251225122512	7.133943708417743e-05
0.6608237823782379	7.125671050024387e-05
0.6609224422442245	7.117387197076338e-05
0.661021102110211	7.109092198274692e-05
0.6611197619761977	7.100786101512655e-05
0.6612184218421843	7.092468953887359e-05
0.6613170817081709	7.084140801696373e-05
0.6614157415741575	7.075801690451817e-05
0.6615144014401441	7.067451664872369e-05
0.6616130613061306	7.059090768894957e-05
0.6617117211721172	7.050719045675626e-05
0.6618103810381039	7.042336537588832e-05
0.6619090409040904	7.03394328624326e-05
0.6620077007700771	7.025539332465794e-05
0.6621063606360637	7.017124716327432e-05
0.6622050205020503	7.008699477127484e-05
0.6623036803680369	7.000263653409399e-05
0.6624023402340236	6.991817282961015e-05
0.66250100010001	6.983360402816269e-05
0.6625996599659966	6.974893049258488e-05
0.6626983198319832	6.966415257826968e-05
0.6627969796979698	6.957927063316726e-05
0.6628956395639565	6.949428499790301e-05
0.662994299429943	6.940919600567186e-05
0.6630929592959297	6.932400398241324e-05
0.6631916191619163	6.923870924674798e-05
0.6632902790279028	6.915331211011196e-05
0.6633889388938895	6.906781287668076e-05
0.6634875987598761	6.898221184344614e-05
0.6635862586258626	6.889650930033891e-05
0.6636849184918492	6.881070553010226e-05
0.6637835783578359	6.872480080849486e-05
0.6638822382238224	6.86387954042056e-05
0.663980898089809	6.855268957890817e-05
0.6640795579557957	6.846648358738382e-05
0.6641782178217822	6.838017767741903e-05
0.6642768776877689	6.829377208998776e-05
0.6643755375537554	6.820726705918807e-05
0.6644741974197421	6.812066281223955e-05
0.6645728572857287	6.803395956970067e-05
0.6646715171517152	6.794715754528393e-05
0.6647701770177018	6.786025694610592e-05
0.6648688368836884	6.777325797249035e-05
0.664967496749675	6.768616081822418e-05
0.6650661566156616	6.759896567043825e-05
0.6651648164816483	6.751167270972992e-05
0.6652634763476348	6.742428211016872e-05
0.6653621362136215	6.733679403934604e-05
0.6654607960796081	6.724920865835045e-05
0.6655594559455946	6.71615261218926e-05
0.6656581158115812	6.707374657830735e-05
0.6657567756775677	6.698587016958142e-05
0.6658554355435544	6.689789703135299e-05
0.665954095409541	6.680982729302925e-05
0.6660527552755277	6.672166107776785e-05
0.6661514151415142	6.663339850251659e-05
0.6662500750075008	6.654503967806893e-05
0.6663487348734874	6.6456584709032e-05
0.666447394739474	6.636803369403888e-05
0.6665460546054607	6.627938672554515e-05
0.6666447144714472	6.619064389006552e-05
0.6667433743374338	6.610180526804934e-05
0.6668420342034204	6.601287093411108e-05
0.6669406940694069	6.592384095682807e-05
0.6670393539353936	6.583471539896978e-05
0.6671380138013802	6.574549431746316e-05
0.6672366736673668	6.56561777634068e-05
0.6673353335333534	6.556676578210196e-05
0.6674339933993401	6.547725841319908e-05
0.6675326532653266	6.538765569060487e-05
0.6676313131313132	6.52979576425449e-05
0.6677299729972997	6.520816429160314e-05
0.6678286328632863	6.511827565487207e-05
0.667927292729273	6.502829174377827e-05
0.6680259525952595	6.493821256429568e-05
0.6681246124612462	6.484803811688423e-05
0.6682232723272328	6.475776839662163e-05
0.6683219321932194	6.466740339304836e-05
0.668420592059206	6.45769430904611e-05
0.6685192519251926	6.448638746774927e-05
0.6686179117911792	6.439573649850476e-05
0.6687165716571658	6.430499015109673e-05
0.6688152315231524	6.421414838857844e-05
0.6689138913891389	6.412321116892348e-05
0.6690125512551256	6.403217844484276e-05
0.6691112111211122	6.394105016399888e-05
0.6692098709870987	6.384982626889955e-05
0.6693085308530854	6.375850669706211e-05
0.669407190719072	6.366709138093864e-05
0.6695058505850586	6.357558024806821e-05
0.6696045104510452	6.348397322095577e-05
0.6697031703170317	6.339227021732655e-05
0.6698018301830183	6.330047114985532e-05
0.6699004900490049	6.320857592655693e-05
0.6699991499149915	6.311658445055696e-05
0.6700978097809781	6.302449662019775e-05
0.6701964696469648	6.293231232915654e-05
0.6702951295129513	6.284003146636572e-05
0.670393789378938	6.274765391615874e-05
0.6704924492449246	6.265517955815272e-05
0.6705911091109111	6.256260826748304e-05
0.6706897689768978	6.246993991465314e-05
0.6707884288428844	6.23771743657156e-05
0.6708870887088709	6.228431148217285e-05
0.6709857485748575	6.219135112116818e-05
0.6710844084408442	6.209829313537044e-05
0.6711830683068307	6.200513737311279e-05
0.6712817281728174	6.191188367834668e-05
0.671380388038804	6.181853189077209e-05
0.6714790479047905	6.172508184583279e-05
0.6715777077707772	6.163153337466053e-05
0.6716763676367637	6.153788630425879e-05
0.6717750275027503	6.144414045748942e-05
0.6718736873687369	6.135029565301444e-05
0.6719723472347235	6.125635170547118e-05
0.6720710071007101	6.116230842543338e-05
0.6721696669666967	6.106816561942467e-05
0.6722683268326833	6.097392309000982e-05
0.6723669866986699	6.087958063579951e-05
0.6724656465646566	6.078513805151368e-05
0.6725643064306431	6.06905951279584e-05
0.6726629662966298	6.059595165211458e-05
0.6727616261626164	6.050120740715135e-05
0.6728602860286029	6.040636217251721e-05
0.6729589458945895	6.031141572381473e-05
0.673057605760576	6.0216367833035204e-05
0.6731562656265627	6.0121218268489175e-05
0.6732549254925493	6.0025966794817375e-05
0.673353585358536	5.993061317308666e-05
0.6734522452245225	5.9835157160856756e-05
0.6735509050905091	5.9739598512040315e-05
0.6736495649564957	5.964393697717639e-05
0.6737482248224823	5.954817230327216e-05
0.6738468846884689	5.94523042339451e-05
0.6739455445544554	5.935633250940572e-05
0.6740442044204421	5.926025686652799e-05
0.6741428642864287	5.916407703884782e-05
0.6742415241524153	5.9067792756697895e-05
0.6743401840184019	5.897140374701658e-05
0.6744388438843885	5.887490973363822e-05
0.6745375037503751	5.877831043719932e-05
0.6746361636163617	5.868160557517111e-05
0.6747348234823484	5.8584794861909115e-05
0.6748334833483349	5.848787800874898e-05
0.6749321432143215	5.839085472390522e-05
0.675030803080308	5.829372471260955e-05
0.6751294629462946	5.8196487677170134e-05
0.6752281228122813	5.8099143316893476e-05
0.6753267826782678	5.800169132823968e-05
0.6754254425442545	5.790413140472975e-05
0.6755241024102411	5.780646323710325e-05
0.6756227622762278	5.770868651328389e-05
0.6757214221422143	5.7610800918426604e-05
0.6758200820082009	5.7512806134945094e-05
0.6759187418741874	5.741470184253694e-05
0.676017401740174	5.7316487718278095e-05
0.6761160616061607	5.721816343660293e-05
0.6762147214721472	5.711972866931596e-05
0.6763133813381339	5.702118308569238e-05
0.6764120412041205	5.692252635243742e-05
0.676510701070107	5.68237581338099e-05
0.6766093609360937	5.6724878091556106e-05
0.6767080208020803	5.662588588504909e-05
0.6768066806680669	5.652678117122134e-05
0.6769053405340535	5.642756360463597e-05
0.67700400040004	5.632823283758831e-05
0.6771026602660266	5.6228788520012994e-05
0.6772013201320133	5.6129230299603766e-05
0.6772999799979998	5.602955782184938e-05
0.6773986398639864	5.592977073002696e-05
0.6774972997299731	5.582986866525128e-05
0.6775959595959596	5.572985126650698e-05
0.6776946194619463	5.5629718170685626e-05
0.6777932793279329	5.552946901263381e-05
0.6778919391939194	5.542910342511109e-05
0.677990599059906	5.532862103897786e-05
0.6780892589258926	5.5228021483034224e-05
0.6781879187918792	5.5127304384244165e-05
0.6782865786578658	5.502646936756726e-05
0.6783852385238525	5.4925516056188817e-05
0.678483898389839	5.482444407144274e-05
0.6785825582558257	5.472325303281925e-05
0.6786812181218123	5.46219425580955e-05
0.6787798779877988	5.452051226329473e-05
0.6788785378537855	5.441896176276456e-05
0.678977197719772	5.4317290669106956e-05
0.6790758575857586	5.4215498593390196e-05
0.6791745174517452	5.4113585145002285e-05
0.6792731773177318	5.4011549931829995e-05
0.6793718371837184	5.3909392560129357e-05
0.679470497049705	5.380711263472775e-05
0.6795691569156916	5.3704709758961164e-05
0.6796678167816782	5.360218353471959e-05
0.6797664766476649	5.3499533562437645e-05
0.6798651365136514	5.3396759441242086e-05
0.6799637963796381	5.32938607688986e-05
0.6800624562456246	5.319083714181232e-05
0.6801611161116112	5.308768815515441e-05
0.6802597759775978	5.2984413402858915e-05
0.6803584358435844	5.288101247756222e-05
0.680457095709571	5.2777484970763824e-05
0.6805557555755576	5.2673830472849826e-05
0.6806544154415443	5.257004857302018e-05
0.6807530753075308	5.246613885938872e-05
0.6808517351735175	5.236210091902475e-05
0.680950395039504	5.22579343379959e-05
0.6810490549054906	5.215363870129292e-05
0.6811477147714772	5.204921359301354e-05
0.6812463746374637	5.194465859626673e-05
0.6813450345034504	5.1839973293332034e-05
0.681443694369437	5.1735157265510414e-05
0.6815423542354236	5.163021009335527e-05
0.6816410141014102	5.152513135656701e-05
0.6817396739673968	5.141992063402598e-05
0.6818383338333834	5.1314577503909355e-05
0.68193699369937	5.1209101543698604e-05
0.6820356535653567	5.110349233014562e-05
0.6821343134313432	5.0997749439349405e-05
0.6822329732973298	5.089187244674897e-05
0.6823316331633164	5.078586092726323e-05
0.6824302930293029	5.0679714455201144e-05
0.6825289528952896	5.057343260431408e-05
0.6826276127612761	5.0467014947871394e-05
0.6827262726272628	5.036046105867616e-05
0.6828249324932494	5.025377050903742e-05
0.682923592359236	5.014694287090993e-05
0.6830222522252226	5.003997771586274e-05
0.6831209120912092	4.99328746150451e-05
0.6832195719571957	4.98256331392984e-05
0.6833182318231823	4.97182528591999e-05
0.683416891689169	4.961073334507619e-05
0.6835155515551555	4.950307416695213e-05
0.6836142114211422	4.939527489466139e-05
0.6837128712871288	4.928733509789521e-05
0.6838115311531154	4.917925434618887e-05
0.683910191019102	4.907103220894001e-05
0.6840088508850886	4.896266825543891e-05
0.6841075107510752	4.885416205493532e-05
0.6842061706170618	4.8745513176672484e-05
0.6843048304830484	4.863672118983718e-05
0.6844034903490349	4.8527785663711625e-05
0.6845021502150216	4.84187061675664e-05
0.6846008100810081	4.8309482270758906e-05
0.6846994699469947	4.820011354281093e-05
0.6847981298129814	4.809059955334419e-05
0.6848967896789679	4.79809398722006e-05
0.6849954495449546	4.787113406930345e-05
0.6850941094109412	4.776118171494547e-05
0.6851927692769277	4.765108237959171e-05
0.6852914291429143	4.754083563400461e-05
0.6853900890089009	4.743044104926206e-05
0.6854887488748875	4.731989819676939e-05
0.6855874087408741	4.720920664835768e-05
0.6856860686068608	4.709836597614494e-05
0.6857847284728473	4.698737575278639e-05
0.685883388338834	4.68762355513198e-05
0.6859820482048206	4.676494494526746e-05
0.6860807080708072	4.6653503508700325e-05
0.6861793679367938	4.6541910816173426e-05
0.6862780278027804	4.6430166442847095e-05
0.6863766876687669	4.6318269964430855e-05
0.6864753475347535	4.620622095727197e-05
0.6865740074007401	4.6094018998386614e-05
0.6866726672667267	4.598166366538808e-05
0.6867713271327134	4.586915453668199e-05
0.6868699869986999	4.57564911913301e-05
0.6869686468646865	4.5643673209175e-05
0.6870673067306732	4.553070017083745e-05
0.6871659665966597	4.5417571657738056e-05
0.6872646264626463	4.5304287252145354e-05
0.6873632863286329	4.51908465371465e-05
0.6874619461946195	4.507724909676716e-05
0.6875606060606061	4.4963494515905584e-05
0.6876592659265927	4.484958238042459e-05
0.6877579257925793	4.473551227714027e-05
0.6878565856585659	4.4621283793877584e-05
0.6879552455245526	4.450689651942858e-05
0.6880539053905391	4.439235004370768e-05
0.6881525652565258	4.427764395760531e-05
0.6882512251225124	4.416277785319914e-05
0.6883498849884989	4.4047751323621055e-05
0.6884485448544855	4.393256396319294e-05
0.688547204720472	4.38172153673716e-05
0.6886458645864587	4.3701705132837544e-05
0.6887445244524453	4.358603285751049e-05
0.688843184318432	4.347019814050078e-05
0.6889418441844185	4.3354200582249444e-05
0.6890405040504052	4.323803978450024e-05
0.6891391639163917	4.3121715350223985e-05
0.6892378237823783	4.300522688388475e-05
0.6893364836483649	4.2888573991219396e-05
0.6894351435143514	4.277175627940736e-05
0.6895338033803381	4.265477335704751e-05
0.6896324632463247	4.253762483415169e-05
0.6897311231123113	4.242031032225289e-05
0.6898297829782979	4.2302829434378096e-05
0.6899284428442845	4.218518178499723e-05
0.6900271027102711	4.206736699025235e-05
0.6901257625762577	4.1949384667771846e-05
0.6902244224422444	4.183123443681677e-05
0.6903230823082309	4.171291591822157e-05
0.6904217421742175	4.1594428734501516e-05
0.690520402040204	4.147577250984066e-05
0.6906190619061906	4.135694687009733e-05
0.6907177217721773	4.123795144283636e-05
0.6908163816381638	4.1118785857385644e-05
0.6909150415041505	4.099944974482335e-05
0.6910137013701371	4.087994273798464e-05
0.6911123612361237	4.076026447156919e-05
0.6912110211021103	4.0640414582076274e-05
0.6913096809680969	4.052039270783434e-05
0.6914083408340834	4.040019848909045e-05
0.69150700070007	4.02798315679568e-05
0.6916056605660567	4.015929158851934e-05
0.6917043204320432	4.003857819676555e-05
0.6918029802980299	3.9917691040640174e-05
0.6919016401640165	3.9796629770130965e-05
0.6920003000300031	3.9675394037182835e-05
0.6920989598959897	3.955398349584256e-05
0.6921976197619762	3.943239780214002e-05
0.6922962796279629	3.9310636614247464e-05
0.6923949394939495	3.918869959240474e-05
0.692493599359936	3.906658639896331e-05
0.6925922592259226	3.894429669849161e-05
0.6926909190919093	3.882183015765132e-05
0.6927895789578958	3.869918644531042e-05
0.6928882388238824	3.857636523256855e-05
0.6929868986898691	3.8453366192767853e-05
0.6930855585558556	3.833018900146487e-05
0.6931842184218423	3.8206833336516105e-05
0.6932828782878289	3.808329887805601e-05
0.6933815381538154	3.795958530858735e-05
0.693480198019802	3.7835692312908213e-05
0.6935788578857885	3.771161957817978e-05
0.6936775177517752	3.758736679395727e-05
0.6937761776177618	3.7462933652183094e-05
0.6938748374837485	3.733831984723756e-05
0.693973497349735	3.721352507593165e-05
0.6940721572157217	3.7088549037595364e-05
0.6941708170817082	3.696339143391777e-05
0.6942694769476948	3.68380519692148e-05
0.6943681368136815	3.6712530350265586e-05
0.694466796679668	3.658682628643682e-05
0.6945654565456546	3.6460939489585886e-05
0.6946641164116412	3.633486967422483e-05
0.6947627762776278	3.620861655745187e-05
0.6948614361436144	3.6082179858968435e-05
0.6949600960096011	3.59555593011395e-05
0.6950587558755876	3.582875460899221e-05
0.6951574157415742	3.5701765510229624e-05
0.6952560756075609	3.557459173525532e-05
0.6953547354735474	3.544723301718844e-05
0.695453395339534	3.531968909192527e-05
0.6955520552055205	3.5191959698052854e-05
0.6956507150715072	3.506404457699679e-05
0.6957493749374938	3.493594347295131e-05
0.6958480348034803	3.4807656132941416e-05
0.695946694669467	3.467918230682139e-05
0.6960453545354536	3.455052174725337e-05
0.6961440144014402	3.442167420986856e-05
0.6962426742674268	3.4292639453078e-05
0.6963413341334135	3.416341723826975e-05
0.6964399939994	3.403400732975393e-05
0.6965386538653866	3.3904409494759884e-05
0.6966373137313732	3.377462350346028e-05
0.6967359735973597	3.364464912905458e-05
0.6968346334633464	3.351448614773952e-05
0.696933293329333	3.3384134338660324e-05
0.6970319531953196	3.3253593484060204e-05
0.6971306130613062	3.312286336921161e-05
0.6972292729272928	3.299194378243216e-05
0.6973279327932794	3.286083451518695e-05
0.697426592659266	3.27295353619498e-05
0.6975252525252525	3.259804612038144e-05
0.6976239123912391	3.2466366591222246e-05
0.6977225722572258	3.233449657841821e-05
0.6978212321232123	3.22024358890721e-05
0.697919891989199	3.207018433346049e-05
0.6980185518551856	3.193774172504215e-05
0.6981172117211721	3.180510788049635e-05
0.6982158715871588	3.1672282619765655e-05
0.6983145314531454	3.1539265766092805e-05
0.698413191319132	3.1406057145807926e-05
0.6985118511851186	3.127265658868205e-05
0.6986105110511052	3.113906392776133e-05
0.6987091709170917	3.1005278999343545e-05
0.6988078307830783	3.0871301643122965e-05
0.698906490649065	3.073713170206166e-05
0.6990051505150515	3.060276902259153e-05
0.6991038103810382	3.0468213454400507e-05
0.6992024702470248	3.033346485064372e-05
0.6993011301130114	3.019852306785476e-05
0.699399789978998	3.006338796600506e-05
0.6994984498449845	2.9928059408441276e-05
0.6995971097109712	2.9792537262063562e-05
0.6996957695769578	2.965682139713809e-05
0.6997944294429443	2.952091168749939e-05
0.6998930893089309	2.9384808010368343e-05
0.6999917491749176	2.9248510246573463e-05
0.7000904090409041	2.911201828041199e-05
0.7001890689068907	2.8975331999736787e-05
0.7002877287728774	2.883845129592442e-05
0.7003863886388639	2.8701376063964042e-05
0.7004850485048506	2.8564106202406322e-05
0.7005837083708372	2.84266416133456e-05
0.7006823682368237	2.828898220255836e-05
0.7007810281028103	2.815112787938258e-05
0.700879687968797	2.801307855679315e-05
0.7009783478347835	2.7874834151446454e-05
0.7010770077007701	2.7736394583635958e-05
0.7011756675667568	2.759775977735207e-05
0.7012743274327433	2.7458929660206886e-05
0.70137298729873	2.7319904163554493e-05
0.7014716471647165	2.7180683222502845e-05
0.7015703070307032	2.704126677577271e-05
0.7016689668966898	2.6901654765943405e-05
0.7017676267626763	2.676184713926205e-05
0.7018662866286629	2.662184384575913e-05
0.7019649464946495	2.6481644839223728e-05
0.7020636063606361	2.6341250077254627e-05
0.7021622662266227	2.620065952129268e-05
0.7022609260926094	2.6059873136439725e-05
0.7023595859585959	2.5918890891791245e-05
0.7024582458245825	2.5777712760158546e-05
0.7025569056905692	2.5636338718248287e-05
0.7026555655565557	2.5494768746629756e-05
0.7027542254225423	2.5353002829674598e-05
0.7028528852885289	2.5211040955727965e-05
0.7029515451545155	2.506888311697405e-05
0.7030502050205021	2.4926529309461246e-05
0.7031488648864886	2.4783979533233997e-05
0.7032475247524753	2.464123379218831e-05
0.7033461846184619	2.449829209420248e-05
0.7034448444844486	2.435515445104781e-05
0.7035435043504351	2.4211820878509707e-05
0.7036421642164218	2.4068291396298835e-05
0.7037408240824083	2.3924566028123156e-05
0.7038394839483949	2.3780644801628242e-05
0.7039381438143815	2.363652774855669e-05
0.704036803680368	2.34922149045427e-05
0.7041354635463547	2.3347706309263496e-05
0.7042341234123413	2.3203002006519684e-05
0.7043327832783279	2.3058102044022465e-05
0.7044314431443145	2.2913006473580416e-05
0.7045301030103012	2.2767715351060537e-05
0.7046287628762877	2.2622228736407305e-05
0.7047274227422743	2.247654669358419e-05
0.7048260826082609	2.2330669290679e-05
0.7049247424742474	2.2184596599859596e-05
0.7050234023402341	2.2038328697438813e-05
0.7051220622062206	2.1891865663745904e-05
0.7052207220722073	2.174520758329105e-05
0.7053193819381939	2.159835454468176e-05
0.7054180418041804	2.145130664072367e-05
0.7055167016701671	2.130406396826687e-05
0.7056153615361537	2.1156626628402947e-05
0.7057140214021403	2.1008994726323283e-05
0.7058126812681269	2.0861168371418962e-05
0.7059113411341135	2.0713147677212547e-05
0.7060100010001	2.0564932761494472e-05
0.7061086608660866	2.0416523746175247e-05
0.7062073207320733	2.0267920757355422e-05
0.7063059805980598	2.011912392541331e-05
0.7064046404640465	1.9970133384879002e-05
0.7065033003300331	1.98209492745288e-05
0.7066019601960197	1.9671571737357777e-05
0.7067006200620063	1.952200092060247e-05
0.7067992799279929	1.9372236975754104e-05
0.7068979397939794	1.9222280058526022e-05
0.706996599659966	1.9072130328911322e-05
0.7070952595259526	1.892178795115009e-05
0.7071939193919392	1.877125309375756e-05
0.7072925792579259	1.8620525929526398e-05
0.7073912391239124	1.8469606635543897e-05
0.7074898989898991	1.8318495393179183e-05
0.7075885588558857	1.8167192388069957e-05
0.7076872187218722	1.8015697810184503e-05
0.7077858785878589	1.7864011853798312e-05
0.7078845384538455	1.771213471749147e-05
0.707983198319832	1.756006660412975e-05
0.7080818581858186	1.7407807720973335e-05
0.7081805180518053	1.7255358279564765e-05
0.7082791779177918	1.7102718495762733e-05
0.7083778377837784	1.6949888589860072e-05
0.7084764976497651	1.679686878635512e-05
0.7085751575157516	1.6643659314202212e-05
0.7086738173817383	1.64902604066724e-05
0.7087724772477249	1.633667230142174e-05
0.7088711371137114	1.6182895240459298e-05
0.708969796979698	1.6028929470131263e-05
0.7090684568456845	1.5874775241181282e-05
0.7091671167116712	1.5720432808763088e-05
0.7092657765776578	1.556590243237682e-05
0.7093644364436444	1.541118437591839e-05
0.709463096309631	1.5256278907663396e-05
0.7095617561756177	1.510118630032377e-05
0.7096604160416042	1.494590683096172e-05
0.7097590759075909	1.4790440781067757e-05
0.7098577357735775	1.46347884365469e-05
0.709956395639564	1.4478950087681252e-05
0.7100550555055506	1.432292602922524e-05
0.7101537153715372	1.4166716560282655e-05
0.7102523752375238	1.4010321984433e-05
0.7103510351035104	1.3853742609625403e-05
0.7104496949694971	1.369697874830635e-05
0.7105483548354836	1.3540030717284841e-05
0.7106470147014702	1.3382898837831903e-05
0.7107456745674569	1.3225583435694078e-05
0.7108443344334434	1.3068084840966944e-05
0.71094299429943	1.2910403388265735e-05
0.7110416541654165	1.2752539416611077e-05
0.7111403140314032	1.259449326947112e-05
0.7112389738973898	1.2436265294766987e-05
0.7113376337633763	1.2277855844871731e-05
0.711436293629363	1.2119265276647037e-05
0.7115349534953496	1.196049395129658e-05
0.7116336133613362	1.1801542234626629e-05
0.7117322732273228	1.1642410496790835e-05
0.7118309330933095	1.148309911242903e-05
0.711929592959296	1.132360846068593e-05
0.7120282528252826	1.1163938925101193e-05
0.7121269126912692	1.1004090893746287e-05
0.7122255725572557	1.0844064759115237e-05
0.7123242324232424	1.0683860918117944e-05
0.712422892289229	1.0523479772280415e-05
0.7125215521552156	1.0362921727405804e-05
0.7126202120212022	1.0202187193931242e-05
0.7127188718871889	1.0041276586684965e-05
0.7128175317531754	9.880190324955803e-06
0.712916191619162	9.718928832514226e-06
0.7130148514851485	9.557492537618555e-06
0.7131135113511351	9.39588187297564e-06
0.7132121712171218	9.23409727579649e-06
0.7133108310831083	9.072139187738174e-06
0.713409490949095	8.910008054910223e-06
0.7135081508150816	8.747704327915326e-06
0.7136068106810681	8.585228461830161e-06
0.7137054705470548	8.42258091620106e-06
0.7138041304130414	8.259762155016588e-06
0.713902790279028	8.096772646789808e-06
0.7140014501450146	7.933612864426231e-06
0.7141001100110012	7.770283285379297e-06
0.7141987698769877	7.606784391525816e-06
0.7142974297429743	7.443116669174826e-06
0.714396089608961	7.279280609180574e-06
0.7144947494749475	7.1152767067718675e-06
0.7145934093409342	6.951105461766429e-06
0.7146920692069207	6.786767378297427e-06
0.7147907290729074	6.622262965028247e-06
0.714889388938894	6.457592735089138e-06
0.7149880488048805	6.29275720603524e-06
0.7150867086708671	6.127756899914881e-06
0.7151853685368537	5.962592343214596e-06
0.7152840284028403	5.797264066840618e-06
0.7153826882688269	5.631772606163523e-06
0.7154813481348136	5.466118501025974e-06
0.7155800080008001	5.3003022957314556e-06
0.7156786678667868	5.134324538922512e-06
0.7157773277327734	4.96818578377257e-06
0.7158759875987599	4.8018865878768336e-06
0.7159746474647466	4.635427513263302e-06
0.7160733073307332	4.4688091263927045e-06
0.7161719671967197	4.302031998095958e-06
0.7162706270627063	4.135096703708313e-06
0.716369286928693	3.968003822971541e-06
0.7164679467946795	3.800753940026425e-06
0.7165666066606661	3.633347643431736e-06
0.7166652665266527	3.4657855261766734e-06
0.7167639263926393	3.2980681855990983e-06
0.716862586258626	3.1301962235376187e-06
0.7169612461246125	2.962170246174342e-06
0.7170599059905992	2.7939908641013684e-06
0.7171585658565858	2.6256586923078666e-06
0.7172572257225723	2.4571743501401533e-06
0.7173558855885589	2.2885384613995436e-06
0.7174545454545455	2.1197516542288325e-06
0.7175532053205321	1.950814561105525e-06
0.7176518651865187	1.7817278189724755e-06
0.7177505250525054	1.6124920690851121e-06
0.7178491849184919	1.4431079570772998e-06
0.7179478447844785	1.2735761329471918e-06
0.7180465046504652	1.1038972510076913e-06
0.7181451645164517	9.340719699812967e-07
0.7182438243824383	7.641009529135964e-07
0.7183424842484248	5.939848671834398e-07
0.7184411441144115	4.237243845206441e-07
0.7185398039803981	2.5332018097440903e-07
0.7186384638463847	8.277293688031788e-08
0.7187371237123713	8.791666300043575e-08
0.7188357835783579	2.5874792968889255e-07
0.7189344434443445	4.29720169863216e-07
0.7190331033103311	6.008326859203026e-07
0.7191317631763178	7.72084775894835e-07
0.7192304230423043	9.434757336261991e-07
0.7193290829082909	1.1150048485807429e-06
0.7194277427742775	1.286671405978764e-06
0.719526402640264	1.45847468679111e-06
0.7196250625062507	1.6304139676911239e-06
0.7197237223722373	1.8024885211117932e-06
0.7198223822382239	1.974697615177362e-06
0.7199210421042105	2.1470405138442316e-06
0.7200197019701972	2.319516476785959e-06
0.7201183618361837	2.4921247594168554e-06
0.7202170217021703	2.6648646129700383e-06
0.7203156815681568	2.8377352844389317e-06
0.7204143414341434	3.0107360165979888e-06
0.7205130013001301	3.183866048007754e-06
0.7206116611661166	3.357124613023882e-06
0.7207103210321033	3.530510941870321e-06
0.7208089808980899	3.704024260487533e-06
0.7209076407640764	3.877663790729651e-06
0.7210063006300631	4.051428750200807e-06
0.7211049604960497	4.225318352400206e-06
0.7212036203620363	4.3993318066407024e-06
0.7213022802280229	4.573468318098297e-06
0.7214009400940095	4.747727087839513e-06
0.721499599959996	4.922107312701953e-06
0.7215982598259827	5.0966081855208854e-06
0.7216969196919693	5.27122889493308e-06
0.7217955795579558	5.445968625497772e-06
0.7218942394239425	5.620826557699847e-06
0.721992899289929	5.7958018678195e-06
0.7220915591559157	5.970893728243124e-06
0.7221902190219023	6.1461013071223565e-06
0.7222888788878888	6.3214237685954286e-06
0.7223875387538754	6.496860272758291e-06
0.722486198619862	6.672409975658285e-06
0.7225848584858486	6.848072029300799e-06
0.7226835183518352	7.023845581640018e-06
0.7227821782178219	7.19972977662492e-06
0.7228808380838084	7.375723754181827e-06
0.7229794979497951	7.55182665025796e-06
0.7230781578157817	7.728037596804623e-06
0.7231768176817682	7.904355721756207e-06
0.7232754775477549	8.080780149127327e-06
0.7233741374137415	8.257309998884717e-06
0.723472797279728	8.433944387151587e-06
0.7235714571457146	8.610682426012462e-06
0.7236701170117013	8.787523223631878e-06
0.7237687768776878	8.964465884288397e-06
0.7238674367436744	9.141509508339429e-06
0.723966096609661	9.318653192218128e-06
0.7240647564756476	9.495896028444072e-06
0.7241634163416343	9.673237105660555e-06
0.7242620762076208	9.850675508669647e-06
0.7243607360736074	1.0028210318405315e-05
0.724459395939594	1.0205840611901848e-05
0.7245580558055806	1.0383565462381865e-05
0.7246567156715672	1.0561383939243893e-05
0.7247553755375538	1.073929510806182e-05
0.7248540354035404	1.0917298030556926e-05
0.724952695269527	1.1095391764726872e-05
0.7250513551355137	1.127357536470185e-05
0.7251500150015002	1.1451847880863599e-05
0.7252486748674869	1.1630208359869799e-05
0.7253473347334735	1.1808655844567061e-05
0.72544599459946	1.1987189374077382e-05
0.7255446544654466	1.2165807983752495e-05
0.7256433143314331	1.2344510705324812e-05
0.7257419741974198	1.2523296566709884e-05
0.7258406340634064	1.2702164592164335e-05
0.725939293929393	1.28811138022754e-05
0.7260379537953796	1.3060143213920076e-05
0.7261366136613662	1.3239251840340704e-05
0.7262352735273528	1.3418438691113539e-05
0.7263339333933394	1.3597702772207182e-05
0.726432593259326	1.3777043085905614e-05
0.7265312531253125	1.3956458630913454e-05
0.7266299129912992	1.4135948402337722e-05
0.7267285728572858	1.4315511391673419e-05
0.7268272327232723	1.4495146586891279e-05
0.726925892589259	1.4674852972315466e-05
0.7270245524552456	1.4854629528753327e-05
0.7271232123212322	1.5034475233519299e-05
0.7272218721872188	1.5214389060327812e-05
0.7273205320532055	1.53943699793974e-05
0.727419191919192	1.5574416957473763e-05
0.7275178517851786	1.5754528957794234e-05
0.7276165116511651	1.593470494009602e-05
0.7277151715171517	1.6114943860721963e-05
0.7278138313831384	1.629524467249716e-05
0.7279124912491249	1.647560632481179e-05
0.7280111511151116	1.665602776368262e-05
0.7281098109810982	1.6836507931704075e-05
0.7282084708470848	1.7017045768005647e-05
0.7283071307130714	1.7197640208431263e-05
0.728405790579058	1.7378290185412936e-05
0.7285044504450445	1.7558994627975183e-05
0.7286031103110311	1.7739752461910642e-05
0.7287017701770178	1.7920562609568282e-05
0.7288004300430043	1.8101423990076187e-05
0.728899089908991	1.8282335519201275e-05
0.7289977497749776	1.846329610946395e-05
0.7290964096409641	1.864430467007191e-05
0.7291950695069508	1.8825360106989655e-05
0.7292937293729373	1.900646132296589e-05
0.729392389238924	1.9187607217471503e-05
0.7294910491049106	1.9368796686819656e-05
0.7295897089708971	1.955002862406459e-05
0.7296883688368837	1.9731301919098603e-05
0.7297870287028703	1.9912615458619044e-05
0.7298856885688569	2.009396812624835e-05
0.7299843484348435	2.0275358802355982e-05
0.7300830083008302	2.045678636424143e-05
0.7301816681668167	2.063824968608903e-05
0.7302803280328034	2.081974763897649e-05
0.73037898789879	2.100127909090201e-05
0.7304776477647765	2.118284290678445e-05
0.7305763076307631	2.1364437948472742e-05
0.7306749674967496	2.154606307485992e-05
0.7307736273627363	2.1727717141681404e-05
0.7308722872287229	2.190939900181146e-05
0.7309709470947096	2.2091107505036444e-05
0.7310696069606961	2.227284149815971e-05
0.7311682668266828	2.2454599825083983e-05
0.7312669266926694	2.2636381326722638e-05
0.7313655865586559	2.2818184841071703e-05
0.7314642464246426	2.3000009203204056e-05
0.7315629062906291	2.318185324530583e-05
0.7316615661566157	2.336371579668891e-05
0.7317602260226023	2.354559568375154e-05
0.7318588858885889	2.3727491730085617e-05
0.7319575457545755	2.390940275643482e-05
0.7320562056205621	2.4091327580684377e-05
0.7321548654865487	2.4273265018017385e-05
0.7322535253525353	2.4455213880701207e-05
0.732352185218522	2.4637172978346573e-05
0.7324508450845085	2.481914111770019e-05
0.7325495049504951	2.5001117102839304e-05
0.7326481648164817	2.5183099735144232e-05
0.7327468246824682	2.5365087813219595e-05
0.7328454845484549	2.554708013299619e-05
0.7329441444144414	2.5729075487769912e-05
0.7330428042804281	2.5911072668134723e-05
0.7331414641464147	2.6093070462104683e-05
0.7332401240124014	2.62750676549795e-05
0.7333387838783879	2.6457063029537977e-05
0.7334374437443746	2.663905536592923e-05
0.7335361036103611	2.6821043441741957e-05
0.7336347634763477	2.700302603199461e-05
0.7337334233423343	2.7185001909171973e-05
0.7338320832083208	2.7366969843244778e-05
0.7339307430743075	2.754892860166549e-05
0.7340294029402941	2.773087694945871e-05
0.7341280628062807	2.7912813649069567e-05
0.7342267226722673	2.8094737460588187e-05
0.7343253825382539	2.8276647141594617e-05
0.7344240424042405	2.84585414473004e-05
0.7345227022702271	2.8640419130546286e-05
0.7346213621362138	2.8822278941695408e-05
0.7347200220022003	2.900411962877659e-05
0.7348186818681869	2.9185939937568797e-05
0.7349173417341734	2.9367738611385265e-05
0.73501600160016	2.9549514391294968e-05
0.7351146614661467	2.973126601604867e-05
0.7352133213321332	2.9912992222153938e-05
0.7353119811981199	3.00946917438053e-05
0.7354106410641065	3.0276363313016525e-05
0.7355093009300931	3.0458005659537314e-05
0.7356079607960797	3.063961751089336e-05
0.7357066206620663	3.0821197592481096e-05
0.7358052805280528	3.100274462748349e-05
0.7359039403940394	3.11842573369592e-05
0.7360026002600261	3.1365734439828055e-05
0.7361012601260126	3.1547174652834114e-05
0.7361999199919993	3.1728576690739404e-05
0.7362985798579859	3.190993926612007e-05
0.7363972397239725	3.2091261089560496e-05
0.7364958995899591	3.2272540869568966e-05
0.7365945594559457	3.245377731265438e-05
0.7366932193219323	3.263496912331962e-05
0.7367918791879189	3.281611500404164e-05
0.7368905390539054	3.299721365537267e-05
0.736989198919892	3.3178263775889355e-05
0.7370878587858787	3.335926406227833e-05
0.7371865186518652	3.3540213209257975e-05
0.7372851785178518	3.3721109909710386e-05
0.7373838383838385	3.3901952854588004e-05
0.737482498249825	3.408274073305439e-05
0.7375811581158117	3.426347223236012e-05
0.7376798179817983	3.444414603800578e-05
0.7377784778477848	3.462476083366105e-05
0.7378771377137714	3.480531530120629e-05
0.737975797579758	3.498580812079433e-05
0.7380744574457446	3.5166237970826525e-05
0.7381731173117312	3.534660352795882e-05
0.7382717771777179	3.552690346716186e-05
0.7383704370437044	3.570713646173777e-05
0.7384690969096911	3.58873011833156e-05
0.7385677567756777	3.606739630183803e-05
0.7386664166416642	3.624742048570321e-05
0.7387650765076509	3.642737240164241e-05
0.7388637363736374	3.6607250714803096e-05
0.738962396239624	3.678705408879166e-05
0.7390610561056106	3.69667811856595e-05
0.7391597159715972	3.7146430665927785e-05
0.7392583758375838	3.73260011885796e-05
0.7393570357035705	3.75054914111829e-05
0.739455695569557	3.7684899989741505e-05
0.7395543554355436	3.786422557887253e-05
0.7396530153015303	3.804346683177898e-05
0.7397516751675168	3.822262240018349e-05
0.7398503350335034	3.840169093448833e-05
0.73994899489949	3.858067108370027e-05
0.7400476547654766	3.875956149543978e-05
0.7401463146314632	3.893836081605214e-05
0.7402449744974497	3.9117067690542534e-05
0.7403436343634364	3.929568076262698e-05
0.740442294229423	3.947419867477999e-05
0.7405409540954097	3.96526200681891e-05
0.7406396139613962	3.9830943582787395e-05
0.7407382738273829	4.000916785738796e-05
0.7408369336933694	4.018729152953024e-05
0.740935593559356	4.0365313235599416e-05
0.7410342534253426	4.054323161089131e-05
0.7411329132913291	4.0721045289474934e-05
0.7412315731573158	4.089875290441087e-05
0.7413302330233024	4.1076353087555095e-05
0.741428892889289	4.125384446981751e-05
0.7415275527552756	4.1431225680945906e-05
0.7416262126212622	4.160849534975964e-05
0.7417248724872488	4.1785652104020834e-05
0.7418235323532354	4.196269457047575e-05
0.741922192219222	4.213962137498543e-05
0.7420208520852085	4.231643114237549e-05
0.7421195119511952	4.2493122496584024e-05
0.7422181718171817	4.26696940606996e-05
0.7423168316831684	4.284614445680148e-05
0.742415491549155	4.3022472306221296e-05
0.7425141514151415	4.319867622939184e-05
0.7426128112811282	4.3374754845926605e-05
0.7427114711471148	4.355070677465476e-05
0.7428101310131014	4.372653063358723e-05
0.742908790879088	4.390222504002318e-05
0.7430074507450746	4.407778861048813e-05
0.7431061106110611	4.425321996080409e-05
0.7432047704770477	4.442851770607127e-05
0.7433034303430344	4.460368046073642e-05
0.7434020902090209	4.477870683858545e-05
0.7435007500750076	4.4953595452761325e-05
0.7435994099409942	4.512834491580645e-05
0.7436980698069808	4.530295383964265e-05
0.7437967296729674	4.547742083563346e-05
0.743895389538954	4.565174451458392e-05
0.7439940494049405	4.5825923486783425e-05
0.7440927092709271	4.59999563620002e-05
0.7441913691369137	4.61738417494957e-05
0.7442900290029003	4.63475782580974e-05
0.744388688868887	4.652116449618218e-05
0.7444873487348735	4.669459907166007e-05
0.7445860086008601	4.68678805921007e-05
0.7446846684668468	4.704100766457518e-05
0.7447833283328333	4.721397889592649e-05
0.74488198819882	4.738679289258284e-05
0.7449806480648066	4.7559448260688174e-05
0.7450793079307931	4.7731943606020734e-05
0.7451779677967797	4.7904277534131447e-05
0.7452766276627664	4.807644865032552e-05
0.7453752875287529	4.8248455559635686e-05
0.7454739473947395	4.8420296866911866e-05
0.7455726072607262	4.859197117679713e-05
0.7456712671267127	4.8763477093709436e-05
0.7457699269926994	4.893481322204037e-05
0.745868586858686	4.910597816591377e-05
0.7459672467246725	4.9276970529435234e-05
0.7460659065906591	4.9447788916615984e-05
0.7461645664566456	4.961843193133123e-05
0.7462632263226323	4.978889817749935e-05
0.7463618861886189	4.995918625896445e-05
0.7464605460546055	5.012929477959963e-05
0.7465592059205921	5.029922234325031e-05
0.7466578657865788	5.0468967553847404e-05
0.7467565256525653	5.0638529015368667e-05
0.7468551855185519	5.080790533186607e-05
0.7469538453845386	5.0977095107524405e-05
0.7470525052505251	5.1146096946629084e-05
0.7471511651165117	5.131490945361221e-05
0.7472498249824983	5.1483531233095153e-05
0.7473484848484849	5.165196088985134e-05
0.7474471447144715	5.182019702893416e-05
0.747545804580458	5.198823825557986e-05
0.7476444644464447	5.2156083175272666e-05
0.7477431243124313	5.232373039379025e-05
0.747841784178418	5.249117851721241e-05
0.7479404440444045	5.2658426151972376e-05
0.7480391039103911	5.282547190475355e-05
0.7481377637763776	5.2992314382686e-05
0.7482364236423643	5.315895219324539e-05
0.7483350835083509	5.3325383944333346e-05
0.7484337433743374	5.349160824426111e-05
0.7485324032403241	5.3657623701787406e-05
0.7486310631063107	5.3823428926130856e-05
0.7487297229722973	5.3989022527068645e-05
0.7488283828382839	5.4154403114804893e-05
0.7489270427042706	5.4319569300118806e-05
0.7490257025702571	5.448451969435546e-05
0.7491243624362437	5.4649252909421126e-05
0.7492230223022303	5.481376755778892e-05
0.7493216821682168	5.497806225265814e-05
0.7494203420342035	5.514213560775484e-05
0.74951900190019	5.530598623752667e-05
0.7496176617661767	5.546961275710264e-05
0.7497163216321633	5.5633013782289865e-05
0.7498149814981498	5.579618792968154e-05
0.7499136413641365	5.5959133816550964e-05
0.7500123012301231	5.6121850061008116e-05
0.7501109610961096	5.6284335281910124e-05
0.7502096209620962	5.644658809895451e-05
0.7503082808280829	5.6608607132668065e-05
0.7504069406940694	5.677039100442537e-05
0.750505600560056	5.693193833650507e-05
0.7506042604260427	5.709324775205794e-05
0.7507029202920292	5.725431787515579e-05
0.7508015801580159	5.7415147330883555e-05
0.7509002400240025	5.757573474518458e-05
0.7509988998899891	5.773607874508393e-05
0.7510975597559757	5.7896177958527555e-05
0.7511962196219623	5.805603101458071e-05
0.7512948794879488	5.8215636543285276e-05
0.7513935393539354	5.837499317581509e-05
0.751492199219922	5.853409954441642e-05
0.7515908590859086	5.869295428242408e-05
0.7516895189518953	5.885155602433206e-05
0.7517881788178818	5.9009903405849034e-05
0.7518868386838685	5.9167995063749556e-05
0.7519854985498551	5.932582963609486e-05
0.7520841584158416	5.948340576218135e-05
0.7521828182818283	5.964072208244466e-05
0.7522814781478149	5.9797777238723526e-05
0.7523801380138014	5.995456987404846e-05
0.752478797879788	6.011109863278694e-05
0.7525774577457747	6.026736216066554e-05
0.7526761176117612	6.042335910474495e-05
0.7527747774777478	6.0579088113405465e-05
0.7528734373437345	6.073454783651057e-05
0.752972097209721	6.0889736925281064e-05
0.7530707570757077	6.104465403240214e-05
0.7531694169416943	6.119929781200202e-05
0.7532680768076808	6.13536669197165e-05
0.7533667366736674	6.150776001263406e-05
0.7534653965396539	6.166157574939992e-05
0.7535640564056406	6.181511279021955e-05
0.7536627162716272	6.196836979682763e-05
0.7537613761376138	6.212134543256524e-05
0.7538600360036004	6.227403836237723e-05
0.7539586958695871	6.242644725282015e-05
0.7540573557355736	6.257857077216903e-05
0.7541560156015603	6.273040759025807e-05
0.7542546754675469	6.288195637870177e-05
0.7543533353335334	6.303321581082909e-05
0.75445199519952	6.318418456163107e-05
0.7545506550655066	6.33348613079351e-05
0.7546493149314932	6.348524472833122e-05
0.7547479747974798	6.363533350313118e-05
0.7548466346634665	6.378512631457675e-05
0.754945294529453	6.393462184667721e-05
0.7550439543954396	6.408381878532889e-05
0.7551426142614263	6.423271581831489e-05
0.7552412741274128	6.438131163529399e-05
0.7553399339933994	6.452960492791274e-05
0.7554385938593859	6.467759438967152e-05
0.7555372537253726	6.48252787161504e-05
0.7556359135913592	6.49726566047845e-05
0.7557345734573457	6.511972675512755e-05
0.7558332333233324	6.526648786873179e-05
0.755931893189319	6.541293864915801e-05
0.7560305530553056	6.555907780209249e-05
0.7561292129212922	6.570490403531444e-05
0.7562278727872789	6.58504160586623e-05
0.7563265326532654	6.599561258414021e-05
0.756425192519252	6.614049232593536e-05
0.7565238523852386	6.62850540003823e-05
0.7566225122512251	6.642929632597161e-05
0.7567211721172118	6.657321802347605e-05
0.7568198319831984	6.671681781588252e-05
0.756918491849185	6.686009442844089e-05
0.7570171517151716	6.700304658864479e-05
0.7571158115811583	6.714567302636596e-05
0.7572144714471448	6.728797247370858e-05
0.7573131313131314	6.742994366513707e-05
0.7574117911791179	6.757158533754663e-05
0.7575104510451045	6.7712896230112e-05
0.7576091109110912	6.785387508449064e-05
0.7577077707770777	6.79945206447273e-05
0.7578064306430644	6.813483165730335e-05
0.757905090509051	6.827480687117876e-05
0.7580037503750375	6.841444503779585e-05
0.7581024102410242	6.855374491108589e-05
0.7582010701070108	6.869270524752702e-05
0.7582997299729974	6.883132480611974e-05
0.758398389838984	6.896960234843577e-05
0.7584970497049706	6.910753663867318e-05
0.7585957095709571	6.92451264435768e-05
0.7586943694369437	6.93823705325093e-05
0.7587930293029304	6.951926767754714e-05
0.7588916891689169	6.965581665338093e-05
0.7589903490349036	6.979201623741305e-05
0.7590890089008901	6.9927865209683e-05
0.7591876687668768	7.006336235309447e-05
0.7592863286328634	7.019850645312726e-05
0.7593849884988499	7.03332962981908e-05
0.7594836483648365	7.04677306793512e-05
0.7595823082308231	7.060180839054198e-05
0.7596809680968097	7.073552822854449e-05
0.7597796279627963	7.086888899289537e-05
0.759878287828783	7.100188948609666e-05
0.7599769476947695	7.113452851348372e-05
0.7600756075607562	7.12668048832798e-05
0.7601742674267428	7.139871740666563e-05
0.7602729272927293	7.153026489778783e-05
0.760371587158716	7.1661446173699e-05
0.7604702470247026	7.17922600544488e-05
0.7605689068906891	7.192270536312425e-05
0.7606675667566757	7.20527809258083e-05
0.7607662266226624	7.218248557161533e-05
0.7608648864886489	7.23118181327456e-05
0.7609635463546355	7.244077744445756e-05
0.7610622062206222	7.256936234512778e-05
0.7611608660866087	7.269757167624033e-05
0.7612595259525954	7.282540428241067e-05
0.761358185818582	7.295285901143824e-05
0.7614568456845685	7.307993471426601e-05
0.7615555055505551	7.32066302450786e-05
0.7616541654165416	7.333294446121552e-05
0.7617528252825283	7.345887622328635e-05
0.7618514851485149	7.358442439515338e-05
0.7619501450145015	7.370958784392986e-05
0.7620488048804881	7.383436544007018e-05
0.7621474647464748	7.39587560572711e-05
0.7622461246124613	7.408275857261342e-05
0.7623447844784479	7.420637186650622e-05
0.7624434443444346	7.432959482270232e-05
0.7625421042104211	7.445242632837797e-05
0.7626407640764077	7.457486527408184e-05
0.7627394239423942	7.469691055381012e-05
0.7628380838083809	7.481856106499176e-05
0.7629367436743675	7.493981570850284e-05
0.7630354035403542	7.506067338870652e-05
0.7631340634063407	7.518113301348731e-05
0.7632327232723273	7.530119349420731e-05
0.763331383138314	7.542085374577376e-05
0.7634300430043005	7.554011268663967e-05
0.7635287028702871	7.565896923885858e-05
0.7636273627362736	7.577742232808028e-05
0.7637260226022603	7.589547088348038e-05
0.7638246824682469	7.601311383792865e-05
0.7639233423342334	7.613035012795312e-05
0.7640220022002201	7.624717869367202e-05
0.7641206620662067	7.63635984789767e-05
0.7642193219321933	7.647960843135655e-05
0.7643179817981799	7.659520750207576e-05
0.7644166416641666	7.671039464615208e-05
0.7645153015301531	7.682516882229464e-05
0.7646139613961397	7.693952899301404e-05
0.7647126212621262	7.705347412462145e-05
0.7648112811281128	7.716700318719706e-05
0.7649099409940995	7.728011515467744e-05
0.765008600860086	7.73928090047946e-05
0.7651072607260727	7.750508371919684e-05
0.7652059205920593	7.761693828336841e-05
0.7653045804580458	7.772837168670528e-05
0.7654032403240325	7.783938292250463e-05
0.7655019001900191	7.794997098794468e-05
0.7656005600560056	7.806013488428077e-05
0.7656992199219922	7.816987361659723e-05
0.7657978797879789	7.827918619397301e-05
0.7658965396539654	7.838807162958373e-05
0.7659951995199521	7.849652894047821e-05
0.7660938593859387	7.860455714786954e-05
0.7661925192519252	7.87121552769457e-05
0.7662911791179119	7.881932235692883e-05
0.7663898389838985	7.892605742121067e-05
0.7664884988498851	7.903235950720321e-05
0.7665871587158717	7.913822765650378e-05
0.7666858185818582	7.924366091476232e-05
0.7667844784478448	7.93486583318517e-05
0.7668831383138314	7.945321896175518e-05
0.766981798179818	7.955734186267952e-05
0.7670804580458046	7.96610260970074e-05
0.7671791179117913	7.976427073133648e-05
0.7672777777777778	7.98670748365004e-05
0.7673764376437645	7.996943748757136e-05
0.7674750975097511	8.007135776392484e-05
0.7675737573757376	8.017283474917053e-05
0.7676724172417242	8.027386753119263e-05
0.7677710771077108	8.037445520231356e-05
0.7678697369736974	8.047459685901032e-05
0.767968396839684	8.057429160226355e-05
0.7680670567056707	8.067353853730239e-05
0.7681657165716572	8.077233677379919e-05
0.7682643764376438	8.087068542579791e-05
0.7683630363036305	8.096858361169723e-05
0.768461696169617	8.106603045444466e-05
0.7685603560356037	8.116302508131345e-05
0.7686590159015902	8.125956662409616e-05
0.7687576757675768	8.135565421904199e-05
0.7688563356335634	8.145128700683456e-05
0.76895499549955	8.154646413276137e-05
0.7690536553655366	8.164118474653721e-05
0.7691523152315232	8.173544800247003e-05
0.7692509750975098	8.182925305939902e-05
0.7693496349634964	8.192259908066369e-05
0.7694482948294831	8.20154852343142e-05
0.7695469546954696	8.210791069288528e-05
0.7696456145614563	8.219987463356095e-05
0.7697442744274429	8.229137623814291e-05
0.7698429342934294	8.2382414693095e-05
0.769941594159416	8.24729891894823e-05
0.7700402540254025	8.256309892307693e-05
0.7701389138913892	8.265274309434525e-05
0.7702375737573758	8.274192090844295e-05
0.7703362336233625	8.283063157519802e-05
0.770434893489349	8.291887430925167e-05
0.7705335533553356	8.300664832987226e-05
0.7706322132213222	8.309395286121175e-05
0.7707308730873088	8.318078713209659e-05
0.7708295329532954	8.326715037614237e-05
0.7709281928192819	8.335304183184682e-05
0.7710268526852686	8.343846074242499e-05
0.7711255125512552	8.352340635599744e-05
0.7712241724172417	8.36078779254681e-05
0.7713228322832284	8.36918747086504e-05
0.771421492149215	8.377539596815298e-05
0.7715201520152016	8.38584409715448e-05
0.7716188118811882	8.394100899126261e-05
0.7717174717471749	8.402309930462655e-05
0.7718161316131614	8.410471119393425e-05
0.771914791479148	8.41858439463876e-05
0.7720134513451345	8.42664968541461e-05
0.7721121112111211	8.434666921437595e-05
0.7722107710771078	8.442636032910197e-05
0.7723094309430943	8.450556950548836e-05
0.772408090809081	8.458429605562984e-05
0.7725067506750676	8.466253929664696e-05
0.7726054105410542	8.474029855068877e-05
0.7727040704070408	8.48175731449862e-05
0.7728027302730274	8.489436241175069e-05
0.7729013901390139	8.497066568835402e-05
0.7730000500050005	8.504648231719664e-05
0.7730987098709872	8.512181164580097e-05
0.7731973697369737	8.519665302676739e-05
0.7732960296029604	8.527100581787784e-05
0.773394689468947	8.534486938198183e-05
0.7734933493349335	8.541824308711096e-05
0.7735920092009202	8.549112630644042e-05
0.7736906690669068	8.556351841839058e-05
0.7737893289328934	8.563541880644687e-05
0.77388798879888	8.570682685935325e-05
0.7739866486648666	8.577774197109417e-05
0.7740853085308531	8.584816354079586e-05
0.7741839683968397	8.591809097292517e-05
0.7742826282628263	8.598752367709536e-05
0.7743812881288129	8.605646106821096e-05
0.7744799479947996	8.612490256647276e-05
0.7745786078607861	8.61928475973125e-05
0.7746772677267728	8.626029559152725e-05
0.7747759275927594	8.632724598511676e-05
0.7748745874587459	8.639369821949749e-05
0.7749732473247325	8.645965174134242e-05
0.7750719071907191	8.652510600268997e-05
0.7751705670567057	8.659006046098474e-05
0.7752692269226923	8.665451457890038e-05
0.775367886788679	8.671846782458999e-05
0.7754665466546655	8.678191967157501e-05
0.7755652065206522	8.684486959874659e-05
0.7756638663866388	8.690731709038455e-05
0.7757625262526253	8.696926163629419e-05
0.775861186118612	8.703070273154986e-05
0.7759598459845986	8.709163987676623e-05
0.7760585058505851	8.715207257800468e-05
0.7761571657165717	8.721200034672656e-05
0.7762558255825583	8.72714226999446e-05
0.7763544854485449	8.733033916009964e-05
0.7764531453145315	8.738874925510007e-05
0.7765518051805181	8.744665251844104e-05
0.7766504650465047	8.750404848904657e-05
0.7767491249124914	8.756093671141766e-05
0.7768477847784779	8.761731673554434e-05
0.7769464446444645	8.767318811700164e-05
0.7770451045104511	8.772855041686458e-05
0.7771437643764376	8.778340320184292e-05
0.7772424242424243	8.78377460441506e-05
0.7773410841084109	8.78915785215933e-05
0.7774397439743975	8.794490021761925e-05
0.7775384038403841	8.79977107212404e-05
0.7776370637063708	8.805000962705593e-05
0.7777357235723573	8.810179653531672e-05
0.777834383438344	8.815307105192642e-05
0.7779330433043306	8.820383278833633e-05
0.7780317031703171	8.82540813617811e-05
0.7781303630363037	8.830381639504214e-05
0.7782290229022902	8.835303751659726e-05
0.7783276827682769	8.840174436061729e-05
0.7784263426342635	8.844993656692366e-05
0.7785250025002501	8.849761378108229e-05
0.7786236623662367	8.854477565430219e-05
0.7787223222322233	8.859142184354454e-05
0.7788209820982099	8.863755201149166e-05
0.7789196419641965	8.868316582648312e-05
0.7790183018301831	8.872826296271118e-05
0.7791169616961696	8.877284309999582e-05
0.7792156215621563	8.881690592399551e-05
0.7793142814281429	8.886045112610312e-05
0.7794129412941294	8.890347840344323e-05
0.7795116011601161	8.894598745895531e-05
0.7796102610261026	8.89879780013644e-05
0.7797089208920893	8.902944974518992e-05
0.7798075807580759	8.907040241071761e-05
0.7799062406240626	8.911083572408131e-05
0.7800049004900491	8.91507494172009e-05
0.7801035603560357	8.919014322784025e-05
0.7802022202220222	8.922901689961073e-05
0.7803008800880088	8.926737018190787e-05
0.7803995399539955	8.930520283001064e-05
0.780498199819982	8.934251460505822e-05
0.7805968596859687	8.937930527402173e-05
0.7806955195519553	8.941557460975759e-05
0.7807941794179419	8.945132239099858e-05
0.7808928392839285	8.948654840236711e-05
0.7809914991499151	8.952125243432622e-05
0.7810901590159016	8.955543428330454e-05
0.7811888188818882	8.958909375156112e-05
0.7812874787478749	8.962223064731763e-05
0.7813861386138614	8.965484478471785e-05
0.7814847984798481	8.968693598374852e-05
0.7815834583458346	8.971850407040797e-05
0.7816821182118212	8.974954887661931e-05
0.7817807780778079	8.978007024016596e-05
0.7818794379437944	8.981006800487961e-05
0.7819780978097811	8.983954202048548e-05
0.7820767576757677	8.986849214269205e-05
0.7821754175417542	8.989691823314197e-05
0.7822740774077408	8.992482015949575e-05
0.7823727372737274	8.99521977953352e-05
0.782471397139714	8.997905102027748e-05
0.7825700570057006	9.000537971990418e-05
0.7826687168716873	9.003118378576333e-05
0.7827673767376738	9.005646311542634e-05
0.7828660366036605	9.008121761248255e-05
0.7829646964696471	9.010544718649884e-05
0.7830633563356336	9.012915175309832e-05
0.7831620162016202	9.015233123386369e-05
0.7832606760676067	9.017498555644649e-05
0.7833593359335934	9.019711465452282e-05
0.78345799579958	9.021871846778076e-05
0.7835566556655666	9.023979694197227e-05
0.7836553155315532	9.026035002886899e-05
0.7837539753975399	9.028037768632862e-05
0.7838526352635264	9.029987987819866e-05
0.783951295129513	9.031885657443727e-05
0.7840499549954997	9.033730775107895e-05
0.7841486148614862	9.035523339012103e-05
0.7842472747274728	9.03726334797736e-05
0.7843459345934594	9.038950801420508e-05
0.784444594459446	9.040585699369717e-05
0.7845432543254326	9.042168042465315e-05
0.7846419141914192	9.043697831949997e-05
0.7847405740574058	9.045175069680819e-05
0.7848392339233924	9.046599758120523e-05
0.7849378937893791	9.047971900341125e-05
0.7850365536553656	9.04929150002887e-05
0.7851352135213522	9.050558561472729e-05
0.7852338733873387	9.051773089585283e-05
0.7853325332533253	9.052935089876038e-05
0.785431193119312	9.054044568471308e-05
0.7855298529852985	9.05510153211357e-05
0.7856285128512852	9.056105988150339e-05
0.7857271727172718	9.057057944546517e-05
0.7858258325832584	9.057957409876805e-05
0.785924492449245	9.05880439332724e-05
0.7860231523152316	9.05959890470254e-05
0.7861218121812182	9.060340954413294e-05
0.7862204720472048	9.061030553490022e-05
0.7863191319131914	9.061667713574342e-05
0.7864177917791779	9.062252446922471e-05
0.7865164516451646	9.062784766404654e-05
0.7866151115111512	9.063264685502825e-05
0.7867137713771378	9.063692218320375e-05
0.7868124312431244	9.064067379569471e-05
0.786911091109111	9.064390184580228e-05
0.7870097509750976	9.064660649296768e-05
0.7871084108410842	9.064878790281164e-05
0.7872070707070709	9.065044624706348e-05
0.7873057305730574	9.065158170368439e-05
0.787404390439044	9.065219445670269e-05
0.7875030503050305	9.065228469637514e-05
0.7876017101710171	9.065185261912898e-05
0.7877003700370038	9.065089842747389e-05
0.7877990299029903	9.064942233017287e-05
0.787897689768977	9.064742454211997e-05
0.7879963496349636	9.064490528434699e-05
0.7880950095009502	9.064186478413841e-05
0.7881936693669368	9.063830327481682e-05
0.7882923292329234	9.063422099599017e-05
0.7883909890989099	9.062961819340786e-05
0.7884896489648965	9.062449511893212e-05
0.7885883088308832	9.061885203069405e-05
0.7886869686968697	9.061268919287447e-05
0.7887856285628564	9.060600687595096e-05
0.788884288428843	9.059880535648104e-05
0.7889829482948295	9.059108491722787e-05
0.7890816081608162	9.05828458471706e-05
0.7891802680268027	9.057408844136147e-05
0.7892789278927893	9.056481300111598e-05
0.789377587758776	9.055501983387612e-05
0.7894762476247625	9.054470925324495e-05
0.7895749074907492	9.0533881579042e-05
0.7896735673567357	9.052253713721601e-05
0.7897722272227223	9.05106762599308e-05
0.789870887088709	9.049829928544789e-05
0.7899695469546955	9.048540655826433e-05
0.7900682068206821	9.047199842902687e-05
0.7901668666866688	9.045807525453403e-05
0.7902655265526554	9.0443637397769e-05
0.7903641864186419	9.042868522785689e-05
0.7904628462846285	9.041321912010981e-05
0.7905615061506152	9.039723945600091e-05
0.7906601660166016	9.038074662313093e-05
0.7907588258825883	9.036374101534873e-05
0.790857485748575	9.034622303253224e-05
0.7909561456145616	9.032819308082924e-05
0.7910548054805481	9.030965157249662e-05
0.7911534653465347	9.029059892593203e-05
0.7912521252125214	9.027103556569914e-05
0.7913507850785079	9.02509619225413e-05
0.7914494449444945	9.023037843329574e-05
0.7915481048104811	9.020928554097317e-05
0.7916467646764678	9.018768369476432e-05
0.7917454245424542	9.016557334991895e-05
0.7918440844084409	9.014295496787372e-05
0.7919427442744276	9.011982901624828e-05
0.792041404140414	9.009619596870678e-05
0.7921400640064007	9.007205630509958e-05
0.7922387238723874	9.004741051140415e-05
0.7923373837383739	9.002225907971578e-05
0.7924360436043605	8.999660250821903e-05
0.792534703470347	8.997044130129975e-05
0.7926333633363337	8.994377596940493e-05
0.7927320232023202	8.991660702906126e-05
0.7928306830683068	8.988893500300066e-05
0.7929293429342935	8.986076042002244e-05
0.7930280028002802	8.983208381496689e-05
0.7931266626662666	8.980290572888721e-05
0.7932253225322533	8.977322670885298e-05
0.79332398239824	8.974304730808571e-05
0.7934226422642264	8.971236808581085e-05
0.7935213021302131	8.968118960744555e-05
0.7936199619961997	8.964951244443626e-05
0.7937186218621863	8.961733717428705e-05
0.7938172817281728	8.95846643806551e-05
0.7939159415941595	8.955149465315394e-05
0.7940146014601461	8.951782858757665e-05
0.7941132613261328	8.948366678572479e-05
0.7942119211921193	8.944900985541983e-05
0.7943105810581059	8.941385841067125e-05
0.7944092409240925	8.937821307137701e-05
0.794507900790079	8.934207446356207e-05
0.7946065606560656	8.930544321930945e-05
0.7947052205220523	8.926831997669663e-05
0.794803880388039	8.923070537982241e-05
0.7949025402540254	8.919260007887192e-05
0.7950012001200121	8.915400472999796e-05
0.7950998599859987	8.911491999536276e-05
0.7951985198519852	8.907534654317614e-05
0.7952971797179719	8.903528504767518e-05
0.7953958395839585	8.899473618898753e-05
0.7954944994499451	8.895370065336993e-05
0.7955931593159317	8.891217913296201e-05
0.7956918191819182	8.887017232593612e-05
0.7957904790479049	8.882768093646266e-05
0.7958891389138913	8.878470567464979e-05
0.795987798779878	8.874124725655335e-05
0.7960864586458647	8.869730640422137e-05
0.7961851185118514	8.865288384567729e-05
0.7962837783778378	8.860798031482941e-05
0.7963824382438245	8.856259655156956e-05
0.796481098109811	8.85167333017483e-05
0.7965797579757976	8.847039131708403e-05
0.7966784178417842	8.842357135524848e-05
0.7967770777077708	8.837627417984542e-05
0.7968757375737575	8.832850056037459e-05
0.796974397439744	8.828025127222242e-05
0.7970730573057306	8.823152709670979e-05
0.7971717171717173	8.81823288209856e-05
0.7972703770377038	8.813265723814278e-05
0.7973690369036904	8.808251314712734e-05
0.7974676967696771	8.803189735274751e-05
0.7975663566356637	8.798081066569971e-05
0.7976650165016502	8.792925390247288e-05
0.7977636763676368	8.787722788545459e-05
0.7978623362336235	8.782473344288565e-05
0.7979609960996099	8.77717714087848e-05
0.7980596559655966	8.771834262301376e-05
0.7981583158315833	8.766444793129718e-05
0.7982569756975699	8.761008818508927e-05
0.7983556355635564	8.755526424170442e-05
0.798454295429543	8.749997696424936e-05
0.7985529552955296	8.744422722156799e-05
0.7986516151615162	8.738801588829883e-05
0.7987502750275027	8.733134384492026e-05
0.7988489348934894	8.727421197757752e-05
0.7989475947594761	8.721662117817406e-05
0.7990462546254625	8.715857234444259e-05
0.7991449144914492	8.710006637977035e-05
0.7992435743574359	8.704110419327525e-05
0.7993422342234223	8.698168669984252e-05
0.799440894089409	8.692181482006312e-05
0.7995395539553957	8.686148948012994e-05
0.7996382138213822	8.68007116120472e-05
0.7997368736873688	8.673948215348856e-05
0.7998355335533553	8.667780204772965e-05
0.799934193419342	8.661567224375553e-05
0.8000328532853287	8.655309369620757e-05
0.8001315131513151	8.649006736537792e-05
0.8002301730173018	8.642659421716973e-05
0.8003288328832885	8.636267522315854e-05
0.8004274927492749	8.629831136049307e-05
0.8005261526152616	8.623350361193563e-05
0.8006248124812482	8.616825296588583e-05
0.8007234723472348	8.61025604162839e-05
0.8008221322132213	8.603642696269603e-05
0.800920792079208	8.596985361019336e-05
0.8010194519451946	8.590284136949963e-05
0.8011181118111811	8.583539125682023e-05
0.8012167716771678	8.576750429390089e-05
0.8013154315431544	8.569918150800652e-05
0.8014140914091411	8.56304239320041e-05
0.8015127512751276	8.55612326041945e-05
0.8016114111411142	8.549160856834657e-05
0.8017100710071008	8.542155287380138e-05
0.8018087308730873	8.535106657533764e-05
0.8019073907390739	8.528015073318414e-05
0.8020060506050606	8.520880641305333e-05
0.8021047104710473	8.513703468608951e-05
0.8022033703370337	8.506483662887533e-05
0.8023020302030204	8.499221332339325e-05
0.802400690069007	8.491916585708469e-05
0.8024993499349935	8.484569532273374e-05
0.8025980098009802	8.477180281856832e-05
0.8026966696669667	8.469748944816622e-05
0.8027953295329534	8.46227563204287e-05
0.8028939893989399	8.454760454973411e-05
0.8029926492649265	8.447203525570143e-05
0.8030913091309132	8.439604956327106e-05
0.8031899689968997	8.431964860278917e-05
0.8032886288628863	8.424283350984766e-05
0.803387288728873	8.416560542535665e-05
0.8034859485948597	8.40879654954864e-05
0.8035846084608461	8.400991487172763e-05
0.8036832683268328	8.39314547107933e-05
0.8037819281928194	8.385258617465104e-05
0.8038805880588059	8.377331043051994e-05
0.8039792479247925	8.369362865084663e-05
0.8040779077907791	8.361354201324039e-05
0.8041765676567658	8.353305170057697e-05
0.8042752275227523	8.345215890087504e-05
0.8043738873887389	8.337086480738308e-05
0.8044725472547256	8.328917061841596e-05
0.8045712071207121	8.320707753750851e-05
0.8046698669866987	8.312458677334924e-05
0.8047685268526854	8.3041699539674e-05
0.804867186718672	8.295841705539777e-05
0.8049658465846584	8.287474054452533e-05
0.8050645064506451	8.279067123609213e-05
0.8051631663166318	8.27062103642513e-05
0.8052618261826182	8.262135916822933e-05
0.8053604860486049	8.253611889225945e-05
0.8054591459145916	8.24504907856239e-05
0.8055578057805782	8.236447610260942e-05
0.8056564656465647	8.227807610257586e-05
0.8057551255125514	8.219129204972577e-05
0.8058537853785379	8.210412521339323e-05
0.8059524452445246	8.201657686779523e-05
0.806051105110511	8.192864829213546e-05
0.8061497649764977	8.184034077051504e-05
0.8062484248424844	8.175165559198063e-05
0.8063470847084708	8.166259405049696e-05
0.8064457445744575	8.157315744490608e-05
0.8065444044404442	8.148334707892329e-05
0.8066430643064308	8.139316426116923e-05
0.8067417241724173	8.130261030504657e-05
0.806840384038404	8.121168652887305e-05
0.8069390439043905	8.112039425572785e-05
0.8070377037703771	8.102873481355314e-05
0.8071363636363637	8.093670953503417e-05
0.8072350235023503	8.084431975766699e-05
0.807333683368337	8.075156682368976e-05
0.8074323432343234	8.065845208010645e-05
0.8075310031003101	8.056497687865095e-05
0.8076296629662968	8.047114257579525e-05
0.8077283228322832	8.03769505326892e-05
0.8078269826982699	8.028240211514884e-05
0.8079256425642565	8.018749869376927e-05
0.8080243024302431	8.009224164366977e-05
0.8081229622962296	7.999663234470619e-05
0.8082216221622163	7.990067218135705e-05
0.8083202820282029	7.980436254264076e-05
0.8084189418941894	7.970770482227291e-05
0.8085176017601761	7.961070041850277e-05
0.8086162616261627	7.951335073413604e-05
0.8087149214921494	7.941565717653679e-05
0.8088135813581359	7.931762115762436e-05
0.8089122412241225	7.921924409384373e-05
0.8090109010901091	7.912052740609344e-05
0.8091095609560957	7.902147251982099e-05
0.8092082208220822	7.892208086491901e-05
0.8093068806880689	7.882235387572129e-05
0.8094055405540556	7.872229299102885e-05
0.809504200420042	7.862189965405617e-05
0.8096028602860287	7.85211753124025e-05
0.8097015201520154	7.842012141812826e-05
0.8098001800180018	7.831873942759643e-05
0.8098988398839885	7.821703080154977e-05
0.809997499749975	7.811499700510207e-05
0.8100961596159617	7.801263950762825e-05
0.8101948194819482	7.790995978291211e-05
0.8102934793479348	7.780695930892587e-05
0.8103921392139215	7.770363956798917e-05
0.810490799079908	7.760000204664939e-05
0.8105894589458946	7.749604823571268e-05
0.8106881188118813	7.739177963017702e-05
0.810786778677868	7.728719772929596e-05
0.8108854385438544	7.718230403648717e-05
0.8109840984098411	7.707710005931615e-05
0.8110827582758277	7.697158730958346e-05
0.8111814181418143	7.686576730317228e-05
0.8112800780078008	7.675964156007491e-05
0.8113787378737874	7.665321160443101e-05
0.8114773977397741	7.654647896443758e-05
0.8115760576057606	7.64394451723995e-05
0.8116747174717472	7.633211176460148e-05
0.8117733773377339	7.622448028149133e-05
0.8118720372037205	7.611655226736357e-05
0.811970697069707	7.600832927065562e-05
0.8120693569356936	7.589981284374685e-05
0.8121680168016803	7.57910045429389e-05
0.8122666766676667	7.568190592851615e-05
0.8123653365336534	7.557251856469527e-05
0.8124639963996401	7.546284401958883e-05
0.8125626562656267	7.535288386521808e-05
0.8126613161316132	7.524263967744712e-05
0.8127599759975999	7.513211303606876e-05
0.8128586358635865	7.502130552458436e-05
0.812957295729573	7.49102187304345e-05
0.8130559555955597	7.479885424485744e-05
0.8131546154615462	7.468721366277732e-05
0.8132532753275329	7.457529858297751e-05
0.8133519351935193	7.446311060794246e-05
0.813450595059506	7.435065134389e-05
0.8135492549254927	7.423792240075314e-05
0.8136479147914791	7.412492539216755e-05
0.8137465746574658	7.401166193542616e-05
0.8138452345234525	7.389813365146586e-05
0.813943894389439	7.378434216484398e-05
0.8140425542554256	7.367028910382438e-05
0.8141412141214122	7.35559761001365e-05
0.8142398739873988	7.344140478916374e-05
0.8143385338533853	7.332657680985428e-05
0.814437193719372	7.321149380466876e-05
0.8145358535853586	7.309615741956301e-05
0.8146345134513453	7.298056930404985e-05
0.8147331733173317	7.286473111111384e-05
0.8148318331833184	7.274864449715024e-05
0.8149304930493051	7.263231112203421e-05
0.8150291529152915	7.251573264910854e-05
0.8151278127812782	7.2398910745024e-05
0.8152264726472648	7.228184707986226e-05
0.8153251325132514	7.216454332711974e-05
0.8154237923792379	7.204700116355201e-05
0.8155224522452246	7.192922226926945e-05
0.8156211121112112	7.1811208327735e-05
0.8157197719771977	7.16929610256569e-05
0.8158184318431844	7.157448205297997e-05
0.815917091709171	7.14557731029465e-05
0.8160157515751576	7.133683587201093e-05
0.8161144114411442	7.121767205983853e-05
0.8162130713071307	7.109828336924333e-05
0.8163117311731174	7.097867150626827e-05
0.8164103910391038	7.085883818002234e-05
0.8165090509050905	7.073878510284312e-05
0.8166077107710772	7.061851399008913e-05
0.8167063706370639	7.049802656021754e-05
0.8168050305030503	7.037732453479734e-05
0.816903690369037	7.025640963838418e-05
0.8170023502350237	7.013528359859934e-05
0.8171010101010102	7.001394814605563e-05
0.8171996699669968	6.989240501434995e-05
0.8172983298329833	6.977065594002802e-05
0.81739698969897	6.964870266257967e-05
0.8174956495649565	6.952654692446423e-05
0.8175943094309431	6.940419047095978e-05
0.8176929692969298	6.928163505031282e-05
0.8177916291629165	6.915888241353881e-05
0.8178902890289029	6.903593431457667e-05
0.8179889488948896	6.891279251013794e-05
0.8180876087608762	6.878945875972156e-05
0.8181862686268627	6.866593482562973e-05
0.8182849284928493	6.854222247293616e-05
0.818383588358836	6.841832346935632e-05
0.8184822482248226	6.8294239585437e-05
0.8185809080908091	6.816997259437407e-05
0.8186795679567958	6.804552427197488e-05
0.8187782278227824	6.792089639676899e-05
0.8188768876887689	6.779609074990013e-05
0.8189755475547555	6.767110911511279e-05
0.8190742074207422	6.754595327868204e-05
0.8191728672867288	6.742062502956175e-05
0.8192715271527153	6.729512615918432e-05
0.8193701870187019	6.71694584614303e-05
0.8194688468846886	6.704362373282308e-05
0.819567506750675	6.691762377228725e-05
0.8196661666166617	6.679146038117886e-05
0.8197648264826484	6.666513536335887e-05
0.819863486348635	6.653865052504482e-05
0.8199621462146215	6.641200767488402e-05
0.8200608060806082	6.628520862386e-05
0.8201594659465947	6.615825518530758e-05
0.8202581258125813	6.603114917494688e-05
0.8203567856785678	6.590389241072066e-05
0.8204554455445545	6.577648671288712e-05
0.8205541054105412	6.564893390399798e-05
0.8206527652765276	6.55212358088005e-05
0.8207514251425143	6.539339425425578e-05
0.820850085008501	6.526541106955611e-05
0.8209487448744874	6.51372880860512e-05
0.8210474047404741	6.500902713722506e-05
0.8211460646064608	6.488063005869898e-05
0.8212447244724473	6.475209868823175e-05
0.8213433843384339	6.462343486559836e-05
0.8214420442044205	6.449464043270445e-05
0.8215407040704071	6.436571723348237e-05
0.8216393639363936	6.423666711384755e-05
0.8217380238023803	6.410749192170483e-05
0.8218366836683669	6.39781935069976e-05
0.8219353435343536	6.384877372155128e-05
0.82203400340034	6.371923441916358e-05
0.8221326632663267	6.358957745552458e-05
0.8222313231323134	6.345980468816619e-05
0.8223299829982998	6.332991797656458e-05
0.8224286428642864	6.319991918195814e-05
0.8225273027302731	6.306981016743186e-05
0.8226259625962598	6.29395927978581e-05
0.8227246224622462	6.280926893987157e-05
0.8228232823282329	6.267884046190604e-05
0.8229219421942195	6.254830923401139e-05
0.8230206020602062	6.241767712805454e-05
0.8231192619261927	6.228694601751325e-05
0.8232179217921793	6.215611777751782e-05
0.8233165816581659	6.202519428489433e-05
0.8234152415241525	6.189417741800561e-05
0.823513901390139	6.176306905684661e-05
0.8236125612561257	6.163187108293807e-05
0.8237112211221124	6.150058537940216e-05
0.8238098809880988	6.136921383085007e-05
0.8239085408540855	6.123775832333869e-05
0.8240072007200722	6.110622074445262e-05
0.8241058605860586	6.097460298324273e-05
0.8242045204520453	6.0842906930130555e-05
0.824303180318032	6.071113447697339e-05
0.8244018401840185	6.057928751703196e-05
0.8245005000500051	6.044736794486409e-05
0.8245991599159916	6.03153776563725e-05
0.8246978197819783	6.018331854880076e-05
0.8247964796479648	6.005119252073252e-05
0.8248951395139514	5.991900147186236e-05
0.8249937993799381	5.9786747303234756e-05
0.8250924592459248	5.9654431917127906e-05
0.8251911191119112	5.9522057216925544e-05
0.8252897789778979	5.9389625107253676e-05
0.8253884388438845	5.925713749387193e-05
0.825487098709871	5.9124596283644916e-05
0.8255857585758576	5.899200338452952e-05
0.8256844184418443	5.8859360705589096e-05
0.8257830783078309	5.872667015696112e-05
0.8258817381738174	5.8593933649718274e-05
0.825980398039804	5.846115309605616e-05
0.8260790579057907	5.832833040905226e-05
0.8261777177717772	5.8195467502814904e-05
0.8262763776377638	5.806256629232836e-05
0.8263750375037505	5.792962869356664e-05
0.8264736973697371	5.779665662330345e-05
0.8265723572357236	5.766365199921987e-05
0.8266710171017102	5.753061673985884e-05
0.8267696769676969	5.7397552764548306e-05
0.8268683368336833	5.726446199342135e-05
0.82696699669967	5.713134634736101e-05
0.8270656565656567	5.6998207748038884e-05
0.8271643164316433	5.6865048117799166e-05
0.8272629762976298	5.673186937970084e-05
0.8273616361636165	5.659867345752934e-05
0.827460296029603	5.646546227561883e-05
0.8275589558955896	5.6332237759030477e-05
0.8276576157615761	5.619900183335509e-05
0.8277562756275628	5.606575642480891e-05
0.8278549354935495	5.593250346014205e-05
0.8279535953595359	5.5799244866627265e-05
0.8280522552255226	5.566598257208134e-05
0.8281509150915093	5.5532718504753175e-05
0.8282495749574957	5.539945459338296e-05
0.8283482348234824	5.526619276717621e-05
0.8284468946894691	5.513293495565661e-05
0.8285455545554556	5.4999683088828536e-05
0.8286442144214422	5.4866439097040594e-05
0.8287428742874288	5.473320491090153e-05
0.8288415341534154	5.4599982461472084e-05
0.8289401940194021	5.446677368000211e-05
0.8290388538853886	5.4333580498017944e-05
0.8291375137513752	5.4200404847313594e-05
0.8292361736173619	5.406724865992142e-05
0.8293348334833484	5.393411386805238e-05
0.829433493349335	5.380100240401067e-05
0.8295321532153216	5.3667916200389325e-05
0.8296308130813083	5.3534857189818414e-05
0.8297294729472947	5.340182730500011e-05
0.8298281328132814	5.326882847879118e-05
0.829926792679268	5.313586264403999e-05
0.8300254525452545	5.3002931733641106e-05
0.8301241124112412	5.2870037680501e-05
0.8302227722772278	5.2737182417456676e-05
0.8303214321432145	5.2604367877379966e-05
0.830420092009201	5.2471595992986665e-05
0.8305187518751876	5.233886869695917e-05
0.8306174117411742	5.2206187921830964e-05
0.8307160716071608	5.207355559999752e-05
0.8308147314731473	5.194097366367116e-05
0.830913391339134	5.180844404493459e-05
0.8310120512051207	5.167596867556948e-05
0.8311107110711071	5.154354948716823e-05
0.8312093709370938	5.1411188411036663e-05
0.8313080308030805	5.127888737822454e-05
0.8314066906690669	5.1146648319430626e-05
0.8315053505350536	5.1014473165019755e-05
0.8316040104010402	5.0882363845053294e-05
0.8317026702670268	5.075032228910441e-05
0.8318013301330133	5.0618350426424534e-05
0.831899989999	5.048645018581102e-05
0.8319986498649866	5.035462349554645e-05
0.8320973097309731	5.022287228351656e-05
0.8321959695969597	5.009119847702917e-05
0.8322946294629464	4.9959604002890964e-05
0.8323932893289331	4.982809078737108e-05
0.8324919491949195	4.9696660756110044e-05
0.8325906090609062	4.956531583418913e-05
0.8326892689268928	4.943405794603093e-05
0.8327879287928793	4.9302889015423794e-05
0.8328865886588659	4.9171810965459845e-05
0.8329852485248526	4.904082571855358e-05
0.8330839083908392	4.890993519638477e-05
0.8331825682568257	4.877914131985374e-05
0.8332812281228124	4.864844600914834e-05
0.833379887988799	4.851785118357898e-05
0.8334785478547855	4.838735876169903e-05
0.8335772077207722	4.825697066119569e-05
0.8336758675867587	4.8126688798856276e-05
0.8337745274527454	4.7996515090587776e-05
0.8338731873187318	4.7866451451431846e-05
0.8339718471847185	4.773649979537528e-05
0.8340705070507052	4.760666203551572e-05
0.8341691669166916	4.7476940083968337e-05
0.8342678267826783	4.734733585176029e-05
0.834366486648665	4.7217851248930806e-05
0.8344651465146516	4.708848818444879e-05
0.8345638063806381	4.695924856617792e-05
0.8346624662466248	4.6830134300851395e-05
0.8347611261126113	4.6701147294114926e-05
0.834859785978598	4.657228945042615e-05
0.8349584458445845	4.644356267300394e-05
0.8350571057105711	4.6314968863953954e-05
0.8351557655765578	4.6186509924069754e-05
0.8352544254425442	4.605818775289153e-05
0.8353530853085309	4.5930004248706403e-05
0.8354517451745176	4.58019613084943e-05
0.8355504050405042	4.5674060827861435e-05
0.8356490649064907	4.5546304701106415e-05
0.8357477247724773	4.5418694821102724e-05
0.835846384638464	4.52912330793394e-05
0.8359450445044504	4.5163921365886236e-05
0.8360437043704371	4.50367615693625e-05
0.8361423642364237	4.490975557686471e-05
0.8362410241024104	4.478290527401566e-05
0.8363396839683969	4.46562125449576e-05
0.8364383438343835	4.4529679272192375e-05
0.8365370037003702	4.4403307336730204e-05
0.8366356635663567	4.427709861792009e-05
0.8367343234323433	4.4151054993530554e-05
0.8368329832983299	4.4025178339683386e-05
0.8369316431643166	4.389947053078854e-05
0.837030303030303	4.3773933439590965e-05
0.8371289628962897	4.364856893716259e-05
0.8372276227622764	4.3523378892726814e-05
0.8373262826282628	4.339836517381459e-05
0.8374249424942495	4.3273529646156906e-05
0.8375236023602362	4.314887417365628e-05
0.8376222622262227	4.302440061838983e-05
0.8377209220922093	4.290011084057827e-05
0.8378195819581958	4.277600669854652e-05
0.8379182418241825	4.26520900486624e-05
0.838016901690169	4.252836274544909e-05
0.8381155615561556	4.240482664142178e-05
0.8382142214221423	4.2281483587071345e-05
0.838312881288129	4.2158335430972046e-05
0.8384115411541154	4.2035384019653384e-05
0.8385102010201021	4.191263119747688e-05
0.8386088608860888	4.179007880688479e-05
0.8387075207520752	4.166772868812857e-05
0.8388061806180619	4.154558267933776e-05
0.8389048404840485	4.142364261652799e-05
0.8390035003500351	4.1301910333507045e-05
0.8391021602160216	4.1180387661891414e-05
0.8392008200820082	4.105907643112654e-05
0.8392994799479949	4.093797846834183e-05
0.8393981398139814	4.0817095598466954e-05
0.839496799679968	4.0696429644060026e-05
0.8395954595459547	4.057598242544103e-05
0.8396941194119414	4.045575576057233e-05
0.8397927792779278	4.033575146501816e-05
0.8398914391439145	4.021597135201245e-05
0.8399900990099011	4.009641723233203e-05
0.8400887588758875	3.9977090914343755e-05
0.8401874187418742	3.9857994203971375e-05
0.8402860786078609	3.973912890461384e-05
0.8403847384738475	3.96204968172568e-05
0.840483398339834	3.950209974023779e-05
0.8405820582058207	3.93839394694295e-05
0.8406807180718073	3.9266017798150784e-05
0.8407793779377939	3.914833651702909e-05
0.8408780378037805	3.9030897414136395e-05
0.840976697669767	3.891370227492083e-05
0.8410753575357537	3.87967528821337e-05
0.8411740174017401	3.8680051015798745e-05
0.8412726772677268	3.8563598453308085e-05
0.8413713371337135	3.8447396969282234e-05
0.8414699969997002	3.8331448335521306e-05
0.8415686568656866	3.8215754321177514e-05
0.8416673167316733	3.810031669247902e-05
0.84176597659766	3.7985137212856315e-05
0.8418646364636464	3.7870217642910437e-05
0.8419632963296331	3.775555974037764e-05
0.8420619561956196	3.7641165260042956e-05
0.8421606160616063	3.752703595382527e-05
0.8422592759275928	3.741317357067263e-05
0.8423579357935794	3.729957985657193e-05
0.8424565956595661	3.718625655450874e-05
0.8425552555255525	3.7073205404498934e-05
0.8426539153915392	3.696042814344992e-05
0.8427525752575259	3.684792650528357e-05
0.8428512351235125	3.673570222081695e-05
0.842949894989499	3.6623757017732014e-05
0.8430485548554856	3.651209262061686e-05
0.8431472147214722	3.640071075092938e-05
0.8432458745874587	3.6289613126890226e-05
0.8433445344534454	3.617880146361659e-05
0.843443194319432	3.6068277472916864e-05
0.8435418541854187	3.595804286341464e-05
0.8436405140514052	3.584809934046856e-05
0.8437391739173918	3.5738448606127454e-05
0.8438378337833785	3.562909235916806e-05
0.843936493649365	3.55200322950028e-05
0.8440351535153516	3.541127010571995e-05
0.8441338133813382	3.5302807479990216e-05
0.8442324732473249	3.519464610318597e-05
0.8443311331133113	3.5086787657132174e-05
0.844429792979298	3.497923382028648e-05
0.8445284528452847	3.487198626766161e-05
0.8446271127112711	3.476504667071362e-05
0.8447257725772578	3.465841669745401e-05
0.8448244324432445	3.4552098012348966e-05
0.844923092309231	3.4446092276319596e-05
0.8450217521752176	3.434040114664125e-05
0.8451204120412041	3.423502627710539e-05
0.8452190719071908	3.412996931782173e-05
0.8453177317731773	3.402523191525493e-05
0.8454163916391639	3.392081571223945e-05
0.8455150515051506	3.381672234789591e-05
0.8456137113711373	3.371295345766425e-05
0.8457123712371237	3.3609510673224956e-05
0.8458110311031104	3.350639562255408e-05
0.8459096909690971	3.340360992982994e-05
0.8460083508350835	3.330115521542861e-05
0.8461070107010702	3.319903309593879e-05
0.8462056705670568	3.3097245184081945e-05
0.8463043304330434	3.299579308875522e-05
0.8464029902990299	3.289467841495153e-05
0.8465016501650166	3.2793902763775765e-05
0.8466003100310032	3.269346773239533e-05
0.8466989698969899	3.259337491409036e-05
0.8467976297629763	3.2493625898052356e-05
0.846896289628963	3.239422226965324e-05
0.8469949494949496	3.229516561012363e-05
0.8470936093609361	3.219645749670768e-05
0.8471922692269227	3.20980995026489e-05
0.8472909290929094	3.200009319702534e-05
0.847389588958896	3.1902440144906816e-05
0.8474882488248825	3.18051419072363e-05
0.8475869086908692	3.170820004074771e-05
0.8476855685568558	3.161161609810622e-05
0.8477842284228423	3.151539162778111e-05
0.847882888288829	3.1419528174043874e-05
0.8479815481548156	3.132402727687757e-05
0.8480802080208022	3.122889047218033e-05
0.8481788678867888	3.113411929142801e-05
0.8482775277527753	3.103971526189477e-05
0.848376187618762	3.094567990657337e-05
0.8484748474847484	3.0852014744115e-05
0.8485735073507351	3.075872128877518e-05
0.8486721672167218	3.066580105053586e-05
0.8487708270827085	3.0573255534948047e-05
0.8488694869486949	3.048108624312757e-05
0.8489681468146816	3.038929467186628e-05
0.8490668066806681	3.0297882313407822e-05
0.8491654665466547	3.0206850655575956e-05
0.8492641264126413	3.0116201181722876e-05
0.8493627862786279	3.0025935370660648e-05
0.8494614461446146	2.9936054696728723e-05
0.8495601060106011	2.9846560629635362e-05
0.8496587658765877	2.975745463462492e-05
0.8497574257425744	2.9668738172290086e-05
0.8498560856085609	2.9580412698634616e-05
0.8499547454745475	2.9492479665037617e-05
0.8500534053405342	2.940494051824086e-05
0.8501520652065208	2.9317796700302167e-05
0.8502507250725073	2.9231049648610742e-05
0.8503493849384939	2.914470079584539e-05
0.8504480448044806	2.9058751569980145e-05
0.850546704670467	2.8973203394221863e-05
0.8506453645364537	2.888805768699159e-05
0.8507440244024403	2.8803315861993382e-05
0.850842684268427	2.8718979328060804e-05
0.8509413441344135	2.8635049489271977e-05
0.8510400040004001	2.8551527744819184e-05
0.8511386638663867	2.8468415489016946e-05
0.8512373237323733	2.8385714111340607e-05
0.8513359835983598	2.830342499637736e-05
0.8514346434643465	2.8221549523767537e-05
0.8515333033303332	2.814008906817026e-05
0.8516319631963196	2.8059044999418685e-05
0.8517306230623063	2.7978418682238963e-05
0.851829282928293	2.7898211476399383e-05
0.8519279427942794	2.7818424736718626e-05
0.8520266026602661	2.7739059812903813e-05
0.8521252625262528	2.766011804966569e-05
0.8522239223922393	2.7581600786587125e-05
0.8523225822582259	2.7503509358265016e-05
0.8524212421242124	2.7425845094070677e-05
0.8525199019901991	2.7348609318297803e-05
0.8526185618561858	2.7271803350158664e-05
0.8527172217221722	2.719542850357478e-05
0.8528158815881589	2.7119486087432044e-05
0.8529145414541456	2.7043977405298432e-05
0.853013201320132	2.6968903755603788e-05
0.8531118611861187	2.6894266431501055e-05
0.8532105210521053	2.6820066720881913e-05
0.8533091809180919	2.6746305906416718e-05
0.8534078407840784	2.667298526544377e-05
0.8535065006500651	2.660010607000929e-05
0.8536051605160517	2.65276695868235e-05
0.8537038203820382	2.6455677077272673e-05
0.8538024802480249	2.6384129797369247e-05
0.8539011401140115	2.6313028997722447e-05
0.8539997999799982	2.6242375923607568e-05
0.8540984598459846	2.617217181484064e-05
0.8541971197119713	2.6102417905799072e-05
0.8542957795779579	2.6033115425430057e-05
0.8543944394439444	2.5964265597231092e-05
0.854493099309931	2.589586963916971e-05
0.8545917591759177	2.5827928763767312e-05
0.8546904190419043	2.576044417797273e-05
0.8547890789078908	2.56934170832169e-05
0.8548877387738775	2.5626848675417775e-05
0.8549863986398641	2.5560740144880574e-05
0.8550850585058506	2.5495092676322138e-05
0.8551837183718373	2.54299074488783e-05
0.8552823782378238	2.5365185636044275e-05
0.8553810381038105	2.530092840568081e-05
0.855479697969797	2.5237136920023973e-05
0.8555783578357836	2.5173812335609855e-05
0.8556770177017703	2.511095580325758e-05
0.8557756775677567	2.5048568468144785e-05
0.8558743374337434	2.4986651469695868e-05
0.8559729972997301	2.4925205941596654e-05
0.8560716571657168	2.486423301178602e-05
0.8561703170317032	2.48037338024414e-05
0.8562689768976899	2.4743709429927882e-05
0.8563676367636764	2.468416100481654e-05
0.856466296629663	2.4625089631874868e-05
0.8565649564956496	2.4566496410035346e-05
0.8566636163616362	2.4508382432367614e-05
0.8567622762276229	2.445074878607378e-05
0.8568609360936094	2.439359655247037e-05
0.856959595959596	2.4336926807011666e-05
0.8570582558255827	2.42807406191743e-05
0.8571569156915692	2.4225039052549947e-05
0.8572555755575558	2.416982316478962e-05
0.8573542354235425	2.4115094007566128e-05
0.8574528952895291	2.406085262654279e-05
0.8575515551555155	2.400710006148179e-05
0.8576502150215022	2.3953837346043942e-05
0.8577488748874889	2.390106550792259e-05
0.8578475347534753	2.384878556875148e-05
0.857946194619462	2.3796998544108782e-05
0.8580448544854486	2.374570544352942e-05
0.8581435143514353	2.369490727045071e-05
0.8582421742174218	2.3644605022189574e-05
0.8583408340834084	2.3594799689975665e-05
0.858439493949395	2.354549225892372e-05
0.8585381538153817	2.3496683707974324e-05
0.8586368136813681	2.3448375009914906e-05
0.8587354735473548	2.34005671314081e-05
0.8588341334133415	2.335326103286314e-05
0.8589327932793279	2.3306457668526253e-05
0.8590314531453146	2.3260157986414194e-05
0.8591301130113013	2.321436292835464e-05
0.8592287728772879	2.316907342983838e-05
0.8593274327432744	2.3124290420216546e-05
0.8594260926092611	2.308001482249934e-05
0.8595247524752476	2.3036247553411043e-05
0.8596234123412342	2.2992989523391675e-05
0.8597220722072207	2.2950241636540372e-05
0.8598207320732074	2.2908004790705682e-05
0.8599193919391941	2.2866279877292753e-05
0.8600180518051805	2.2825067781441287e-05
0.8601167116711672	2.2784369381841267e-05
0.8602153715371539	2.2744185550857317e-05
0.8603140314031403	2.2704517154451473e-05
0.860412691269127	2.2665365052126532e-05
0.8605113511351136	2.2626730097068702e-05
0.8606100110011002	2.2588613135909934e-05
0.8607086708670867	2.255101500889612e-05
0.8608073307330734	2.2513936549828727e-05
0.86090599059906	2.2477378585971656e-05
0.8610046504650465	2.2441341938149657e-05
0.8611033103310332	2.2405827420695443e-05
0.8612019701970198	2.2370835841380854e-05
0.8613006300630065	2.2336368001464297e-05
0.861399289928993	2.230242469569794e-05
0.8614979497949796	2.226900671226214e-05
0.8615966096609662	2.2236114832771383e-05
0.8616952695269527	2.2203749832273682e-05
0.8617939293929393	2.217191247918869e-05
0.861892589258926	2.2140603535386555e-05
0.8619912491249127	2.2109823756083475e-05
0.8620899089908991	2.2079573889938328e-05
0.8621885688568858	2.2049854678863136e-05
0.8622872287228724	2.2020666858208955e-05
0.8623858885888589	2.199201115664199e-05
0.8624845484548456	2.1963888296125485e-05
0.8625832083208321	2.1936298991987677e-05
0.8626818681868188	2.190924395284363e-05
0.8627805280528053	2.1882723880543505e-05
0.8628791879187919	2.1856739470291893e-05
0.8629778477847786	2.1831291410542037e-05
0.863076507650765	2.180638038297529e-05
0.8631751675167517	2.178200706255294e-05
0.8632738273827384	2.175817211742568e-05
0.8633724872487251	2.1734876209063803e-05
0.8634711471147115	2.1712119992025788e-05
0.8635698069806982	2.168990411414809e-05
0.8636684668466847	2.1668229216467977e-05
0.8637671267126713	2.1647095933108904e-05
0.8638657865786579	2.1626504891501917e-05
0.8639644464446445	2.1606456712107338e-05
0.8640631063106312	2.1586952008630175e-05
0.8641617661766177	2.156799138784948e-05
0.8642604260426043	2.154957544964957e-05
0.864359085908591	2.153170478717332e-05
0.8644577457745776	2.1514379986474724e-05
0.8645564056405641	2.1497601626830278e-05
0.8646550655065507	2.148137028057155e-05
0.8647537253725374	2.146568651310466e-05
0.8648523852385238	2.1450550882887507e-05
0.8649510451045105	2.143596394145076e-05
0.8650497049704972	2.1421926233382117e-05
0.8651483648364838	2.1408438296243377e-05
0.8652470247024703	2.1395500660702587e-05
0.865345684568457	2.1383113850408534e-05
0.8654443444344436	2.1371278381997575e-05
0.8655430043004301	2.1359994765132287e-05
0.8656416641664167	2.1349263502462893e-05
0.8657403240324033	2.1339085089569695e-05
0.86583898389839	2.1329460015100212e-05
0.8659376437643764	2.1320388760573713e-05
0.8660363036303631	2.131187180049589e-05
0.8661349634963498	2.130390960230679e-05
0.8662336233623362	2.129650262638603e-05
0.8663322832283229	2.1289651326033166e-05
0.8664309430943096	2.1283356147480657e-05
0.8665296029602961	2.1277617529874207e-05
0.8666282628262827	2.127243590519959e-05
0.8667269226922693	2.126781169838453e-05
0.8668255825582559	2.1263745327249737e-05
0.8669242424242424	2.1260237202454042e-05
0.867022902290229	2.1257287727534933e-05
0.8671215621562157	2.125489729888571e-05
0.8672202220222024	2.12530663057815e-05
0.8673188818881888	2.1251795130280533e-05
0.8674175417541755	2.1251084147307903e-05
0.8675162016201622	2.1250933724608447e-05
0.8676148614861486	2.125134422277637e-05
0.8677135213521353	2.1252315995176734e-05
0.8678121812181219	2.1253849387942754e-05
0.8679108410841085	2.1255944740133653e-05
0.868009500950095	2.125860238343977e-05
0.8681081608160817	2.126182264243343e-05
0.8682068206820683	2.126560583445077e-05
0.8683054805480548	2.126995226952239e-05
0.8684041404140415	2.127486225055496e-05
0.8685028002800281	2.128033607308241e-05
0.8686014601460147	2.1286374025513228e-05
0.8687001200120013	2.1292976388862267e-05
0.8687987798779878	2.1300143436976834e-05
0.8688974397439745	2.1307875436405714e-05
0.8689960996099609	2.131617264635908e-05
0.8690947594759476	2.13250353188464e-05
0.8691934193419343	2.1334463698513288e-05
0.869292079207921	2.1344458022750977e-05
0.8693907390739074	2.135501852162441e-05
0.8694893989398941	2.1366145417868023e-05
0.8695880588058807	2.137783892693965e-05
0.8696867186718672	2.139009925693418e-05
0.8697853785378539	2.1402926608651065e-05
0.8698840384038404	2.141632117550356e-05
0.8699826982698271	2.143028314360444e-05
0.8700813581358136	2.144481269168998e-05
0.8701800180018002	2.1459909991211743e-05
0.8702786778677869	2.147557520613284e-05
0.8703773377337736	2.1491808493203902e-05
0.87047599759976	2.1508610001654276e-05
0.8705746574657467	2.152597987348505e-05
0.8706733173317333	2.1543918243215473e-05
0.8707719771977198	2.1562425237975974e-05
0.8708706370637064	2.1581500977618878e-05
0.870969296929693	2.1601145574458777e-05
0.8710679567956797	2.162135913349135e-05
0.8711666166616662	2.1642141752321107e-05
0.8712652765276528	2.1663493521078194e-05
0.8713639363936395	2.168541452254042e-05
0.871462596259626	2.170790483203861e-05
0.8715612561256126	2.1730964517504683e-05
0.8716599159915993	2.175459363938766e-05
0.8717585758575859	2.1778792250751745e-05
0.8718572357235724	2.180356039726651e-05
0.871955895589559	2.1828898117031454e-05
0.8720545554555457	2.1854805440845185e-05
0.8721532153215321	2.1881282392011623e-05
0.8722518751875188	2.1908328986331698e-05
0.8723505350535055	2.1935945232207182e-05
0.8724491949194921	2.196413113058798e-05
0.8725478547854786	2.1992886674893185e-05
0.8726465146514653	2.202221185119728e-05
0.8727451745174518	2.205210663799357e-05
0.8728438343834384	2.2082571006353664e-05
0.8729424942494249	2.2113604919879687e-05
0.8730411541154116	2.2145208334667665e-05
0.8731398139813983	2.2177381199377106e-05
0.8732384738473847	2.2210123455131384e-05
0.8733371337133714	2.2243435035617038e-05
0.8734357935793581	2.2277315867005312e-05
0.8735344534453445	2.2311765867962765e-05
0.8736331133113312	2.2346784949702475e-05
0.8737317731773179	2.2382373015914164e-05
0.8738304330433044	2.241852996277847e-05
0.873929092909291	2.24552556789858e-05
0.8740277527752776	2.2492550045753703e-05
0.8741264126412642	2.253041293675755e-05
0.8742250725072507	2.2568844218176345e-05
0.8743237323732374	2.2607843748660162e-05
0.874422392239224	2.264741137940133e-05
0.8745210521052107	2.268754695400335e-05
0.8746197119711971	2.27282503086136e-05
0.8747183718371838	2.27695212718932e-05
0.8748170317031705	2.281135966484807e-05
0.8749156915691569	2.2853765301110654e-05
0.8750143514351435	2.2896737986721384e-05
0.8751130113011302	2.2940277520251453e-05
0.8752116711671168	2.2984383692655517e-05
0.8753103310331033	2.302905628745717e-05
0.87540899089909	2.307429508063744e-05
0.8755076507650766	2.3120099840572315e-05
0.8756063106310631	2.31664703282341e-05
0.8757049704970498	2.3213406296966367e-05
0.8758036303630364	2.326090749263896e-05
0.875902290229023	2.3308973653580833e-05
0.8760009500950096	2.3357604510600353e-05
0.8760996099609961	2.3406799786957686e-05
0.8761982698269828	2.3456559198376407e-05
0.8762969296929695	2.3506882453097945e-05
0.8763955895589559	2.3557769251757252e-05
0.8764942494249426	2.3609219287558144e-05
0.8765929092909293	2.3661232246097766e-05
0.8766915691569157	2.371380780545509e-05
0.8767902290229024	2.3766945636205255e-05
0.876888888888889	2.3820645401370977e-05
0.8769875487548756	2.387490675645771e-05
0.8770862086208622	2.3929729349462814e-05
0.8771848684868487	2.3985112820814135e-05
0.8772835283528354	2.4041056803430194e-05
0.8773821882188219	2.4097560922721774e-05
0.8774808480848085	2.415462479657045e-05
0.8775795079507952	2.4212248035273413e-05
0.8776781678167819	2.427043024170794e-05
0.8777768276827683	2.4329171011137814e-05
0.877875487548755	2.438846993136807e-05
0.8779741474147416	2.444832658266007e-05
0.8780728072807281	2.4508740537744678e-05
0.8781714671467147	2.4569711361832976e-05
0.8782701270127014	2.4631238612697206e-05
0.878368786878688	2.469332184046709e-05
0.8784674467446745	2.475596058786216e-05
0.8785661066106611	2.4819154390050065e-05
0.8786647664766478	2.4882902774720224e-05
0.8787634263426343	2.4947205261993075e-05
0.8788620862086209	2.5012061364553027e-05
0.8789607460746076	2.507747058759999e-05
0.8790594059405942	2.514343242871913e-05
0.8791580658065807	2.5209946378116392e-05
0.8792567256725673	2.527701191845064e-05
0.879355385538554	2.5344628524879336e-05
0.8794540454045404	2.5412795665121036e-05
0.8795527052705271	2.5481512799334875e-05
0.8796513651365138	2.555077938026842e-05
0.8797500250025004	2.562059485315056e-05
0.8798486848684869	2.569095865572955e-05
0.8799473447344736	2.5761870218295318e-05
0.8800460046004601	2.5833328963631636e-05
0.8801446644664467	2.5905334307113283e-05
0.8802433243324332	2.5977885656587282e-05
0.8803419841984199	2.6050982412505665e-05
0.8804406440644066	2.6124623967793472e-05
0.880539303930393	2.6198809707941998e-05
0.8806379637963797	2.627353901104401e-05
0.8807366236623664	2.6348811247674793e-05
0.8808352835283528	2.6424625780971e-05
0.8809339433943395	2.6500981966685882e-05
0.8810326032603262	2.6577879153103178e-05
0.8811312631263127	2.6655316681052168e-05
0.8812299229922993	2.6733293883987092e-05
0.8813285828582859	2.681181008788489e-05
0.8814272427242725	2.6890864611343277e-05
0.881525902590259	2.697045676551747e-05
0.8816245624562457	2.7050585854183227e-05
0.8817232223222323	2.7131251173704246e-05
0.881821882188219	2.72124520130066e-05
0.8819205420542054	2.729418765368662e-05
0.8820192019201921	2.737645736986495e-05
0.8821178617861787	2.7459260428374018e-05
0.8822165216521654	2.7542596088604724e-05
0.8823151815181518	2.7626463602555497e-05
0.8824138413841385	2.771086221492698e-05
0.8825125012501251	2.7795791162972135e-05
0.8826111611161116	2.7881249676643292e-05
0.8827098209820983	2.7967236978527576e-05
0.8828084808480849	2.8053752283851374e-05
0.8829071407140716	2.8140794800493132e-05
0.8830058005800581	2.822836372902308e-05
0.8831044604460447	2.831645826263951e-05
0.8832031203120313	2.8405077587264945e-05
0.8833017801780179	2.8494220881467653e-05
0.8834004400440044	2.85838873164914e-05
0.8834990999099911	2.86740760563225e-05
0.8835977597759778	2.8764786257586447e-05
0.8836964196419642	2.8856017069694145e-05
0.8837950795079509	2.8947767634654713e-05
0.8838937393739376	2.904003708733033e-05
0.883992399239924	2.913282455518879e-05
0.8840910591059107	2.9226129158495576e-05
0.8841897189718972	2.9319950010261706e-05
0.8842883788378839	2.941428621620305e-05
0.8843870387038704	2.9509136874813646e-05
0.884485698569857	2.9604501077339492e-05
0.8845843584358437	2.9700377907798208e-05
0.8846830183018302	2.9796766442986982e-05
0.8847816781678168	2.9893665752465994e-05
0.8848803380338035	2.9991074898610332e-05
0.8849789978997902	3.0088992936557754e-05
0.8850776577657766	3.0187418914278884e-05
0.8851763176317633	3.0286351872558395e-05
0.8852749774977499	3.0385790844954517e-05
0.8853736373637364	3.0485734857916262e-05
0.885472297229723	3.058618293070193e-05
0.8855709570957097	3.0687134075361164e-05
0.8856696169616963	3.0788587296896496e-05
0.8857682768276828	3.08905415930888e-05
0.8858669366936694	3.0992995954610244e-05
0.8859655965596561	3.109594936501663e-05
0.8860642564256426	3.119940080074498e-05
0.8861629162916292	3.130334923111823e-05
0.8862615761576158	3.1407793618348e-05
0.8863602360236025	3.151273291760748e-05
0.8864588958895889	3.161816607691936e-05
0.8865575557555756	3.172409203728039e-05
0.8866562156215623	3.1830509732619746e-05
0.8867548754875487	3.193741808978249e-05
0.8868535353535354	3.204481602860494e-05
0.8869521952195221	3.21527024618523e-05
0.8870508550855087	3.226107629530005e-05
0.8871495149514952	3.2369936427685734e-05
0.8872481748174819	3.24792817507126e-05
0.8873468346834684	3.258911114914281e-05
0.887445494549455	3.269942350069344e-05
0.8875441544154415	3.281021767613008e-05
0.8876428142814282	3.292149253924575e-05
0.8877414741474149	3.3033246946890664e-05
0.8878401340134013	3.314547974891494e-05
0.887938793879388	3.325818978825599e-05
0.8880374537453747	3.3371375900962534e-05
0.8881361136113612	3.348503691609068e-05
0.8882347734773478	3.359917165583061e-05
0.8883334333433344	3.371377893545014e-05
0.888432093209321	3.382885756336604e-05
0.8885307530753075	3.3944406341067326e-05
0.8886294129412942	3.406042406319677e-05
0.8887280728072808	3.41769095175711e-05
0.8888267326732675	3.429386148507281e-05
0.888925392539254	3.441127873984806e-05
0.8890240524052406	3.452916004918879e-05
0.8891227122712273	3.464750417352131e-05
0.8892213721372138	3.476630986652424e-05
0.8893200320032004	3.4885575875062164e-05
0.889418691869187	3.5005300939226556e-05
0.8895173517351737	3.512548379233275e-05
0.8896160116011601	3.524612316094766e-05
0.8897146714671468	3.5367217764882375e-05
0.8898133313331335	3.5488766317217435e-05
0.8899119911991199	3.5610767524300836e-05
0.8900106510651066	3.573322008578629e-05
0.8901093109310932	3.585612269460066e-05
0.8902079707970798	3.5979474037017975e-05
0.8903066306630664	3.6103272792602746e-05
0.8904052905290529	3.622751763427803e-05
0.8905039503950396	3.635220722831151e-05
0.890602610261026	3.6477340234280944e-05
0.8907012701270127	3.660291530526243e-05
0.8907999299929994	3.6728931087560145e-05
0.8908985898589861	3.6855386220991365e-05
0.8909972497249725	3.6982279338742187e-05
0.8910959095909592	3.710960906738506e-05
0.8911945694569459	3.7237374026989023e-05
0.8912932293229323	3.7365572831041253e-05
0.891391889188919	3.7494204086494304e-05
0.8914905490549055	3.762326639375422e-05
0.8915892089208922	3.7752758346749777e-05
0.8916878687868787	3.788267853286467e-05
0.8917865286528653	3.8013025533040854e-05
0.891885188518852	3.814379792169851e-05
0.8919838483848385	3.827499426686596e-05
0.8920825082508251	3.8406613130024634e-05
0.8921811681168118	3.853865306631223e-05
0.8922798279827985	3.867111262438834e-05
0.8923784878487849	3.880399034653447e-05
0.8924771477147715	3.8937284768624775e-05
0.8925758075807582	3.9070994420161474e-05
0.8926744674467446	3.9205117824258374e-05
0.8927731273127313	3.933965349771369e-05
0.892871787178718	3.9474599950968823e-05
0.8929704470447046	3.960995568812661e-05
0.8930691069106911	3.974571920698927e-05
0.8931677667766778	3.9881888999077125e-05
0.8932664266426644	4.0018463549606986e-05
0.8933650865086509	4.015544133754541e-05
0.8934637463746375	4.02928208355977e-05
0.8935624062406241	4.043060051022081e-05
0.8936610661066108	4.056877882165606e-05
0.8937597259725972	4.070735422393554e-05
0.8938583858385839	4.084632516492997e-05
0.8939570457045706	4.0985690086240716e-05
0.8940557055705572	4.112544742341667e-05
0.8941543654365437	4.126559560573935e-05
0.8942530253025304	4.1406133056483505e-05
0.894351685168517	4.1547058192686395e-05
0.8944503450345035	4.168836942532562e-05
0.8945490049004902	4.183006515932692e-05
0.8946476647664767	4.197214379347314e-05
0.8947463246324634	4.211460372055299e-05
0.8948449844984498	4.2257443327261646e-05
0.8949436443644365	4.240066099425656e-05
0.8950423042304232	4.254425509625969e-05
0.8951409640964096	4.2688224001915665e-05
0.8952396239623963	4.283256607394786e-05
0.895338283828383	4.2977279669032126e-05
0.8954369436943695	4.31223631379886e-05
0.8955356035603561	4.3267814825650784e-05
0.8956342634263427	4.3413633070941914e-05
0.8957329232923293	4.3559816206897535e-05
0.8958315831583158	4.370636256064901e-05
0.8959302430243025	4.3853270453484574e-05
0.8960289028902891	4.400053820078205e-05
0.8961275627562758	4.4148164112156344e-05
0.8962262226222623	4.429614649134543e-05
0.8963248824882489	4.44444836363378e-05
0.8964235423542356	4.45931738392808e-05
0.896522202220222	4.4742215386573925e-05
0.8966208620862087	4.4891606558874214e-05
0.8967195219521953	4.504134563110594e-05
0.896818181818182	4.519143087242338e-05
0.8969168416841684	4.534186054631435e-05
0.8970155015501551	4.5492632910608536e-05
0.8971141614161418	4.5643746217422174e-05
0.8972128212821282	4.5795198713250306e-05
0.8973114811481149	4.5946988638908115e-05
0.8974101410141015	4.60991142296367e-05
0.8975088008800881	4.625157371509086e-05
0.8976074607460747	4.640436531926796e-05
0.8977061206120612	4.65574872606896e-05
0.8978047804780479	4.6710937752249643e-05
0.8979034403440344	4.68647150013835e-05
0.898002100210021	4.70188172099713e-05
0.8981007600760077	4.717324257441196e-05
0.8981994199419944	4.732798928561456e-05
0.8982980798079808	4.7483055529029975e-05
0.8983967396739675	4.763843948472431e-05
0.8984953995399542	4.779413932724934e-05
0.8985940594059406	4.7950153225803295e-05
0.8986927192719273	4.810647934420028e-05
0.8987913791379138	4.826311584089385e-05
0.8988900390039005	4.8420060868925135e-05
0.898988698869887	4.8577312576095005e-05
0.8990873587358736	4.873486910482395e-05
0.8991860186018603	4.889272859225053e-05
0.8992846784678468	4.90508891702518e-05
0.8993833383338334	4.9209348965444685e-05
0.8994819981998201	4.936810609918969e-05
0.8995806580658067	4.952715868766627e-05
0.8996793179317932	4.9686504841812104e-05
0.8997779777977798	4.9846142667390566e-05
0.8998766376637665	5.0006070264989535e-05
0.8999752975297531	5.016628573011062e-05
0.9000739573957396	5.032678715304416e-05
0.9001726172617263	5.048757261905173e-05
0.9002712771277129	5.0648640208242146e-05
0.9003699369936994	5.0809987995719147e-05
0.900468596859686	5.097161405148699e-05
0.9005672567256727	5.113351644053864e-05
0.9006659165916593	5.12956932228505e-05
0.9007645764576458	5.145814245343316e-05
0.9008632363236324	5.162086218229105e-05
0.9009618961896191	5.178385045448426e-05
0.9010605560556055	5.1947105310182865e-05
0.9011592159215922	5.211062478459689e-05
0.9012578757875789	5.227440690804162e-05
0.9013565356535655	5.2438449705981236e-05
0.901455195519552	5.260275119904371e-05
0.9015538553855387	5.276730940298338e-05
0.9016525152515252	5.2932122328773814e-05
0.9017511751175118	5.309718798258908e-05
0.9018498349834984	5.326250436578248e-05
0.901948494849485	5.342806947505733e-05
0.9020471547154717	5.359388130229528e-05
0.9021458145814581	5.3759937834711235e-05
0.9022444744474448	5.392623705480219e-05
0.9023431343134315	5.4092776940390526e-05
0.9024417941794179	5.425955546469981e-05
0.9025404540454046	5.442657059626651e-05
0.9026391139113913	5.459382029905166e-05
0.9027377737773778	5.476130253239271e-05
0.9028364336433644	5.492901525110342e-05
0.902935093509351	5.5096956405441784e-05
0.9030337533753376	5.526512394108716e-05
0.9031324132413241	5.543351579927453e-05
0.9032310731073108	5.560212991672846e-05
0.9033297329732974	5.577096422573703e-05
0.9034283928392841	5.5940016654095695e-05
0.9035270527052706	5.61092851252215e-05
0.9036257125712572	5.62787675581179e-05
0.9037243724372438	5.644846186739889e-05
0.9038230323032304	5.661836596333098e-05
0.9039216921692169	5.6788477751847244e-05
0.9040203520352036	5.695879513455493e-05
0.9041190119011903	5.712931600879155e-05
0.9042176717671767	5.73000382675958e-05
0.9043163316331634	5.7470959799759964e-05
0.9044149914991501	5.7642078489881866e-05
0.9045136513651365	5.781339221828743e-05
0.9046123112311232	5.7984898861192366e-05
0.9047109710971099	5.815659629058187e-05
0.9048096309630964	5.832848237430695e-05
0.904908290829083	5.85005549761916e-05
0.9050069506950695	5.867281195582126e-05
0.9051056105610562	5.884525116880572e-05
0.9052042704270427	5.901787046666664e-05
0.9053029302930293	5.9190667696882864e-05
0.905401590159016	5.936364070294808e-05
0.9055002500250027	5.953678732434043e-05
0.9055989098909891	5.971010539661292e-05
0.9056975697569758	5.988359275132044e-05
0.9057962296229624	6.005724721615888e-05
0.905894889488949	6.0231066614881e-05
0.9059935493549355	6.0405048767361746e-05
0.9060922092209222	6.057919148966153e-05
0.9061908690869088	6.0753492593962276e-05
0.9062895289528953	6.092794988867037e-05
0.906388188818882	6.110256117837888e-05
0.9064868486848686	6.127732426395627e-05
0.9065855085508553	6.14522369424964e-05
0.9066841684168417	6.162729700739464e-05
0.9067828282828284	6.180250224833917e-05
0.906881488148815	6.197785045134042e-05
0.9069801480148015	6.215333939877624e-05
0.9070788078807881	6.23289668693908e-05
0.9071774677467748	6.250473063832302e-05
0.9072761276127614	6.268062847714e-05
0.9073747874787479	6.285665815383534e-05
0.9074734473447346	6.303281743288382e-05
0.9075721072107212	6.320910407524033e-05
0.9076707670767077	6.338551583838093e-05
0.9077694269426944	6.356205047629583e-05
0.9078680868086809	6.373870573956236e-05
0.9079667466746676	6.391547937531047e-05
0.908065406540654	6.409236912730207e-05
0.9081640664066407	6.42693727359183e-05
0.9082627262726274	6.444648793820651e-05
0.9083613861386138	6.462371246783807e-05
0.9084600460046005	6.48010440552276e-05
0.9085587058705872	6.497848042756127e-05
0.9086573657365739	6.515601930862955e-05
0.9087560256025603	6.533365841915098e-05
0.908854685468547	6.551139547652513e-05
0.9089533453345335	6.568922819504103e-05
0.9090520052005201	6.586715428578616e-05
0.9091506650665067	6.604517145671612e-05
0.9092493249324933	6.622327741270763e-05
0.90934798479848	6.640146985550496e-05
0.9094466446644665	6.657974648384724e-05
0.9095453045304531	6.675810499337361e-05
0.9096439643964398	6.693654307677003e-05
0.9097426242624262	6.711505842367231e-05
0.9098412841284129	6.729364872078073e-05
0.9099399439943995	6.747231165186326e-05
0.9100386038603862	6.765104489776208e-05
0.9101372637263726	6.782984613639874e-05
0.9102359235923593	6.800871304285477e-05
0.910334583458346	6.818764328936881e-05
0.9104332433243324	6.836663454535063e-05
0.9105319031903191	6.854568447738187e-05
0.9106305630563057	6.872479074934072e-05
0.9107292229222924	6.89039510223054e-05
0.9108278827882789	6.908316295464396e-05
0.9109265426542655	6.926242420201386e-05
0.9110252025202521	6.944173241746065e-05
0.9111238623862387	6.962108525127084e-05
0.9112225222522252	6.980048035122302e-05
0.9113211821182119	6.997991536240092e-05
0.9114198419841986	7.015938792738867e-05
0.911518501850185	7.033889568616235e-05
0.9116171617161717	7.05184362761953e-05
0.9117158215821584	7.069800733248476e-05
0.911814481448145	7.087760648749612e-05
0.9119131413141315	7.105723137129382e-05
0.9120118011801182	7.123687961149938e-05
0.9121104610461047	7.141654883335517e-05
0.9122091209120913	7.159623665965368e-05
0.9123077807780778	7.177594071092e-05
0.9124064406440645	7.19556586053322e-05
0.9125051005100512	7.213538795872257e-05
0.9126037603760376	7.231512638470823e-05
0.9127024202420243	7.249487149462984e-05
0.912801080108011	7.267462089759651e-05
0.9128997399739974	7.285437220051232e-05
0.9129983998399841	7.303412300812495e-05
0.9130970597059707	7.321387092303133e-05
0.9131957195719573	7.339361354569521e-05
0.9132943794379438	7.357334847447696e-05
0.9133930393039305	7.375307330567803e-05
0.9134916991699171	7.39327856335584e-05
0.9135903590359036	7.411248305030728e-05
0.9136890189018902	7.42921631461742e-05
0.9137876787678769	7.447182350940017e-05
0.9138863386338636	7.465146172630938e-05
0.91398499849985	7.483107538129798e-05
0.9140836583658367	7.501066205680698e-05
0.9141823182318233	7.519021933351218e-05
0.9142809780978098	7.536974479014586e-05
0.9143796379637964	7.554923600372628e-05
0.9144782978297831	7.572869054937112e-05
0.9145769576957697	7.590810600050424e-05
0.9146756175617562	7.608747992877217e-05
0.9147742774277429	7.62668099041306e-05
0.9148729372937295	7.644609349483479e-05
0.914971597159716	7.662532826746744e-05
0.9150702570257027	7.680451178698508e-05
0.9151689168916892	7.698364161672162e-05
0.9152675767576759	7.716271531844622e-05
0.9153662366236623	7.734173045232545e-05
0.915464896489649	7.75206845770455e-05
0.9155635563556357	7.769957524974435e-05
0.9156622162216221	7.787840002609038e-05
0.9157608760876088	7.805715646029967e-05
0.9158595359535955	7.823584210513359e-05
0.9159581958195822	7.841445451203215e-05
0.9160568556855686	7.859299123090658e-05
0.9161555155515553	7.877144981043537e-05
0.9162541754175418	7.894982779796047e-05
0.9163528352835284	7.912812273946714e-05
0.916451495149515	7.930633217974708e-05
0.9165501550155016	7.948445366224109e-05
0.9166488148814883	7.966248472926286e-05
0.9167474747474748	7.9840422921858e-05
0.9168461346134614	8.001826577997834e-05
0.9169447944794481	8.019601084236568e-05
0.9170434543454345	8.037365564666147e-05
0.9171421142114212	8.05511977294557e-05
0.9172407740774078	8.072863462621199e-05
0.9173394339433945	8.09059638714224e-05
0.9174380938093809	8.10831829984933e-05
0.9175367536753676	8.126028953991672e-05
0.9176354135413543	8.143728102718355e-05
0.9177340734073409	8.161415499086232e-05
0.9178327332733274	8.179090896062106e-05
0.917931393139314	8.196754046523818e-05
0.9180300530053007	8.214404703264601e-05
0.9181287128712872	8.232042618994603e-05
0.9182273727372738	8.249667546344862e-05
0.9183260326032604	8.267279237866916e-05
0.9184246924692471	8.284877446040979e-05
0.9185233523352335	8.30246192327166e-05
0.9186220122012202	8.320032421895397e-05
0.9187206720672069	8.337588694180922e-05
0.9188193319331933	8.355130492338881e-05
0.91891799179918	8.372657568510204e-05
0.9190166516651667	8.390169674779646e-05
0.9191153115311532	8.407666563177675e-05
0.9192139713971398	8.425147985679741e-05
0.9193126312631263	8.442613694211572e-05
0.919411291129113	8.460063440648197e-05
0.9195099509950995	8.477496976822948e-05
0.9196086108610861	8.494914054524229e-05
0.9197072707270728	8.512314425498425e-05
0.9198059305930595	8.529697841457887e-05
0.9199045904590459	8.547064054077729e-05
0.9200032503250326	8.564412815003314e-05
0.9201019101910193	8.58174387584608e-05
0.9202005700570057	8.599056988195611e-05
0.9202992299229924	8.616351903615533e-05
0.920397889788979	8.633628373644716e-05
0.9204965496549656	8.650886149809921e-05
0.9205952095209521	8.668124983614001e-05
0.9206938693869388	8.685344626553866e-05
0.9207925292529254	8.702544830108763e-05
0.9208911891189119	8.719725345754778e-05
0.9209898489848986	8.736885924962034e-05
0.9210885088508852	8.754026319193738e-05
0.9211871687168718	8.771146279919114e-05
0.9212858285828583	8.788245558606008e-05
0.9213844884488449	8.805323906726958e-05
0.9214831483148316	8.822381075764606e-05
0.921581808180818	8.839416817213234e-05
0.9216804680468047	8.856430882576643e-05
0.9217791279127914	8.873423023375888e-05
0.921877787778778	8.890392991153304e-05
0.9219764476447645	8.90734053747246e-05
0.9220751075107512	8.924265413917558e-05
0.9221737673767378	8.941167372098528e-05
0.9222724272427243	8.958046163661552e-05
0.922371087108711	8.974901540280206e-05
0.9224697469746975	8.99173325366283e-05
0.9225684068406842	9.008541055554819e-05
0.9226670667066706	9.025324697744444e-05
0.9227657265726573	9.042083932062551e-05
0.922864386438644	9.058818510379374e-05
0.9229630463046304	9.075528184623669e-05
0.9230617061706171	9.092212706765466e-05
0.9231603660366038	9.108871828834832e-05
0.9232590259025903	9.125505302913307e-05
0.9233576857685769	9.142112881146237e-05
0.9234563456345635	9.158694315738036e-05
0.9235550055005501	9.175249358955704e-05
0.9236536653665368	9.191777763137654e-05
0.9237523252325233	9.208279280685837e-05
0.9238509850985099	9.224753664082364e-05
0.9239496449644966	9.241200665877634e-05
0.9240483048304831	9.257620038703715e-05
0.9241469646964697	9.274011535271957e-05
0.9242456245624564	9.290374908373931e-05
0.924344284428443	9.306709910893186e-05
0.9244429442944295	9.323016295797856e-05
0.9245416041604161	9.339293816146036e-05
0.9246402640264028	9.35554222509197e-05
0.9247389238923892	9.371761275884945e-05
0.9248375837583759	9.387950721875833e-05
0.9249362436243626	9.404110316517163e-05
0.9250349034903492	9.420239813361827e-05
0.9251335633563357	9.436338966075709e-05
0.9252322232223223	9.452407528429218e-05
0.9253308830883089	9.468445254310052e-05
0.9254295429542955	9.484451897717096e-05
0.925528202820282	9.500427212770977e-05
0.9256268626862687	9.51637095371139e-05
0.9257255225522554	9.532282874900862e-05
0.9258241824182418	9.548162730828685e-05
0.9259228422842285	9.564010276111865e-05
0.9260215021502152	9.579825265499374e-05
0.9261201620162016	9.595607453874257e-05
0.9262188218821883	9.611356596256542e-05
0.926317481748175	9.627072447806631e-05
0.9264161416141615	9.642754763822741e-05
0.9265148014801481	9.658403299753397e-05
0.9266134613461346	9.674017811192175e-05
0.9267121212121213	9.689598053879201e-05
0.9268107810781078	9.70514378371362e-05
0.9269094409440944	9.720654756743037e-05
0.9270081008100811	9.736130729182737e-05
0.9271067606760678	9.751571457398774e-05
0.9272054205420542	9.766976697924638e-05
0.9273040804080409	9.782346207462826e-05
0.9274027402740276	9.797679742879029e-05
0.927501400140014	9.8129770612147e-05
0.9276000600060006	9.828237919679578e-05
0.9276987198719873	9.843462075670476e-05
0.9277973797379739	9.858649286752213e-05
0.9278960396039604	9.873799310678574e-05
0.9279946994699471	9.88891190538668e-05
0.9280933593359337	9.903986828997921e-05
0.9281920192019202	9.919023839827633e-05
0.9282906790679069	9.934022696380788e-05
0.9283893389338935	9.948983157359332e-05
0.9284879987998801	9.963904981662882e-05
0.9285866586658666	9.978787928389794e-05
0.9286853185318532	9.993631756845851e-05
0.9287839783978399	0.00010008436226538072
0.9288826382638263	0.00010023201097185241
0.928981298129813	0.000100379261287119
0.9290799579957997	0.00010052611081265222
0.9291786178617863	0.00010067255715199373
0.9292772777277728	0.0001008185979109474
0.9293759375937595	0.00010096423069747706
0.9294745974597461	0.00010110945312186056
0.9295732573257327	0.00010125426279653913
0.9296719171917193	0.00010139865733635133
0.9297705770577058	0.00010154263435841502
0.9298692369236925	0.00010168619148216683
0.929967896789679	0.00010182932632946907
0.9300665566556656	0.00010197203652455151
0.9301652165216523	0.00010211431969409264
0.930263876387639	0.00010225617346718784
0.9303625362536254	0.00010239759547546018
0.9304611961196121	0.00010253858335297584
0.9305598559855986	0.00010267913473640037
0.9306585158515852	0.00010281924726488618
0.9307571757175718	0.00010295891858022133
0.9308558355835584	0.0001030981463267832
0.9309544954495451	0.00010323692815157849
0.9310531553155316	0.00010337526170427622
0.9311518151815182	0.00010351314463723246
0.9312504750475049	0.00010365057460553717
0.9313491349134914	0.00010378754926697823
0.931447794779478	0.00010392406628213473
0.9315464546454647	0.00010406012331438272
0.9316451145114513	0.00010419571802987015
0.9317437743774378	0.00010433084809764598
0.9318424342434244	0.00010446551118957728
0.9319410941094111	0.00010459970498046653
0.9320397539753975	0.00010473342714800086
0.9321384138413842	0.0001048666753728039
0.9322370737073709	0.00010499944733851443
0.9323357335733575	0.00010513174073173194
0.932434393439344	0.00010526355324208497
0.9325330533053307	0.00010539488256224264
0.9326317131713172	0.00010552572638798485
0.9327303730373038	0.00010565608241812158
0.9328290329032903	0.00010578594835465548
0.932927692769277	0.0001059153219026883
0.9330263526352637	0.0001060442007705078
0.9331250125012501	0.00010617258266961022
0.9332236723672368	0.00010630046531473253
0.9333223322332235	0.00010642784642384482
0.9334209920992099	0.00010655472371816463
0.9335196519651966	0.00010668109492226587
0.9336183118311833	0.00010680695776400312
0.9337169716971698	0.00010693230997462035
0.9338156315631564	0.00010705714928870484
0.933914291429143	0.00010718147344426291
0.9340129512951296	0.00010730528018273497
0.9341116111611161	0.00010742856724898783
0.9342102710271027	0.00010755133239140679
0.9343089308930894	0.00010767357336183388
0.9344075907590761	0.00010779528791568852
0.9345062506250625	0.00010791647381187434
0.9346049104910492	0.00010803712881293534
0.9347035703570358	0.00010815725068500706
0.9348022302230223	0.00010827683719781229
0.9349008900890089	0.00010839588612478356
0.9349995499549956	0.0001085143952429802
0.9350982098209822	0.0001086323623332043
0.9351968696869687	0.00010874978517993568
0.9352955295529554	0.00010886666157146025
0.935394189418942	0.00010898298929982798
0.9354928492849287	0.00010909876616081835
0.9355915091509152	0.00010921398995414419
0.9356901690169018	0.00010932865848328935
0.9357888288828884	0.0001094427695556712
0.935887488748875	0.00010955632098254922
0.9359861486148615	0.00010966931057913006
0.9360848084808482	0.00010978173616458629
0.9361834683468349	0.00010989359556202949
0.9362821282128213	0.00011000488659860165
0.936380788078808	0.0001101156071054438
0.9364794479447947	0.00011022575491773378
0.9365781078107811	0.0001103353278747618
0.9366767676767678	0.0001104443238198355
0.9367754275427543	0.00011055274060046856
0.936874087408741	0.00011066057606826202
0.9369727472747275	0.00011076782807899793
0.9370714071407141	0.00011087449449262741
0.9371700670067008	0.00011098057317334926
0.9372687268726873	0.00011108606198958381
0.9373673867386739	0.00011119095881404599
0.9374660466046606	0.00011129526152365261
0.9375647064706473	0.00011139896799970464
0.9376633663366337	0.00011150207612782687
0.9377620262026204	0.0001116045837979735
0.937860686068607	0.00011170648890451173
0.9379593459345935	0.00011180778934618815
0.9380580058005801	0.00011190848302620265
0.9381566656665667	0.00011200856785217052
0.9382553255325534	0.00011210804173621846
0.9383539853985399	0.00011220690259495954
0.9384526452645265	0.00011230514834951593
0.9385513051305132	0.0001124027769255705
0.9386499649964997	0.00011249978625337596
0.9387486248624863	0.00011259617426779342
0.9388472847284729	0.00011269193890825169
0.9389459445944596	0.00011278707811887587
0.939044604460446	0.00011288158984840838
0.9391432643264327	0.00011297547205029555
0.9392419241924194	0.00011306872268269462
0.9393405840584058	0.00011316133970851514
0.9394392439243925	0.00011325332109537226
0.9395379037903792	0.00011334466481567593
0.9396365636563658	0.00011343536884668787
0.9397352235223523	0.00011352543117043038
0.939833883388339	0.00011361484977378189
0.9399325432543255	0.0001137036226485077
0.9400312031203121	0.00011379174779128065
0.9401298629862986	0.00011387922320367004
0.9402285228522853	0.00011396604689214628
0.940327182718272	0.00011405221686821219
0.9404258425842584	0.0001141377311482954
0.9405245024502451	0.00011422258775386146
0.9406231623162318	0.00011430678471137707
0.9407218221822182	0.00011439032005240142
0.9408204820482049	0.00011447319181351685
0.9409191419141915	0.0001145553980364123
0.9410178017801781	0.00011463693676792784
0.9411164616461646	0.00011471780606000092
0.9412151215121513	0.00011479800396978135
0.9413137813781379	0.00011487752855952668
0.9414124412441246	0.00011495637789678021
0.941511101110111	0.00011503455005424848
0.9416097609760977	0.0001151120431099125
0.9417084208420844	0.00011518885514705947
0.9418070807080708	0.0001152649842542227
0.9419057405740575	0.00011534042852526049
0.9420044004400441	0.00011541518605938054
0.9421030603060307	0.00011548925496115641
0.9422017201720172	0.00011556263334050924
0.9423003800380039	0.00011563531931277682
0.9423990399039905	0.00011570731099875311
0.942497699769977	0.00011577860652463277
0.9425963596359637	0.0001158492040221089
0.9426950195019503	0.0001159191016283215
0.9427936793679369	0.00011598829748597268
0.9428923392339235	0.00011605678974326121
0.94299099909991	0.00011612457655394711
0.9430896589658967	0.00011619165607735196
0.9431883188318831	0.00011625802647842099
0.9432869786978698	0.00011632368592767468
0.9433856385638565	0.00011638863260130257
0.9434842984298432	0.00011645286468114894
0.9435829582958296	0.0001165163803547041
0.9436816181618163	0.00011657917781519671
0.943780278027803	0.00011664125526155066
0.9438789378937894	0.0001167026108984535
0.9439775977597761	0.00011676324293632705
0.9440762576257626	0.0001168231495913871
0.9441749174917493	0.0001168823290856596
0.9442735773577358	0.00011694077964697196
0.9443722372237224	0.00011699849950901994
0.9444708970897091	0.00011705548691135466
0.9445695569556956	0.00011711174009939389
0.9446682168216822	0.00011716725732449511
0.9447668766876689	0.00011722203684389845
0.9448655365536556	0.00011727607692083567
0.944964196419642	0.00011732937582444353
0.9450628562856286	0.00011738193182993905
0.9451615161516153	0.00011743374321842319
0.9452601760176017	0.00011748480827711187
0.9453588358835884	0.00011753512529921856
0.945457495749575	0.00011758469258405526
0.9455561556155617	0.00011763350843699673
0.9456548154815482	0.00011768157116954585
0.9457534753475348	0.00011772887909928421
0.9458521352135215	0.00011777543054997739
0.945950795079508	0.00011782122385153094
0.9460494549454946	0.00011786625734004311
0.9461481148114812	0.00011791052935781918
0.9462467746774679	0.00011795403825338576
0.9463454345434543	0.00011799678238146776
0.946444094409441	0.00011803876010313206
0.9465427542754277	0.00011807996978563746
0.9466414141414141	0.00011812040980262367
0.9467400740074008	0.00011816007853393755
0.9468387338733875	0.00011819897436587434
0.9469373937393741	0.00011823709569102491
0.9470360536053606	0.00011827444090837589
0.9471347134713473	0.00011831100842328311
0.9472333733373338	0.00011834679664751656
0.9473320332033205	0.00011838180399929656
0.9474306930693069	0.00011841602890325442
0.9475293529352936	0.00011844946979056123
0.9476280128012803	0.00011848212509878664
0.9477266726672667	0.00011851399327204218
0.9478253325332534	0.00011854507276097792
0.9479239923992401	0.00011857536202276868
0.9480226522652266	0.00011860485952111825
0.9481213121312132	0.00011863356372637029
0.9482199719971998	0.00011866147311539575
0.9483186318631864	0.00011868858617171914
0.9484172917291729	0.00011871490138550316
0.9485159515951596	0.000118740417253513
0.9486146114611462	0.00011876513227921485
0.9487132713271329	0.0001187890449727457
0.9488119311931194	0.00011881215385097122
0.948910591059106	0.00011883445743744153
0.9490092509250927	0.00011885595426244101
0.9491079107910791	0.00011887664286303974
0.9492065706570658	0.00011889652178305523
0.9493052305230524	0.00011891558957310898
0.949403890389039	0.00011893384479060664
0.9495025502550255	0.00011895128599979562
0.9496012101210122	0.00011896791177177694
0.9496998699869988	0.00011898372068444562
0.9497985298529853	0.00011899871132266771
0.949897189718972	0.00011901288227811728
0.9499958495849586	0.00011902623214941828
0.9500945094509452	0.0001190387595420934
0.9501931693169318	0.00011905046306862778
0.9502918291829183	0.0001190613413484789
0.950390489048905	0.00011907139300803758
0.9504891489148914	0.0001190806166807194
0.9505878087808781	0.00011908901100694557
0.9506864686468648	0.000119096574634125
0.9507851285128515	0.00011910330621674521
0.9508837883788379	0.00011910920441635726
0.9509824482448246	0.00011911426790154874
0.9510811081108113	0.00011911849534801859
0.9511797679767977	0.00011912188543857633
0.9512784278427844	0.00011912443686311816
0.9513770877087709	0.00011912614831873643
0.9514757475747576	0.00011912701850960279
0.9515744074407441	0.00011912704614713337
0.9516730673067307	0.00011912622994985477
0.9517717271727174	0.00011912456864356445
0.9518703870387039	0.00011912206096121407
0.9519690469046905	0.0001191187056430235
0.9520677067706772	0.00011911450143643534
0.9521663666366638	0.00011910944709617173
0.9522650265026503	0.00011910354138422466
0.9523636863686369	0.00011909678306987187
0.9524623462346236	0.00011908917092970897
0.95256100610061	0.00011908070374763396
0.9526596659665967	0.00011907138031491613
0.9527583258325834	0.00011906119943014413
0.95285698569857	0.00011905015989926723
0.9529556455645565	0.00011903826053565447
0.9530543054305431	0.00011902550016002385
0.9531529652965298	0.0001190118776005682
0.9532516251625164	0.00011899739169281319
0.9533502850285029	0.00011898204127981138
0.9534489448944895	0.00011896582521201914
0.9535476047604762	0.00011894874234737061
0.9536462646264626	0.00011893079155128745
0.9537449244924493	0.00011891197169668413
0.953843584358436	0.00011889228166399165
0.9539422442244226	0.00011887172034113602
0.9540409040904091	0.00011885028662363042
0.9541395639563958	0.00011882797941450526
0.9542382238223823	0.000118804797624366
0.9543368836883689	0.00011878074017139974
0.9544355435543554	0.00011875580598136784
0.9545342034203421	0.00011872999398765761
0.9546328632863288	0.00011870330313127378
0.9547315231523152	0.00011867573236085906
0.9548301830183019	0.00011864728063267646
0.9549288428842886	0.00011861794691068191
0.955027502750275	0.00011858773016649345
0.9551261626162617	0.00011855662937939445
0.9552248224822484	0.00011852464353639776
0.9553234823482349	0.00011849177163219696
0.9554221422142215	0.0001184580126692358
0.9555208020802081	0.00011842336565769107
0.9556194619461947	0.00011838782961548208
0.9557181218121812	0.00011835140356828825
0.9558167816781679	0.00011831408654957677
0.9559154415441545	0.00011827587760058911
0.9560141014101412	0.00011823677577036305
0.9561127612761277	0.00011819678011576683
0.9562114211421143	0.00011815588970147112
0.9563100810081009	0.00011811410360001962
0.9564087408740874	0.00011807142089175637
0.956507400740074	0.0001180278406649208
0.9566060606060607	0.00011798336201562077
0.9567047204720474	0.00011793798404781705
0.9568033803380338	0.00011789170587341468
0.9569020402040205	0.00011784452661218513
0.9570007000700071	0.00011779644539183957
0.9570993599359936	0.00011774746134802982
0.9571980198019803	0.00011769757362431063
0.9572966796679669	0.00011764678137223778
0.9573953395339535	0.00011759508375130158
0.9574939993999401	0.00011754247992897373
0.9575926592659266	0.00011748896908071128
0.9576913191319133	0.00011743455038997084
0.9577899789978997	0.0001173792230482119
0.9578886388638864	0.00011732298625495185
0.9579872987298731	0.0001172658392176652
0.9580859585958598	0.00011720778115196563
0.9581846184618462	0.00011714881128141493
0.9582832783278329	0.00011708892883770319
0.9583819381938194	0.00011702813306057107
0.958480598059806	0.00011696642319783869
0.9585792579257926	0.00011690379850545517
0.9586779177917792	0.0001168402582474126
0.9587765776577659	0.00011677580169587203
0.9588752375237524	0.00011671042813110617
0.958973897389739	0.00011664413684148025
0.9590725572557257	0.00011657692712353688
0.9591712171217124	0.00011650879828198419
0.9592698769876988	0.00011643974962968057
0.9593685368536855	0.0001163697804876425
0.9594671967196721	0.00011629889018508876
0.9595658565856586	0.00011622707805942104
0.9596645164516452	0.00011615434345624531
0.9597631763176319	0.00011608068572936081
0.9598618361836185	0.00011600610424082958
0.959960496049605	0.00011593059836090718
0.9600591559155917	0.00011585416746806277
0.9601578157815783	0.00011577681094909273
0.9602564756475648	0.00011569852819896813
0.9603551355135515	0.00011561931862097931
0.960453795379538	0.00011553918162663377
0.9605524552455247	0.00011545811663579249
0.9606511151115111	0.00011537612307654471
0.9607497749774978	0.00011529320038530096
0.9608484348434845	0.00011520934800680594
0.9609470947094709	0.00011512456539409056
0.9610457545754576	0.00011503885200849494
0.9611444144414443	0.00011495220731972338
0.961243074307431	0.00011486463080581105
0.9613417341734174	0.00011477612195313547
0.9614403940394041	0.00011468668025643211
0.9615390539053906	0.00011459630521879793
0.9616377137713772	0.00011450499635170626
0.9617363736373638	0.0001144127531749997
0.9618350335033504	0.0001143195752169465
0.9619336933693371	0.00011422546201415301
0.9620323532353235	0.00011413041311164504
0.9621310131013102	0.00011403442806287334
0.9622296729672969	0.00011393750642971033
0.9623283328332833	0.00011383964778241302
0.96242699269927	0.00011374085169970784
0.9625256525652566	0.0001136411177687384
0.9626243124312432	0.00011354044558511286
0.9627229722972297	0.00011343883475285857
0.9628216321632164	0.00011333628488446311
0.962920292029203	0.00011323279560092337
0.9630189518951895	0.00011312836653167165
0.9631176117611762	0.000113022997314607
0.9632162716271628	0.0001129166875961255
0.9633149314931495	0.00011280943703113564
0.963413591359136	0.00011270124528299985
0.9635122512251226	0.00011259211202362006
0.9636109110911092	0.00011248203693336401
0.9637095709570958	0.00011237101970118111
0.9638082308230823	0.0001122590600244582
0.963906890689069	0.00011214615760919002
0.9640055505550557	0.0001120323121698234
0.9641042104210421	0.00011191752342939669
0.9642028702870288	0.00011180179111948348
0.9643015301530155	0.00011168511498018908
0.9644001900190019	0.00011156749476018647
0.9644988498849886	0.00011144893021669979
0.9645975097509752	0.00011132942111550875
0.9646961696169618	0.00011120896723097848
0.9647948294829484	0.00011108756834604883
0.9648934893489349	0.00011096522425223678
0.9649921492149216	0.00011084193474960788
0.9650908090809083	0.00011071769964685979
0.9651894689468947	0.0001105925187612831
0.9652881288128814	0.00011046639191872402
0.9653867886788681	0.0001103393189536979
0.9654854485448545	0.00011021129970924857
0.9655841084108412	0.00011008233403710034
0.9656827682768278	0.00010995242179753743
0.9657814281428144	0.00010982156285951555
0.9658800880088009	0.00010968975710056772
0.9659787478747875	0.00010955700440686411
0.9660774077407742	0.00010942330467321187
0.9661760676067607	0.00010928865780309723
0.9662747274727473	0.0001091530637085633
0.966373387338734	0.00010901652231035389
0.9664720472047207	0.00010887903353781465
0.9665707070707071	0.0001087405973289973
0.9666693669366938	0.00010860121363056503
0.9667680268026804	0.00010846088239783212
0.9668666866686669	0.00010831960359480327
0.9669653465346535	0.00010817737719412709
0.9670640064006402	0.00010803420317710859
0.9671626662666268	0.00010789008153375128
0.9672613261326133	0.00010774501226266332
0.9673599859986	0.00010759899537124635
0.9674586458645866	0.00010745203087544028
0.9675573057305731	0.00010730411879995397
0.9676559655965598	0.00010715525917815241
0.9677546254625463	0.00010700545205207128
0.967853285328533	0.00010685469747246053
0.9679519451945194	0.00010670299549871766
0.9680506050605061	0.0001065503461989938
0.9681492649264928	0.00010639674965007122
0.9682479247924792	0.00010624220593743763
0.9683465846584659	0.00010608671515532424
0.9684452445244526	0.00010593027740659243
0.9685439043904392	0.00010577289280283995
0.9686425642564257	0.00010561456146439674
0.9687412241224124	0.00010545528352022513
0.9688398839883989	0.00010529505910803893
0.9689385438543855	0.00010513388837426465
0.969037203720372	0.00010497177147398216
0.9691358635863587	0.00010480870857105142
0.9692345234523454	0.00010464469983798461
0.9693331833183318	0.00010447974545604588
0.9694318431843185	0.00010431384561517704
0.9695305030503052	0.00010414700051403896
0.9696291629162916	0.00010397921036002537
0.9697278227822783	0.00010381047536922488
0.9698264826482649	0.00010364079576645957
0.9699251425142515	0.00010347017178523604
0.970023802380238	0.00010329860366778195
0.9701224622462247	0.0001031260916650764
0.9702211221122113	0.00010295263603677281
0.9703197819781978	0.00010277823705126716
0.9704184418441845	0.00010260289498565657
0.9705171017101711	0.00010242661012574162
0.9706157615761578	0.00010224938276607288
0.9707144214421443	0.00010207121320988758
0.9708130813081309	0.00010189210176914891
0.9709117411741175	0.00010171204876453449
0.9710104010401042	0.0001015310545254343
0.9711090609060906	0.000101349119389939
0.9712077207720773	0.00010116624370489536
0.971306380638064	0.00010098242782580841
0.9714050405040504	0.0001007976721169302
0.9715037003700371	0.00010061197695120985
0.9716023602360238	0.00010042534271030557
0.9717010201020103	0.00010023776978458877
0.9717996799679969	0.00010004925857313265
0.9718983398339834	9.985980948373081e-05
0.9719969996999701	9.966942293286356e-05
0.9720956595659566	9.94780993457107e-05
0.9721943194319432	9.928583915617526e-05
0.9722929792979299	9.909264280684836e-05
0.9723916391639166	9.889851074900728e-05
0.972490299029903	9.870344344268326e-05
0.9725889588958897	9.850744135650279e-05
0.9726876187618764	9.831050496786761e-05
0.9727862786278628	9.811263476283675e-05
0.9728849384938495	9.79138312361659e-05
0.972983598359836	9.771409489130969e-05
0.9730822582258227	9.751342624034865e-05
0.9731809180918092	9.731182580413278e-05
0.9732795779577958	9.71092941121492e-05
0.9733782378237825	9.690583170252794e-05
0.973476897689769	9.670143912213713e-05
0.9735755575557556	9.649611692644732e-05
0.9736742174217423	9.628986567968618e-05
0.9737728772877289	9.608268595462846e-05
0.9738715371537154	9.58745783328454e-05
0.973970197019702	9.566554340444678e-05
0.9740688568856887	9.545558176827979e-05
0.9741675167516751	9.524469403179594e-05
0.9742661766176618	9.50328808111584e-05
0.9743648364836485	9.482014273110965e-05
0.9744634963496351	9.460648042503319e-05
0.9745621562156216	9.439189453503534e-05
0.9746608160816083	9.417638571177239e-05
0.9747594759475949	9.395995461455436e-05
0.9748581358135814	9.37426019113609e-05
0.9749567956795681	9.352432827871928e-05
0.9750554555455546	9.330513440184515e-05
0.9751541154115413	9.308502097453264e-05
0.9752527752775277	9.286398869921642e-05
0.9753514351435144	9.264203828689016e-05
0.9754500950095011	9.241917045722383e-05
0.9755487548754875	9.219538593839965e-05
0.9756474147414742	9.19706854672562e-05
0.9757460746074609	9.174506978922199e-05
0.9758447344734474	9.151853965825031e-05
0.975943394339434	9.129109583694183e-05
0.9760420542054206	9.106273909642935e-05
0.9761407140714072	9.08334702164599e-05
0.9762393739373937	9.060328998528444e-05
0.9763380338033804	9.037219919975787e-05
0.976436693669367	9.014019866527454e-05
0.9765353535353537	8.990728919578932e-05
0.9766340134013402	8.967347161379369e-05
0.9767326732673268	8.943874675028321e-05
0.9768313331333135	8.92031154448512e-05
0.9769299929993001	8.896657854558979e-05
0.9770286528652866	8.872913690909728e-05
0.9771273127312732	8.849079140051119e-05
0.9772259725972599	8.825154289343407e-05
0.9773246324632463	8.801139227002315e-05
0.977423292329233	8.777034042093429e-05
0.9775219521952196	8.752838824527006e-05
0.9776206120612063	8.72855366506332e-05
0.9777192719271928	8.704178655316031e-05
0.9778179317931794	8.679713887736243e-05
0.977916591659166	8.655159455631402e-05
0.9780152515251526	8.630515453147393e-05
0.9781139113911391	8.605781975279461e-05
0.9782125712571258	8.580959117866013e-05
0.9783112311231125	8.556046977588333e-05
0.9784098909890989	8.531045651978298e-05
0.9785085508550856	8.505955239395312e-05
0.9786072107210723	8.480775839056378e-05
0.9787058705870587	8.45550755101148e-05
0.9788045304530454	8.430150476150095e-05
0.9789031903190321	8.404704716206258e-05
0.9790018501850186	8.379170373747149e-05
0.9791005100510052	8.353547552183307e-05
0.9791991699169917	8.327836355761165e-05
0.9792978297829784	8.302036889561742e-05
0.9793964896489649	8.276149259502414e-05
0.9794951495149515	8.250173572336899e-05
0.9795938093809382	8.224109935654768e-05
0.9796924692469249	8.197958457875159e-05
0.9797911291129113	8.171719248252593e-05
0.979889788978898	8.145392416870273e-05
0.9799884488448846	8.118978074648089e-05
0.9800871087108711	8.092476333330271e-05
0.9801857685768577	8.065887305493495e-05
0.9802844284428444	8.039211104543248e-05
0.980383088308831	8.012447844710441e-05
0.9804817481748175	7.985597641055431e-05
0.9805804080408042	7.958660609459832e-05
0.9806790679067908	7.9316368666374e-05
0.9807777277727773	7.90452653012198e-05
0.980876387638764	7.8773297182668e-05
0.9809750475047506	7.85004655025512e-05
0.9810737073707372	7.822677146087682e-05
0.9811723672367237	7.795221626585432e-05
0.9812710271027103	7.767680113387732e-05
0.981369686968697	7.74005272895467e-05
0.9814683468346834	7.712339596566129e-05
0.9815670067006701	7.684540840313737e-05
0.9816656665666568	7.656656585108223e-05
0.9817643264326434	7.628686956674105e-05
0.9818629862986299	7.600632081547675e-05
0.9819616461646166	7.572492087083416e-05
0.9820603060306032	7.544267101442207e-05
0.9821589658965897	7.515957253597821e-05
0.9822576257625764	7.487562673334453e-05
0.9823562856285629	7.459083491244058e-05
0.9824549454945496	7.430519838727845e-05
0.982553605360536	7.401871847991832e-05
0.9826522652265227	7.373139652048824e-05
0.9827509250925094	7.3443233847152e-05
0.9828495849584961	7.315423180611438e-05
0.9829482448244825	7.28643917516362e-05
0.9830469046904692	7.257371504593448e-05
0.9831455645564557	7.228220305926933e-05
0.9832442244224423	7.198985716988545e-05
0.9833428842884289	7.169667876400161e-05
0.9834415441544155	7.140266923581431e-05
0.9835402040204022	7.11078299874854e-05
0.9836388638863887	7.081216242911895e-05
0.9837375237523753	7.051566797872944e-05
0.983836183618362	7.021834806230493e-05
0.9839348434843485	6.992020411371342e-05
0.9840335033503351	6.96212375747336e-05
0.9841321632163218	6.932144989506273e-05
0.9842308230823084	6.902084253221877e-05
0.9843294829482949	6.871941695164344e-05
0.9844281428142815	6.841717462658245e-05
0.9845268026802682	6.811411703818095e-05
0.9846254625462546	6.781024567538916e-05
0.9847241224122413	6.750556203494934e-05
0.984822782278228	6.720006762146963e-05
0.9849214421442146	6.689376394731232e-05
0.9850201020102011	6.658665253260398e-05
0.9851187618761877	6.627873490529618e-05
0.9852174217421743	6.597001260109425e-05
0.9853160816081609	6.566048716337125e-05
0.9854147414741474	6.535016014333073e-05
0.9855134013401341	6.50390330998366e-05
0.9856120612061208	6.47271075994952e-05
0.9857107210721072	6.441438521655783e-05
0.9858093809380939	6.410086753302156e-05
0.9859080408040806	6.378655613851031e-05
0.986006700670067	6.34714526303031e-05
0.9861053605360537	6.315555861335046e-05
0.9862040204020404	6.283887570020164e-05
0.9863026802680269	6.25214055110505e-05
0.9864013401340135	6.220314967365916e-05
0.9865	6.188410982339772e-05
