5.067730717679396e-10	1.	1.
0.010000000000000012	0.999814187518831	0.9998015841384841
0.01414213562373096	0.9996284046815134	0.9996032016391053
0.01732050807568878	0.9994426514837705	0.9994048524968253
0.020000000000000007	0.9992569279213265	0.9992065367066066
0.0223606797749979	0.9990712339899062	0.9990082542634129
0.024494897427831785	0.9988855696852342	0.9988100051622082
0.02645751311064591	0.9986999350030369	0.9986117893979566
0.028284271247461905	0.9985143299390408	0.9984136069656241
0.030000000000000002	0.9983287544889723	0.9982154578601767
0.0316227766016838	0.9981432086485589	0.998017342076581
0.033166247903554005	0.9979576924135295	0.997819259609805
0.034641016151377546	0.9977722057796118	0.9976212104548163
0.0360555127546399	0.9975867487425356	0.9974231946065845
0.03741657386773942	0.997401321298031	0.9972252120600791
0.03872983346207417	0.9972159234418279	0.9970272628102702
0.04	0.9970305551696572	0.9968293468521288
0.04123105625617661	0.9968452164772509	0.9966314641806272
0.042426406871192854	0.9966599073603408	0.9964336147907374
0.04358898943540674	0.9964746278146599	0.9962357986774328
0.0447213595499958	0.9962893778359412	0.9960380158356874
0.045825756949558406	0.9961041574199184	0.9958402662604754
0.046904157598234304	0.9959189665623267	0.9956425499467724
0.0479583152331272	0.9957338052589005	0.9954448668895546
0.048989794855663564	0.995548673505375	0.9952472170837979
0.05	0.9953635712974869	0.9950496005244805
0.050990195135927854	0.9951784986309731	0.9948520172065805
0.051961524227066326	0.9949934555015706	0.9946544671250764
0.052915026221291815	0.9948084419050169	0.9944569502749478
0.05385164807134504	0.9946234578370512	0.9942594666511753
0.05477225575051661	0.994438503293412	0.9940620162487392
0.05567764362830022	0.994253578269839	0.9938645990626213
0.0565685424949238	0.9940686827620725	0.9936672150878045
0.05744562646538028	0.993883816765853	0.993469864319271
0.05830951894845301	0.993698980276922	0.9932725467520054
0.05916079783099616	0.9935141732910215	0.9930752623809916
0.06	0.9933293958038939	0.9928780112012151
0.0608276253029822	0.9931446478112819	0.9926807932076613
0.061644140029689765	0.9929599293089294	0.9924836083953171
0.06244997998398399	0.9927752402925804	0.9922864567591699
0.06324555320336758	0.9925905807579799	0.9920893382942075
0.06403124237432849	0.992405950700873	0.9918922529954185
0.0648074069840786	0.9922213501170056	0.9916952008577924
0.06557438524302	0.9920367790021245	0.9914981818763194
0.066332495807108	0.9918522373519764	0.9913011960459897
0.0670820393249937	0.9916677251623087	0.9911042433617954
0.06782329983125268	0.9914832424288703	0.990907323818729
0.06855654600401044	0.9912987891474092	0.9907104374117823
0.06928203230275509	0.9911143653136755	0.9905135841359497
0.06999999999999999	0.9909299709234186	0.9903167639862255
0.07071067811865475	0.9907456059723889	0.9901199769576043
0.07141428428542851	0.9905612704563376	0.9899232230450823
0.07211102550927978	0.9903769643710166	0.9897265022436557
0.07280109889280519	0.9901926877121773	0.9895298145483213
0.07348469228349534	0.9900084404755733	0.9893331599540772
0.07416198487095663	0.9898242226569579	0.9891365384559219
0.07483314773547883	0.9896400342520844	0.9889399500488547
0.0754983443527075	0.9894558752567074	0.9887433947278752
0.07615773105863909	0.9892717456665829	0.9885468724879846
0.07681145747868609	0.9890876454774654	0.9883503833241833
0.07745966692414834	0.9889035746851114	0.9881539272314744
0.07810249675906654	0.9887195332852778	0.9879575042048598
0.07874007874011811	0.9885355212737218	0.9877611142393432
0.07937253933193772	0.9883515386462015	0.9875647573299291
0.08	0.9881675853984754	0.9873684334716221
0.0806225774829855	0.9879836615263025	0.9871721426594271
0.0812403840463596	0.9877997670254418	0.9869758848883509
0.0818535277187245	0.9876159018916547	0.9867796601534007
0.08246211251235322	0.987432066120701	0.9865834684495837
0.08306623862918075	0.9872482597083423	0.9863873097719084
0.08366600265340757	0.9870644826503407	0.9861911841153838
0.08426149773176358	0.9868807349424585	0.9859950914750194
0.08485281374238571	0.9866970165804586	0.9857990318458258
0.08544003745317531	0.986513327560105	0.9856030052228144
0.08602325267042626	0.9863296678771616	0.9854070116009969
0.08660254037844387	0.9861460375273933	0.9852110509753854
0.08717797887081347	0.9859624365065656	0.9850151233409938
0.08774964387392122	0.9857788648104439	0.9848192286928356
0.08831760866327847	0.9855953224347948	0.9846233670259256
0.0888819441731559	0.9854118093753859	0.9844275383352792
0.08944271909999159	0.985228325627984	0.984231742615912
0.09	0.9850448711883575	0.9840359798628411
0.09055385138137416	0.984861446052276	0.9838402500710842
0.09110433579144299	0.9846780502155076	0.9836445532356588
0.0916515138991168	0.984494683673823	0.9834488893515843
0.09219544457292887	0.9843113464229923	0.9832532584138799
0.09273618495495704	0.9841280384587867	0.9830576604175658
0.09327379053088816	0.9839447597769775	0.9828620953576631
0.0938083151964686	0.9837615103733373	0.9826665632291935
0.09433981132056604	0.9835782902436383	0.982471064027179
0.09486832980505137	0.9833950993836543	0.9822755977466431
0.09539392014169457	0.9832119377891592	0.982080164382609
0.09591663046625439	0.9830288054559271	0.9818847639301016
0.09643650760992954	0.982845702379733	0.9816893963841455
0.09695359714832658	0.9826626285563529	0.9814940617397672
0.09746794344808964	0.9824795839815625	0.9812987599919922
0.09797958971132713	0.982296568651139	0.9811034911358489
0.09848857801796104	0.9821135825608592	0.9809082551663645
0.09899494936611665	0.981930625706501	0.9807130520785678
0.099498743710662	0.9817476980838431	0.9805178818674879
0.1	0.9815647996886647	0.9803227445281554
0.1004987562112089	0.9813819305167448	0.9801276400556
0.10099504938362078	0.9811990905638636	0.9799325684448541
0.10148891565092219	0.9810162798258023	0.9797375296909495
0.1019803902718557	0.9808334982983418	0.9795425237889184
0.10246950765959599	0.980650745977264	0.9793475507337952
0.10295630140987	0.9804680228583509	0.9791526105206133
0.10344080432788601	0.9802853289373862	0.9789577031444083
0.10392304845413264	0.9801026642101531	0.9787628286002156
0.1044030650891055	0.9799200286724359	0.9785679868830709
0.10488088481701516	0.9797374223200187	0.9783731779880115
0.10535653752852739	0.9795548451486874	0.9781784019100757
0.10583005244258362	0.9793722971542274	0.9779836586443013
0.1063014581273465	0.9791897783324253	0.9777889481857271
0.1067707825203131	0.9790072886790682	0.9775942705293933
0.10723805294763608	0.9788248281899431	0.9773996256703406
0.10770329614269009	0.9786423968608384	0.9772050136036093
0.10816653826391968	0.9784599946875429	0.9770104343242422
0.10862780491200216	0.9782776216658454	0.9768158878272812
0.10908712114635714	0.9780952777915364	0.9766213741077697
0.10954451150103323	0.9779129630604055	0.976426893160752
0.11	0.9777306774682437	0.9762324449812723
0.11045361017187261	0.9775484210108428	0.9760380295643762
0.11090536506409417	0.9773661936839951	0.9758436469051096
0.11135528725660043	0.9771839954834926	0.9756492969985191
0.11180339887498948	0.9770018264051284	0.9754549798396523
0.11224972160321824	0.9768196864446971	0.9752606954235575
0.11269427669584645	0.9766375755979924	0.9750664437452832
0.1131370849898476	0.9764554938608091	0.9748722247998787
0.11357816691600547	0.9762734412289432	0.9746780385823947
0.11401754250991379	0.9760914176981903	0.9744838850878822
0.11445523142259598	0.9759094232643467	0.9742897643113921
0.11489125293076057	0.9757274579232106	0.9740956762479774
0.11532562594670795	0.9755455216705784	0.9739016208926906
0.11575836902790225	0.9753636145022495	0.9737075982405855
0.1161895003862225	0.975181736414022	0.9735136082867167
0.11661903789690602	0.9749998874016955	0.973319651026139
0.11704699910719626	0.9748180674610701	0.9731257264539082
0.1174734012447073	0.9746362765879466	0.9729318345650809
0.11789826122551596	0.9744545147781257	0.972737975354714
0.11832159566199232	0.9742727820274092	0.9725441488178656
0.11874342087037917	0.9740910783315995	0.9723503549495942
0.11916375287812986	0.9739094036864989	0.9721565937449588
0.11958260743101397	0.9737277580879112	0.9719628651990195
0.12	0.9735461415316405	0.971769169306837
0.12041594578792296	0.9733645540134913	0.9715755060634723
0.12083045973594572	0.973182995529268	0.9713818754639879
0.12124355652982141	0.9730014660747771	0.971188277503446
0.1216552506059644	0.9728199656458242	0.97099471217691
0.12206555615733702	0.9726384942382162	0.9708011794794447
0.12247448713915891	0.9724570518477605	0.9706076794061141
0.12288205727444507	0.9722756384702651	0.9704142119519839
0.12328828005937953	0.9720942541015385	0.9702207771121204
0.12369316876852982	0.9719128987373894	0.9700273748815902
0.12409673645990855	0.9717315723736277	0.9698340052554614
0.12449899597988733	0.9715502750060632	0.9696406682288015
0.12489995996796797	0.9713690066305072	0.96944736379668
0.12529964086141668	0.9711877672427704	0.969254091954166
0.12569805089976535	0.9710065568386649	0.9690608526963301
0.12609520212918493	0.9708253754140033	0.9688676460182439
0.12649110640673517	0.9706442229645982	0.9686744719149782
0.1268857754044952	0.9704630994862634	0.9684813303816057
0.12727922061357855	0.9702820049748131	0.9682882214131999
0.12767145334803706	0.9701009394260616	0.9680951450048338
0.12806248474865697	0.9699199028358244	0.9679021011515823
0.1284523257866513	0.9697388951999172	0.9677090898485211
0.12884098726725127	0.9695579165141565	0.9675161110907247
0.12922847983320085	0.9693769667743587	0.9673231648732709
0.1296148139681572	0.9691960459763422	0.9671302511912366
0.13	0.9690151541159246	0.9669373700396995
0.130384048104053	0.9688342911889244	0.9667445214137382
0.1307669683062202	0.9686534571911608	0.9665517053084325
0.13114877048604	0.9684726521184536	0.9663589217188617
0.13152946437965904	0.9682918759666231	0.9661661706401073
0.1319090595827292	0.9681111287314901	0.9659734520672498
0.1322875655532295	0.9679304104088761	0.965780765995372
0.132664991614216	0.9677497209946032	0.9655881124195563
0.13304134695650072	0.9675690604844941	0.9653954913348863
0.13341664064126332	0.9673884288743712	0.965202902736446
0.13379088160259653	0.9672078261600592	0.9650103466193206
0.1341640786499874	0.9670272523373815	0.964817822978595
0.13453624047073712	0.9668467074021633	0.964625331809356
0.13490737563232041	0.9666661913502298	0.9644328731066903
0.13527749258468683	0.9664857041774072	0.9642404468656856
0.13564659966250536	0.9663052458795218	0.9640480530814299
0.13601470508735444	0.9661248164524008	0.9638556917490124
0.13638181696985854	0.9659444158918719	0.9636633628635228
0.13674794331177342	0.9657640441937626	0.9634710664200513
0.13711309200802088	0.9655837013539026	0.9632788024136894
0.1374772708486752	0.9654033873681205	0.9630865708395282
0.13784048752090222	0.9652231022322464	0.9628943716926603
0.13820274961085252	0.9650428459421111	0.9627022049681794
0.13856406460551018	0.9648626184935449	0.9625100706611784
0.13892443989449804	0.9646824198823798	0.9623179687667525
0.1392838827718412	0.9645022501044481	0.9621258992799967
0.1396424004376894	0.9643221091555818	0.9619338621960066
0.13999999999999999	0.9641419970316151	0.9617418575098788
0.140356688476182	0.9639619137283808	0.9615498852167111
0.1407124727947029	0.963781859241714	0.9613579453116009
0.14106735979665885	0.9636018335674494	0.9611660377896468
0.1414213562373095	0.9634218367014223	0.9609741626459489
0.14177446878757824	0.963241868639469	0.9607823198756061
0.14212670403551894	0.9630619293774259	0.9605905094737197
0.14247806848775008	0.9628820189111303	0.9603987314353911
0.14282856857085702	0.96270213723642	0.9602069857557223
0.14317821063276354	0.9625222843491333	0.9600152724298159
0.14352700094407325	0.962342460245109	0.9598235914527755
0.14387494569938158	0.9621626649201865	0.9596319428197053
0.14422205101855956	0.9619828983702056	0.9594403265257099
0.14456832294800961	0.9618031605910069	0.9592487425658951
0.14491376746189438	0.9616234515784315	0.9590571909353669
0.1452583904633395	0.9614437713283216	0.9588656716292322
0.14560219778561037	0.9612641198365188	0.9586741846425989
0.14594519519326424	0.9610844970988659	0.9584827299705744
0.14628738838327796	0.9609049031112066	0.9582913076082685
0.14662878298615178	0.9607253378693845	0.9580999175507908
0.14696938456699069	0.9605458013692441	0.9579085597932511
0.14730919862656236	0.9603662936066305	0.9577172343307605
0.147648230602334	0.9601868145773893	0.9575259411584313
0.14798648586948743	0.9600073642773664	0.9573346802713754
0.14832396974191325	0.9598279427024088	0.9571434516647056
0.14866068747318506	0.9596485498483639	0.9569522553335363
0.1489966442575134	0.9594691857110791	0.9567610912729815
0.1493318452306808	0.9592898502864029	0.9565699594781566
0.14966629547095767	0.9591105435701845	0.9563788599441773
0.15000000000000002	0.9589312655582729	0.9561877926661598
0.15033296378372907	0.9587520162465186	0.9559967576392218
0.15066519173319365	0.958572795630772	0.9558057548584812
0.150996688705415	0.9583936037068845	0.955614784319056
0.15132745950421556	0.9582144404707075	0.9554238460160658
0.15165750888103102	0.9580353059180938	0.9552329399446303
0.15198684153570663	0.9578562000448955	0.9550420660998706
0.15231546211727817	0.9576771228469667	0.9548512244769077
0.15264337522473748	0.9574980743201611	0.9546604150708636
0.15297058540778355	0.957319054460333	0.9544696378768607
0.1532970971675589	0.9571400632633381	0.9542788928900229
0.15362291495737218	0.9569611007250318	0.9540881801054741
0.15394804318340652	0.9567821668412697	0.9538974995183387
0.15427248620541514	0.9566032616079094	0.9537068511237421
0.15459624833740307	0.9564243850208077	0.953516234916811
0.15491933384829668	0.9562455370758228	0.9533256508926717
0.15524174696260024	0.9560667177688129	0.9531350990464519
0.15556349186104046	0.9558879270956374	0.9529445793732795
0.15588457268119896	0.9557091650521554	0.9527540918682835
0.15620499351813308	0.9555304316342272	0.9525636365265937
0.15652475842498528	0.9553517268377136	0.9523732133433396
0.15684387141358122	0.9551730506584756	0.9521828223136527
0.15716233645501712	0.9549944030923749	0.9519924634326644
0.15748015748023622	0.9548157841352742	0.9518021366955068
0.157797338380595	0.9546371937830362	0.9516118420973131
0.15811388300841897	0.9544586320315245	0.9514215796332169
0.1584297951775486	0.9542800988766029	0.9512313492983523
0.15874507866387544	0.9541015943141362	0.9510411510878545
0.15905973720586866	0.9539231183399894	0.9508509849968592
0.15937377450509227	0.9537446709500284	0.9506608510205024
0.15968719422671313	0.953566252140119	0.9504707491539217
0.16	0.9533878619061286	0.9502806793922546
0.16031219541881397	0.953209500243924	0.9500906417306394
0.16062378404209013	0.9530311671493739	0.9499006361642149
0.1609347693943108	0.9528528626183461	0.9497106626881219
0.161245154965971	0.9526745866467093	0.9495207212974996
0.16155494421403513	0.9524963392303339	0.9493308119874901
0.16186414056238646	0.9523181203650902	0.9491409347532351
0.16217274740226856	0.9521399300468479	0.9489510895898767
0.1624807680927192	0.9519617682714792	0.9487612764925583
0.16278820596099705	0.9517836350348555	0.9485714954564236
0.16309506430300091	0.951605530332849	0.9483817464766175
0.16340134638368192	0.9514274541613331	0.9481920295482851
0.163707055437449	0.9512494065161811	0.9480023446665725
0.16401219466856726	0.9510713873932668	0.947812691826626
0.16431676725154984	0.9508933967884654	0.9476230710235928
0.1646207763315433	0.9507154346976513	0.9474334822526215
0.16492422502470644	0.9505375011167008	0.9472439255088599
0.16522711641858306	0.9503595960414899	0.947054400787458
0.1655294535724685	0.9501817194678956	0.9468649080835654
0.16583123951776998	0.9500038713917951	0.9466754473923332
0.1661324772583615	0.9498260518090663	0.9464860187089127
0.16643316977093237	0.9496482607155882	0.9462966220284557
0.16673332000533067	0.949470498107239	0.9461072573461151
0.16703293088490065	0.949292763979899	0.945917924657044
0.16733200530681513	0.9491150583294486	0.9457286239563973
0.1676305461424021	0.9489373811517674	0.9455393552393289
0.16792855623746664	0.9487597324427378	0.945350118500995
0.16822603841260722	0.948582112198241	0.9451609137365512
0.16852299546352717	0.9484045204141598	0.9449717409411545
0.16881943016134132	0.9482269570863765	0.9447826001099627
0.1691153452528776	0.9480494222107754	0.9445934912381339
0.16941074346097415	0.9478719157832397	0.9444044143208264
0.16970562748477142	0.9476944377996547	0.9442153693532002
0.17	0.9475169882559054	0.9440263563304161
0.17029386365926402	0.9473395671478775	0.943837375247634
0.1705872210923198	0.947162174471457	0.9436484261000158
0.17088007490635063	0.9469848102225313	0.9434595088827242
0.1711724276862369	0.946807474396987	0.9432706235909216
0.17146428199482247	0.9466301669907128	0.943081770219772
0.1717556403731767	0.9464528879995965	0.9428929487644397
0.17204650534085253	0.9462756374195278	0.9427041592200895
0.17233687939614084	0.9460984152463957	0.9425154015818873
0.17262676501632068	0.9459212214760911	0.9423266758449994
0.17291616465790582	0.9457440561045036	0.9421379820045924
0.17320508075688773	0.9455669191275256	0.9419493200558346
0.17349351572897473	0.9453898105410484	0.9417606899938945
0.17378147196982766	0.9452127303409643	0.9415720918139403
0.17406895185529211	0.9450356785231662	0.9413835255111426
0.17435595774162693	0.944858655083548	0.9411949910806714
0.1746424919657298	0.9446816600180032	0.9410064885176982
0.17492855684535902	0.9445046933224266	0.9408180178173942
0.1752141546793523	0.9443277549927137	0.9406295789749324
0.17549928774784243	0.9441508450247597	0.9404411719854854
0.17578395831246946	0.9439739634144608	0.9402527968442276
0.17606816861659008	0.9437971101577141	0.9400644535463335
0.176351920885484	0.9436202852504169	0.9398761420869778
0.17663521732655693	0.9434434886884673	0.9396878624613366
0.17691806012954134	0.9432667204677629	0.9394996146645865
0.1772004514666935	0.9430899805842038	0.9393113986919044
0.17748239349298847	0.942913269033689	0.9391232145384689
0.1777638883463118	0.9427365858121188	0.938935062199458
0.17804493814764857	0.9425599309153935	0.9387469416700507
0.1783255450012701	0.942383304339415	0.9385588529454275
0.1786057109949175	0.9422067060800845	0.9383707960207688
0.17888543819998318	0.9420301361333044	0.938182770891256
0.17916472867168917	0.941853594494978	0.9379947775520711
0.17944358444926362	0.9416770811610081	0.9378068159983962
0.17972200755611428	0.9415005961272992	0.9376188862254151
0.18	0.941324139389756	0.9374309882283118
0.18027756377319948	0.9411477109442828	0.937243122002271
0.18055470085267789	0.9409713107867858	0.9370552875424776
0.18083141320025126	0.9407949389131715	0.9368674848441183
0.18110770276274832	0.9406185953193459	0.936679713902379
0.18138357147217055	0.9404422800012169	0.9364919747124477
0.1816590212458495	0.9402659929546918	0.9363042672695124
0.18193405398660253	0.9400897341756796	0.9361165915687617
0.18220867158288598	0.939913503660089	0.9359289476053848
0.1824828759089466	0.9397373014038295	0.9357413353745723
0.18275666882497066	0.939561127402811	0.9355537548715143
0.18303005217723128	0.9393849816529444	0.9353662060914028
0.1833030277982336	0.9392088641501407	0.9351786890294298
0.1835755975068582	0.9390327748903116	0.9349912036807877
0.18384776310850237	0.9388567138693696	0.9348037500406703
0.1841195263952197	0.9386806810832276	0.9346163281042721
0.18439088914585774	0.938504676527798	0.9344289378667869
0.18466185312619388	0.938328700198996	0.9342415793234111
0.1849324200890693	0.9381527520927354	0.9340542524693408
0.18520259177452136	0.937976832204931	0.9338669572997723
0.1854723699099141	0.9378009405314993	0.9336796938099037
0.18574175621006708	0.9376250770683556	0.933492461994933
0.18601075237738274	0.9374492418114168	0.9333052618500587
0.18627936010197158	0.9372734347566003	0.9331180933704806
0.18654758106177632	0.9370976558998236	0.9329309565513993
0.18681541692269404	0.9369219052370052	0.9327438513880151
0.18708286933869706	0.936746182764064	0.9325567778755297
0.18734993995195195	0.9365704884769195	0.9323697360091459
0.1876166303929372	0.9363948223714913	0.932182725784066
0.18788294228055938	0.9362191844437002	0.9319957471954937
0.1881488772222678	0.9360435746894676	0.9318088002386335
0.18841443681416772	0.9358679931047147	0.9316218849086902
0.18867962264113208	0.9356924396853636	0.9314350012008694
0.18894443627691185	0.9355169144273376	0.9312481491103776
0.189208879284245	0.9353414173265592	0.9310613286324213
0.18947295321496416	0.9351659483789528	0.9308745397622085
0.18973665961010275	0.934990507580443	0.9306877824949474
0.19	0.934815094926954	0.9305010568258472
0.1902629759044045	0.9346397104144116	0.9303143627501173
0.1905255888325765	0.9344643540387424	0.9301277002629682
0.19078784028338913	0.934289025795872	0.9299410693596105
0.19104973174542803	0.9341137256817281	0.9297544700352567
0.19131126469708992	0.9339384536922385	0.9295679022851184
0.19157244060668016	0.9337632098233309	0.929381366104409
0.19183326093250877	0.9335879940709346	0.9291948614883421
0.19209372712298547	0.9334128064309789	0.9290083884321322
0.19235384061671346	0.9332376468993933	0.9288219469309942
0.19261360284258222	0.9330625154721084	0.9286355369801436
0.19287301521985908	0.9328874121450553	0.9284491585747974
0.19313207915827965	0.9327123369141656	0.9282628117101722
0.19339079605813717	0.932537289775371	0.9280764963814858
0.19364916731037085	0.9323622707246046	0.9278902125839569
0.19390719429665315	0.9321872797577992	0.9277039603128041
0.194164878389476	0.9320123168708887	0.9275177395632472
0.1944222209522358	0.9318373820598076	0.9273315503305075
0.19467922333931786	0.9316624753204898	0.9271453926098051
0.19493588689617927	0.9314875966488716	0.9269592663963623
0.19519221295943134	0.931312746040889	0.9267731716854014
0.19544820285692063	0.9311379234924778	0.9265871084721453
0.19570385790780928	0.9309631289995753	0.9264010767518184
0.19595917942265426	0.9307883625581191	0.9262150765196444
0.19621416870348585	0.9306136241640471	0.9260291077708488
0.19646882704388502	0.9304389138132985	0.9258431705006576
0.19672315572906002	0.9302642315018118	0.9256572647042972
0.19697715603592209	0.9300895772255275	0.9254713903769943
0.19723082923316018	0.9299149509803853	0.9252855475139776
0.19748417658131498	0.9297403527623261	0.9250997361104746
0.1977371993328519	0.9295657825672916	0.924913956161715
0.1979898987322333	0.9293912403912238	0.9247282076629287
0.1982422760159901	0.9292167262300647	0.924542490609346
0.19849433241279207	0.9290422400797578	0.924356804996198
0.19874606914351792	0.9288677819362466	0.924171150818717
0.198997487421324	0.928693351795475	0.9239855280721354
0.19924858845171275	0.9285189496533878	0.9237999367516857
0.19949937343260005	0.9283445755059305	0.9236143768526026
0.19974984355438177	0.9281702293490485	0.9234288483701201
0.2	0.9279959111786881	0.9232433512994737
0.20024984394500786	0.9278216209907969	0.9230578856358993
0.20049937655763422	0.9276473587813212	0.9228724513746333
0.2007485989988473	0.9274731245462097	0.9226870485109128
0.2009975124224178	0.9272989182814111	0.9225016770399759
0.20124611797498107	0.9271247399828735	0.9223163369570611
0.20149441679609886	0.9269505896465478	0.9221310282574076
0.20174241001832013	0.926776467268383	0.9219457509362553
0.20199009876724155	0.9266023728443303	0.9217605049888449
0.20223748416156684	0.9264283063703411	0.9215752904104171
0.2024845673131659	0.9262542678423669	0.9213901071962148
0.20273134932713294	0.9260802572563602	0.9212049553414794
0.20297783130184438	0.9259062746082737	0.9210198348414549
0.20322401432901577	0.9257323198940611	0.9208347456913851
0.20346989949375804	0.9255583931096761	0.9206496878865144
0.20371548787463364	0.9253844942510734	0.9204646614220882
0.2039607805437114	0.9252106233142083	0.9202796662933523
0.20420577856662137	0.9250367802950359	0.9200947024955536
0.20445048300260873	0.9248629651895127	0.9199097700239388
0.2046948949045872	0.9246891779935952	0.9197248688737564
0.20493901531919198	0.9245154187032408	0.9195399990402546
0.2051828452868319	0.9243416873144075	0.9193551605186826
0.2054263858417414	0.9241679838230533	0.9191703533042905
0.20566963801203134	0.9239943082251371	0.9189855773923293
0.20591260281974	0.9238206605166186	0.9188008327780496
0.206155281280883	0.9236470406934574	0.9186161194567039
0.20639767440550294	0.9234734487516143	0.9184314374235443
0.20663978319771825	0.9232998846870503	0.9182467866738243
0.20688160865577201	0.9231263484957273	0.9180621672027979
0.2071231517720798	0.922952840173607	0.9178775790057198
0.2073644135332772	0.9227793597166523	0.9176930220778448
0.20760539492026694	0.9226059071208266	0.9175084964144293
0.20784609690826528	0.9224324823820935	0.9173240020107297
0.20808652046684814	0.9222590854964172	0.9171395388620034
0.2083266665599966	0.922085716459763	0.9169551069635083
0.2085665361461421	0.9219123752680961	0.916770706310503
0.208806130178211	0.9217390619173823	0.9165863368982466
0.20904544960366872	0.9215657764035885	0.9164019987219996
0.2092844953645635	0.9213925187226814	0.916217691777022
0.20952326839756963	0.9212192888706288	0.9160334160585751
0.20976176963403032	0.921046086843399	0.9158491715619216
0.21	0.9208729126369605	0.9156649582823234
0.2102379604162864	0.9206997662472823	0.9154807762150436
0.21047565179849187	0.9205266476703351	0.9152966253553471
0.21071307505705478	0.920353556902088	0.9151125056984976
0.2109502310972899	0.9201804939385125	0.9149284172397607
0.21118712081942875	0.9200074587755803	0.9147443599744024
0.21142374511865974	0.9198344514092628	0.9145603338976893
0.21166010488516723	0.9196614718355328	0.9143763390048885
0.21189620100417092	0.9194885200503635	0.9141923752912684
0.21213203435596428	0.9193155960497278	0.9140084427520971
0.21236760581595301	0.9191426998296008	0.9138245413826441
0.212602916254693	0.9189698313859566	0.9136406711781795
0.21283796653792764	0.9187969907147704	0.9134568321339736
0.21307275752662516	0.9186241778120182	0.9132730242452978
0.21330729007701543	0.918451392673676	0.9130892475074239
0.2135415650406262	0.9182786352957208	0.9129055019156248
0.2137755832643195	0.9181059056741309	0.9127217874651739
0.21400934559032697	0.9179332038048823	0.9125381041513445
0.2142428528562855	0.9177605296839552	0.9123544519694117
0.21447610589527216	0.9175878833073278	0.9121708309146508
0.21470910553583888	0.91741526467098	0.9119872409823373
0.21494185260204676	0.9172426737708916	0.9118036821677481
0.21517434791350012	0.9170701106030439	0.9116201544661606
0.21540659228538017	0.9168975751634171	0.9114366578728526
0.21563858652847825	0.9167250674479935	0.9112531923831023
0.21587033144922904	0.9165525874527557	0.9110697579921898
0.21610182784974308	0.9163801351736859	0.9108863546953941
0.21633307652783937	0.9162077106067678	0.9107029824879963
0.21656407827707713	0.9160353137479854	0.9105196413652775
0.216794833886788	0.915862944593323	0.9103363313225199
0.21702534414210706	0.9156906031387653	0.9101530523550055
0.21725560982400433	0.9155182893802986	0.9099698044580181
0.21748563170931545	0.9153460033139081	0.9097865876268414
0.2177154105707724	0.915173744935581	0.90960340185676
0.21794494717703367	0.9150015142413044	0.9094202471430592
0.2181742422927143	0.9148293112270656	0.9092371234810246
0.21840329667841557	0.9146571358888533	0.9090540308659429
0.21863211109075448	0.9144849882226562	0.9088709692931017
0.21886068628239289	0.9143128682244636	0.9086879387577884
0.21908902300206645	0.914140775890265	0.9085049392552915
0.2193171219946131	0.9139687112160516	0.9083219707809007
0.21954498400100148	0.9137966741978137	0.9081390333299054
0.2197726097583591	0.9136246648315428	0.9079561268975965
0.22	0.9134526831132312	0.907773251479265
0.2202271554554524	0.9132807290388714	0.9075904070702028
0.22045407685048604	0.9131088026044566	0.9074075936657023
0.22068076490713912	0.9129369038059802	0.9072248112610571
0.22090722034374521	0.9127650326394369	0.9070420598515606
0.2211334438749598	0.9125931891008204	0.9068593394325075
0.22135943621178655	0.9124213731861276	0.9066766499991932
0.2215851980616034	0.912249584891353	0.9064939915469131
0.22181073012818833	0.9120778242124934	0.9063113640709639
0.2220360331117452	0.9119060911455458	0.9061287675666432
0.22226110770892868	0.9117343856865073	0.9059462020292479
0.2224859546128699	0.9115627078313762	0.9057636674540772
0.22271057451320087	0.9113910575761509	0.9055811638364303
0.22293496809607954	0.9112194349168307	0.9053986911716063
0.22315913604421397	0.9110478398494147	0.9052162494549065
0.22338307903688676	0.9108762723699035	0.9050338386816319
0.22360679774997896	0.9107047324742978	0.904851458847084
0.2238302928559939	0.9105332201585983	0.9046691099465649
0.2240535650240808	0.9103617354188077	0.9044867919753787
0.22427661492005804	0.9101902782509274	0.9043045049288283
0.22449944320643647	0.9100188486509605	0.9041222488022184
0.22472205054244232	0.9098474466149108	0.9039400235908548
0.22494443758403987	0.9096760721387817	0.9037578292900422
0.22516660498395405	0.9095047252185777	0.9035756658950874
0.2253885533916929	0.909333405850304	0.9033935334012979
0.22561028345356957	0.9091621140299663	0.9032114318039811
0.22583179581272428	0.9089908497535703	0.9030293610984453
0.22605309110914631	0.9088196130171231	0.9028473212799998
0.2262741699796952	0.9086484038166314	0.9026653123439544
0.2264950330581225	0.9084772221481029	0.902483334285619
0.22671568097509268	0.9083060680075465	0.9023013871003054
0.22693611435820435	0.9081349413909701	0.9021194707833247
0.22715633383201095	0.9079638422943836	0.9019375853299892
0.22737634001804147	0.9077927707137967	0.9017557307356127
0.22759613353482083	0.9076217266452198	0.9015739069955081
0.22781571499789036	0.9074507100846637	0.90139211410499
0.22803508501982758	0.9072797210281403	0.9012103520593739
0.22825424421026658	0.907108759471661	0.9010286208539745
0.22847319317591724	0.9069378254112385	0.9008469204841089
0.22869193252058542	0.9067669188428863	0.9006652509450938
0.22891046284519195	0.9065960397626178	0.900483612232247
0.229128784747792	0.9064251881664471	0.9003020043408867
0.22934689882359433	0.9062543640503891	0.9001204272663319
0.22956480566497992	0.9060835674104587	0.8999388810039022
0.22978250586152113	0.905912798242672	0.8997573655489179
0.23	0.9057420565430451	0.8995758808967
0.23021728866442676	0.9055713423075951	0.8993944270425699
0.23043437243605824	0.9054006555323393	0.8992130039818502
0.2306512518934159	0.9052299962132956	0.8990316117098636
0.23086792761230393	0.9050593643464822	0.8988502502219337
0.23108440016582688	0.9048887599279185	0.8986689195133847
0.23130067012440755	0.9047181829536239	0.8984876195795417
0.2315167380558045	0.9045476334196189	0.8983063504157299
0.23173260452512934	0.9043771113219233	0.8981251120172759
0.23194827009486405	0.9042066166565589	0.8979439043795063
0.232163735324878	0.904036149419547	0.8977627274977487
0.232379000772445	0.9038657096069102	0.8975815813673317
0.23259406699226015	0.9036952972146713	0.8974004659835835
0.23280893453645632	0.903524912238853	0.8972193813418339
0.23302360395462088	0.9033545546754801	0.8970383274374131
0.23323807579381203	0.9031842245205758	0.8968573042656517
0.23345235059857505	0.9030139217701658	0.8966763118218815
0.23366642891095846	0.9028436464202758	0.8964953501014344
0.23388031127053	0.9026733984669314	0.8963144190996435
0.23409399821439253	0.902503177906159	0.8961335188118418
0.23430749027719963	0.902332984733986	0.8959526492333635
0.23452078799117146	0.9021628189464396	0.8957718103595438
0.23473389188611005	0.9019926805395483	0.8955910021857175
0.2349468024894146	0.9018225695093407	0.8954102247072213
0.23515952032609694	0.901652485851846	0.8952294779193916
0.2353720459187964	0.9014824295630937	0.8950487618175657
0.23558437978779492	0.9013124006391148	0.8948680763970819
0.23579652245103191	0.9011423990759391	0.8946874216532786
0.23600847442411893	0.9009724248695987	0.8945067975814955
0.23622023622035435	0.9008024780161255	0.8943262041770725
0.23643180835073777	0.9006325585115516	0.8941456414353502
0.23664319132398465	0.9004626663519099	0.8939651093516701
0.23685438564654024	0.9002928015332347	0.8937846079213739
0.23706539182259395	0.9001229640515588	0.8936041371398045
0.23727621035409344	0.8999531539029176	0.8934236970023051
0.23748684174075835	0.8997833710833465	0.8932432875042198
0.23769728648009428	0.8996136155888802	0.8930629086408928
0.23790754506740638	0.8994438874155555	0.8928825604076698
0.23811761799581316	0.8992741865594093	0.8927022427998965
0.23832750575625972	0.8991045130164781	0.8925219558129197
0.23853720883753127	0.8989348667828004	0.8923416994420863
0.23874672772626646	0.898765247854414	0.8921614736827447
0.2389560629069704	0.8985956562273584	0.8919812785302428
0.23916521486202794	0.8984260918976725	0.8918011139799302
0.23937418407171648	0.8982565548613962	0.8916209800271568
0.2395829710142188	0.8980870451145706	0.8914408766672729
0.23979157616563598	0.8979175626532357	0.8912608038956299
0.24	0.897748107473434	0.8910807617075794
0.24020824298928625	0.8975786795712067	0.8909007500984739
0.24041630560342617	0.897409278942597	0.8907207690636665
0.2406241883103193	0.8972399055836482	0.8905408185985112
0.24083189157584592	0.8970705594904036	0.8903608986983624
0.241039415863879	0.8969012406589073	0.8901810093585752
0.24124676163629635	0.8967319490852041	0.890001150574505
0.24145392935299273	0.8965626847653394	0.8898213223415083
0.24166091947189144	0.8963934476953594	0.889641524654943
0.24186773244895649	0.8962242378713097	0.8894617575101658
0.2420743687382041	0.8960550552892376	0.8892820209025349
0.24228082879171434	0.8958858999451909	0.8891023148274105
0.24248711305964282	0.8957167718352164	0.8889226392801512
0.24269322199023194	0.8955476709553637	0.8887429942561179
0.2428991560298224	0.8953785973016815	0.8885633797506715
0.24310491562286435	0.8952095508702189	0.8883837957591734
0.2433105012119288	0.8950405316570266	0.8882042422769859
0.24351591323771843	0.8948715396581549	0.8880247192994722
0.2437211521390788	0.8947025748696551	0.8878452268219957
0.24392621835300937	0.8945336372875787	0.8876657648399208
0.24413111231467405	0.8943647269079783	0.8874863333486124
0.24433583445741233	0.894195843726906	0.8873069323434357
0.24454038521274968	0.8940269877404158	0.8871275618197569
0.24474476501040834	0.8938581589445612	0.886948221772944
0.24494897427831783	0.8936893573353963	0.8867689121983631
0.24515301344262524	0.8935205829089763	0.8865896330913828
0.24535688292770594	0.8933518356613567	0.8864103844473722
0.2455605831561735	0.8931831155885932	0.8862311662617006
0.24576411454889013	0.8930144226867422	0.886051978529738
0.24596747752497689	0.8928457569518616	0.8858728212468556
0.24617067250182342	0.8926771183800076	0.8856936944084243
0.24637369989509839	0.8925085069672394	0.8855145980098164
0.24657656011875906	0.8923399227096149	0.8853355320464047
0.2467792535850613	0.8921713656031937	0.8851564965135622
0.2469817807045694	0.892002835644035	0.8849774914066637
0.2471841418861655	0.8918343328281997	0.8847985167210835
0.24738633753705963	0.891665857151748	0.8846195724521965
0.24758836806279894	0.8914974086107412	0.8844406585953791
0.24779023386727733	0.8913289872012417	0.8842617751460081
0.2479919353527449	0.8911605929193112	0.8840829220994607
0.2481934729198171	0.8909922257610128	0.8839040994511145
0.24839484696748443	0.8908238857224098	0.8837253071963488
0.24859605789312106	0.8906555727995663	0.8835465453305418
0.24879710609249456	0.8904872869885467	0.8833678138490744
0.24899799195977465	0.8903190282854163	0.8831891127473267
0.24919871588754225	0.89015079668624	0.8830104420206797
0.24939927826679853	0.8899825921870844	0.8828318016645157
0.2495996794869737	0.8898144147840157	0.8826531916742173
0.24979991993593595	0.8896462644731016	0.8824746120451669
0.25	0.8894781412504092	0.8822960627727491
0.2501999200639361	0.8893100451120071	0.882117543852348
0.2503996805109783	0.8891419760539636	0.8819390552793487
0.25059928172283336	0.8889739340723483	0.8817605970491367
0.25079872407968906	0.8888059191632312	0.8815821691570991
0.25099800796022265	0.8886379313226818	0.8814037715986223
0.2511971337416094	0.888469970546772	0.8812254043690942
0.2513961017995307	0.8883020368315724	0.8810470674639035
0.2515949125081825	0.8881341301731551	0.8808687608784387
0.25179356624028343	0.8879662505675928	0.8806904846080897
0.2519920633670831	0.8877983980109583	0.8805122386482471
0.25219040425836986	0.887630572499325	0.8803340229943012
0.25238858928247926	0.887462774028767	0.8801558376416441
0.2525866188063018	0.887295002595359	0.8799776825856679
0.2527844931952908	0.8871272581951757	0.8797995578217653
0.25298221281347033	0.8869595408242933	0.8796214633453304
0.2531797780234432	0.8867918504787878	0.8794433991517568
0.25337718918639857	0.8866241871547357	0.8792653652364397
0.2535744466621193	0.8864565508482142	0.8790873615947744
0.2537715508089904	0.8862889415553014	0.8789093882221575
0.2539685019840059	0.886121359272075	0.8787314451139853
0.2541653005427767	0.8859538039946141	0.878553532265655
0.2543619468395381	0.8857862757189986	0.8783756496725659
0.2545584412271571	0.8856187744413073	0.8781977973301154
0.2547547840571399	0.8854513001576213	0.8780199752337037
0.25495097567963926	0.8852838528640218	0.8778421833787305
0.25514701644346144	0.8851164325565893	0.8776644217605968
0.2553429066960741	0.8849490392314069	0.8774866903747034
0.25553864678361277	0.884781672884556	0.8773089892164528
0.25573423705088844	0.8846143335121206	0.8771313182812474
0.25592967784139453	0.8844470211101837	0.8769536775644904
0.25612496949731395	0.8842797356748298	0.8767760670615862
0.25632011235952595	0.8841124772021431	0.8765984867679387
0.2565151067676132	0.8839452456882093	0.8764209366789537
0.2567099530598687	0.8837780411291137	0.8762434167900368
0.2569046515733026	0.8836108635209423	0.8760659270965945
0.2570992026436488	0.8834437128597825	0.8758884675940339
0.25729360660537215	0.8832765891417212	0.8757110382777634
0.25748786379167465	0.8831094923628463	0.8755336391431907
0.25768197453450253	0.8829424225192462	0.875356270185725
0.25787593916455254	0.8827753796070099	0.875178931400777
0.2580697580112788	0.8826083636222258	0.8750016227837559
0.25826343140289915	0.8824413745609855	0.8748243443300735
0.2584569596664017	0.8822744124193782	0.8746470960351409
0.25865034312755125	0.8821074771934954	0.8744698778943711
0.2588435821108957	0.8819405688794284	0.8742926899031769
0.2590366769397724	0.8817736874732693	0.8741155320569715
0.2592296279363144	0.8816068329711105	0.8739384043511693
0.25942243542145693	0.8814400053690459	0.8737613067811864
0.2596150997149434	0.881273204663168	0.8735842393424368
0.2598076211353316	0.8811064308495715	0.873407202030337
0.26	0.8809396839243513	0.8732301948403048
0.2601922366251537	0.8807729638836023	0.873053217767757
0.2603843313258307	0.8806062707234201	0.872876270808112
0.2605762844159077	0.8804396044399018	0.8726993539567884
0.260768096208106	0.8802729650291428	0.8725224672092058
0.2609597670139978	0.8801063524872416	0.8723456105607843
0.2611512971440119	0.8799397668102956	0.872168784006945
0.2613426869074396	0.8797732079944032	0.8719919875431084
0.2615339366124404	0.8796066760356633	0.8718152211646971
0.261725046566048	0.8794401709301756	0.871638484867134
0.2619160170741759	0.8792736926740395	0.8714617786458421
0.26210684844162313	0.8791072412633562	0.8712851024962455
0.26229754097208	0.8789408166942262	0.8711084564137688
0.26248809496813374	0.8787744189627509	0.8709318403938371
0.2626785107312739	0.8786080480650328	0.8707552544318765
0.2628687885618983	0.8784417039971748	0.8705786985233136
0.2630589287593181	0.8782753867552789	0.8704021726635753
0.26324893162176366	0.8781090963354495	0.8702256768480898
0.2634387974463898	0.8779428327337911	0.8700492110722855
0.2636285265292813	0.8777765959464079	0.8698727753315917
0.2638181191654584	0.8776103859694049	0.8696963696214375
0.2640075756488817	0.8774442027988888	0.8695199939372541
0.2641968962724581	0.8772780464309647	0.8693436482744719
0.2643860813280457	0.8771119168617402	0.8691673326285233
0.264575131106459	0.8769458140873226	0.8689910469948402
0.26476404589747454	0.8767797381038193	0.8688147913688559
0.2649528259898354	0.876613688907339	0.8686385657460034
0.26514147167125707	0.8764476664939909	0.8684623701217178
0.265329983228432	0.8762816708598838	0.8682862044914337
0.26551836094703507	0.8761157020011281	0.8681100688505865
0.26570660511172844	0.8759497599138346	0.8679339631946127
0.2658947160061666	0.8757838445941135	0.867757887518949
0.26608269391300143	0.8756179560380768	0.8675818418190329
0.266270539113887	0.8754520942418367	0.8674058260903025
0.2664582518894845	0.8752862592015057	0.8672298403281968
0.26664583251946766	0.8751204509131967	0.8670538845281549
0.26683328128252665	0.8749546693730237	0.8668779586856175
0.26702059845637377	0.8747889145771004	0.8667020627960248
0.2672077843177478	0.874623186521542	0.8665261968548182
0.26739483914241874	0.8744574852024636	0.8663503608574398
0.26758176320519306	0.8742918106159808	0.8661745547993321
0.2677685567799177	0.8741261627582098	0.8659987786759388
0.26795522013948525	0.8739605416252679	0.8658230324827038
0.26814175355583847	0.8737949472132717	0.865647316215071
0.2683281572999748	0.8736293795183401	0.8654716298684862
0.26851443164195105	0.87346383853659	0.8652959734383951
0.26870057685088805	0.8732983242641413	0.8651203469202443
0.26888659319497504	0.8731328366971136	0.864944750309481
0.26907248094147423	0.8729673758316264	0.8647691836015527
0.26925824035672524	0.8728019416638003	0.8645936467919081
0.2694438717061496	0.8726365341897561	0.864418139875996
0.2696293752542553	0.8724711534056158	0.8642426628492668
0.26981475126464083	0.8723057993075007	0.8640672157071698
0.27	0.8721404718915344	0.8638917984451571
0.27018512172212594	0.8719751711538393	0.8637164110586796
0.27037011669191546	0.8718098970905389	0.8635410535431896
0.27055498516937365	0.871644649697758	0.8633657258941404
0.2707397274136177	0.8714794289716203	0.8631904281069852
0.2709243436828813	0.8713142349082519	0.8630151601771785
0.2711088342345192	0.8711490675037784	0.862839922100175
0.2712931993250107	0.8709839267543255	0.8626647138714303
0.27147743920996453	0.8708188126560205	0.8624895354864001
0.2716615541441225	0.8706537252049906	0.8623143869405419
0.2718455443813637	0.8704886643973633	0.8621392682293125
0.2720294101747089	0.8703236302292673	0.8619641793481703
0.272213151776324	0.8701586226968316	0.8617891202925737
0.2723967694375247	0.8699936417961851	0.8616140910579825
0.2725802634087802	0.8698286875234578	0.8614390916398562
0.2727636339397171	0.8696637598747806	0.8612641220336557
0.27294688127912364	0.8694988588462838	0.8610891822348421
0.27313000567495327	0.8693339844340994	0.8609142722388771
0.27331300737432895	0.8691691366343594	0.8607393920412237
0.27349588662354685	0.869004315443196	0.8605645416373449
0.27367864366808015	0.8688395208567421	0.8603897210227043
0.2738612787525831	0.8686747528711318	0.8602149301927666
0.2740437921208944	0.8685100114824991	0.8600401691429969
0.27422618401604176	0.8683452966869786	0.8598654378688606
0.2744084546802449	0.8681806084807051	0.8596907363658245
0.2745906043549196	0.8680159468598145	0.8595160646293554
0.27477263328068174	0.867851311820443	0.8593414226549209
0.2749545416973504	0.8676867033587276	0.8591668104379896
0.2751363298439521	0.867522121470805	0.8589922279740301
0.2753179979587241	0.8673575661528132	0.8588176752585119
0.2754995462791182	0.8671930374008909	0.8586431522869057
0.27568097504180444	0.8670285352111758	0.8584686590546817
0.2758622844826744	0.8668640595798084	0.8582941955573118
0.2760434748368452	0.8666996105029281	0.8581197617902682
0.27622454633866267	0.8665351879766751	0.8579453577490236
0.27640549922170504	0.8663707919971904	0.857770983429051
0.2765863337187866	0.8662064225606153	0.857596638825825
0.27676705006196095	0.8660420796630921	0.8574223239348199
0.27694764848252457	0.8658777633007628	0.8572480387515111
0.27712812921102037	0.8657134734697709	0.8570737832713748
0.27730849247724093	0.8655492101662594	0.8568995574898873
0.27748873851023215	0.8653849733863728	0.8567253614025261
0.2776688675382964	0.8652207631262551	0.8565511950047687
0.2778488797889961	0.8650565793820518	0.8563770582920941
0.2780287754891569	0.8648924221499084	0.856202951259981
0.2782085548648711	0.864728291425971	0.8560288739039094
0.2783882181415011	0.8645641872063858	0.8558548262193597
0.2785677655436824	0.8644001094873006	0.8556808082018126
0.2787471972953271	0.8642360582648628	0.8555068198467506
0.27892651361962706	0.8640720335352206	0.8553328611496555
0.27910571473905726	0.8639080352945228	0.8551589321060103
0.2792848008753788	0.8637440635389185	0.8549850327112986
0.2794637722496424	0.8635801182645574	0.8548111629610047
0.2796426290821913	0.8634161994675899	0.8546373228506134
0.27982137159266446	0.8632523071441669	0.8544635123756108
0.27999999999999997	0.8630884412904397	0.854289731531482
0.28017851452243797	0.8629246019025598	0.8541159803137147
0.2803569153775237	0.8627607889766801	0.8539422587177959
0.28053520278211075	0.8625970025089529	0.8537685667392139
0.280713376952364	0.862433242495532	0.8535949043734572
0.2808914381037628	0.8622695089325716	0.8534212716160152
0.2810693864511039	0.8621058018162254	0.853247668462378
0.2812472222085047	0.8619421211426488	0.8530740949080359
0.2814249455894058	0.8617784669079972	0.8529005509484807
0.2816025568065745	0.8616148391084265	0.8527270365792037
0.28178005607210743	0.8614512377400935	0.8525535517956977
0.2819574435974337	0.8612876627991554	0.852380096593456
0.2821347195933177	0.861124114281769	0.8522066709679721
0.2823118842698621	0.8609605921840929	0.8520332749147407
0.2824889378365107	0.8607970965022861	0.851859908429257
0.28266588050205144	0.8606336272325069	0.8516865715070158
0.282842712474619	0.8604701843709154	0.8515132641435142
0.2830194339616981	0.8603067679136718	0.8513399863342495
0.2831960451701259	0.8601433778569363	0.8511667380747187
0.2833725463060951	0.859980014196871	0.85099351936042
0.2835489375751565	0.8598166769296368	0.8508203301868527
0.28372521918222215	0.8596533660513963	0.8506471705495159
0.2839013913315678	0.8594900815583123	0.8504740404439105
0.28407745422683583	0.859326823446548	0.8503009398655362
0.2842534080710379	0.859163591712267	0.8501278688098951
0.2844292530665578	0.8590003863516341	0.8499548272724894
0.28460498941515416	0.8588372073608134	0.8497818152488212
0.28478061731796284	0.8586740547359708	0.8496088327343941
0.28495613697550015	0.8585109284732725	0.8494358797247124
0.28513154858766504	0.8583478285688843	0.8492629562152801
0.2853068523537421	0.8581847550189732	0.8490900622016029
0.28548204847240394	0.8580217078197067	0.8489171976791864
0.28565713714171403	0.8578586869672529	0.8487443626435374
0.28583211855912904	0.8576956924577799	0.8485715570901624
0.28600699292150183	0.8575327242874573	0.8483987810145701
0.2861817604250837	0.8573697824524541	0.8482260344122681
0.2863564212655271	0.8572068669489402	0.8480533172787655
0.2865309756378881	0.8570439777730868	0.8478806296095724
0.28670542373662905	0.8568811149210644	0.847707971400199
0.286879765755621	0.8567182783890449	0.8475353426461559
0.2870540018881465	0.8565554681732002	0.8473627433429552
0.2872281323269014	0.8563926842697027	0.8471901734861085
0.2874021572639983	0.8562299266747262	0.8470176330711292
0.2875760768909681	0.8560671953844439	0.8468451220935302
0.28774989139876317	0.8559044903950299	0.8466726405488261
0.2879236009777594	0.8557418117026591	0.8465001884325313
0.28809720581775866	0.8555791593035068	0.8463277657401614
0.2882707061079915	0.8554165331937483	0.8461553724672323
0.2884441020371191	0.85525393336956	0.8459830086092605
0.28861739379323625	0.855091359827119	0.8458106741617636
0.28879058156387305	0.8549288125626023	0.845638369120259
0.2889636655359978	0.8547662915721876	0.8454660934802658
0.28913664589601923	0.8546037968520537	0.8452938472373032
0.28930952282978867	0.8544413283983786	0.84512163038689
0.28948229652260254	0.8542788862073424	0.8449494429245475
0.2896549671592048	0.8541164702751246	0.8447772848457971
0.28982753492378877	0.8539540805979056	0.8446051561461595
0.29000000000000004	0.8537917171718663	0.8444330568211574
0.29017236257093815	0.8536293799931883	0.8442609868663143
0.2903446228191595	0.8534670690580535	0.8440889462771531
0.290516780926679	0.8533047843626441	0.8439169350491982
0.2906888370749727	0.8531425259031434	0.8437449531779749
0.2908607914449798	0.8529802936757345	0.8435730006590081
0.29103264421710495	0.8528180876766017	0.8434010774878241
0.29120439557122074	0.8526559079019295	0.8432291836599497
0.2913760456866693	0.8524937543479025	0.8430573191709121
0.291547594742265	0.852331627010707	0.8428854840162399
0.29171904291629647	0.8521695258865284	0.8427136781914609
0.2918903903865285	0.8520074509715536	0.842541901692105
0.2920616373302047	0.8518454022619694	0.8423701545137019
0.29223278392404917	0.8516833797539638	0.8421984366517822
0.2924038303442689	0.8515213834437251	0.842026748101877
0.2925747767665559	0.851359413327441	0.8418550888595178
0.29274562336608895	0.851197469401302	0.8416834589202377
0.2929163703175362	0.8510355516614966	0.8415118582795691
0.2930870177950569	0.8508736601042154	0.8413402869330461
0.29325756597230357	0.8507117947256492	0.8411687448762031
0.2934280150224242	0.8505499555219895	0.8409972321045744
0.293598365118064	0.8503881424894275	0.8408257486136966
0.29376861643136765	0.8502263556241556	0.8406542943991049
0.29393876913398137	0.8500645949223664	0.8404828694563369
0.29410882339705485	0.849902860380254	0.8403114737809295
0.29427877939124325	0.8497411519940111	0.8401401073684212
0.2944486372867091	0.8495794697598328	0.8399687702143506
0.2946183972531247	0.8494178136739139	0.8397974623142569
0.2947880594596735	0.8492561837324492	0.8396261836636804
0.2949576240750525	0.8490945799316348	0.8394549342581616
0.2951270912674741	0.8489330022676674	0.8392837140932417
0.295296461204668	0.8487714507367438	0.8391125231644627
0.29546573405388316	0.848609925335061	0.8389413614673669
0.2956349099818897	0.8484484260588172	0.8387702289974978
0.2958039891549808	0.8482869529042109	0.8385991257503983
0.29597297173897485	0.8481255058674407	0.8384280517216138
0.29614185789921693	0.8479640849447069	0.8382570069066893
0.2963106478005811	0.8478026901322084	0.8380859913011696
0.29647934160747186	0.8476413214261465	0.8379150049006017
0.2966479394838265	0.847479978822722	0.8377440477005321
0.2968164415931166	0.8473186623181361	0.8375731196965088
0.29698484809834996	0.8471573719085912	0.8374022208840797
0.2971531591620725	0.8469961075902896	0.8372313512587936
0.2973213749463701	0.8468348693594347	0.8370605108161999
0.29748949561287036	0.8466736572122298	0.8368896995518487
0.2976575213227443	0.8465124711448793	0.8367189174612907
0.2978254522367086	0.8463513111535871	0.8365481645400772
0.2979932885150268	0.8461901772345591	0.83637744078376
0.2981610303175115	0.8460290693840007	0.836206746187892
0.29832867780352595	0.8458679875981181	0.8360360807480264
0.298496231131986	0.8457069318731176	0.8358654444597163
0.2986636904613616	0.8455459022052068	0.8356948373185173
0.2988310559496787	0.8453848985905931	0.8355242593199834
0.29899832775452106	0.8452239210254848	0.8353537104596709
0.2991655060330318	0.845062969506091	0.8351831907331364
0.29933259094191533	0.8449020440286202	0.8350127001359361
0.29949958263743875	0.8447411445892827	0.8348422386636282
0.29966648127543394	0.8445802711842887	0.8346718063117705
0.29983328701129897	0.8444194238098487	0.8345014030759222
0.30000000000000004	0.8442586024621742	0.8343310289516425
0.30016662039607267	0.8440978071374768	0.8341606839344918
0.3003331483536241	0.8439370378319693	0.8339903680200305
0.3004995840263344	0.8437762945418636	0.8338200812038199
0.30066592756745814	0.8436155772633742	0.8336498234814226
0.30083217912982646	0.8434548859927141	0.8334795948484004
0.3009983388658482	0.8432942207260977	0.833309395300317
0.30116440692751195	0.8431335814597407	0.8331392248327365
0.3013303834663873	0.8429729681898572	0.8329690834412228
0.3014962686336267	0.8428123809126642	0.8327989711213413
0.30166206257996714	0.8426518196243775	0.8326288878686577
0.30182776545573137	0.8424912843212142	0.8324588336787386
0.30199337741083	0.8423307749993919	0.8322888085471506
0.3021588985947626	0.8421702916551285	0.8321188124694615
0.3023243291566195	0.8420098342846422	0.8319488454412396
0.30248966924508347	0.8418494028841521	0.8317789074580538
0.3026549190084311	0.8416889974498779	0.8316089985154735
0.3028200785945344	0.841528617978039	0.8314391186090689
0.30298514815086236	0.8413682644648566	0.8312692677344106
0.30315012782448236	0.8412079369065518	0.8310994458870701
0.30331501776206204	0.8410476352993452	0.8309296530626192
0.30347981810987035	0.8408873596394596	0.8307598892566308
0.30364452901377953	0.8407271099231176	0.8305901544646782
0.3038091506192663	0.8405668861465418	0.8304204486823351
0.30397368307141326	0.8404066883059561	0.8302507719051757
0.30413812651491096	0.8402465163975847	0.8300811241287758
0.3043024810940588	0.840086370417652	0.8299115053487106
0.3044667469527666	0.8399262503623828	0.8297419155605569
0.30463092423455634	0.8397661562280033	0.8295723547598912
0.3047950130825634	0.8396060880107392	0.8294028229422914
0.30495901363953815	0.8394460457068176	0.8292333201033357
0.30512292604784713	0.8392860293124654	0.8290638462386035
0.30528675044947495	0.83912603882391	0.8288944013436734
0.3054504869860253	0.8389660742373799	0.828724985414126
0.3056141357987225	0.838806135549104	0.8285555984455419
0.3057776970284131	0.8386462227553112	0.8283862404335027
0.3059411708155671	0.8384863358522312	0.8282169113735903
0.30610455730027936	0.8383264748360942	0.8280476112613873
0.3062678566222711	0.838166639703131	0.8278783400924768
0.3064310689208912	0.8380068304495729	0.8277090978624426
0.3065941943351178	0.8378470470716514	0.8275398845668697
0.30675723300355934	0.8376872895655996	0.8273707002013428
0.3069201850644561	0.8375275579276488	0.8272015447614478
0.30708305065568176	0.8373678521540335	0.827032418242771
0.30724582991474436	0.8372081722409873	0.8268633206408991
0.30740852297878796	0.8370485181847442	0.8266942519514204
0.30757112998459396	0.8368888899815393	0.8265252121699227
0.30773365106858236	0.8367292876276076	0.8263562012919946
0.30789608636681304	0.8365697111191853	0.8261872193132261
0.3080584360149873	0.8364101604525084	0.8260182662292068
0.3082207001484488	0.8362506356238139	0.825849342035528
0.3083828789021855	0.8360911366293394	0.8256804467277807
0.3085449724108303	0.8359316634653223	0.8255115803015569
0.3087069808086626	0.8357722161280012	0.8253427427524489
0.30886890422961005	0.8356127946136154	0.8251739340760507
0.30903074280724885	0.8354533989184038	0.8250051542679554
0.30919249667480614	0.8352940290386061	0.8248364033237576
0.3093541659651604	0.8351346849704635	0.8246676812390529
0.3095157508108432	0.8349753667102163	0.8244989880094364
0.30967725134404045	0.8348160742541063	0.8243303236305045
0.30983866769659335	0.8346568075983753	0.8241616880978547
0.31	0.8344975667392656	0.8239930814070838
0.3101612483854165	0.8343383516730205	0.8238245035537906
0.31032241298365804	0.8341791623958834	0.8236559545335735
0.31048349392520047	0.8340199989040981	0.8234874343420323
0.31064449134018135	0.8338608611939089	0.8233189429747666
0.31080540535840107	0.8337017492615614	0.8231504804273778
0.3109662361093243	0.8335426631033007	0.8229820466954667
0.3111269837220809	0.833383602715373	0.8228136417746349
0.3112876483254676	0.8332245680940248	0.8226452656604857
0.31144823004794875	0.833065559235503	0.8224769183486216
0.3116087290176576	0.8329065761360553	0.822308599834647
0.3117691453623979	0.8327476187919298	0.8221403101141661
0.3119294792096444	0.8325886871993748	0.8219720491827837
0.3120897306865447	0.8324297813546395	0.8218038170361053
0.3122498999199199	0.8322709012539737	0.8216356136697378
0.31240998703626616	0.8321120468936273	0.8214674390792878
0.3125699921617557	0.8319532182698507	0.8212992932603626
0.31272991542223777	0.8317944153788955	0.8211311762085708
0.31288975694324034	0.8316356382170128	0.8209630879195207
0.31304951684997057	0.8314768867804548	0.8207950283888216
0.3132091952673165	0.8313181610654748	0.8206269976120841
0.313368792319848	0.831159461068325	0.8204589955849183
0.31352830813181765	0.8310007867852593	0.8202910223029356
0.31368774282716244	0.8308421382125325	0.820123077761748
0.3138470965295043	0.8306835153463984	0.8199551619569677
0.31400636936215165	0.8305249181831125	0.8197872748842078
0.31416556144810015	0.8303663467189308	0.8196194165390827
0.31432467291003424	0.8302078009501089	0.8194515869172057
0.31448370387032776	0.8300492808729036	0.8192837860141923
0.31464265445104544	0.8298907864835727	0.8191160138256581
0.3148015247739439	0.8297323177783733	0.8189482703472193
0.31496031496047244	0.8295738747535637	0.8187805555744927
0.3151190251317746	0.8294154574054029	0.8186128695030955
0.3152776554086889	0.8292570657301496	0.8184452121286462
0.3154362059117501	0.8290986997240639	0.8182775834467629
0.31559467676119	0.828940359383406	0.8181099834530653
0.31575306807693887	0.8287820447044368	0.8179424121431733
0.3159113799786263	0.8286237556834174	0.8177748695127075
0.3160696125855822	0.8284654923166092	0.8176073555572887
0.31622776601683794	0.828307254600275	0.8174398702725386
0.3163858403911275	0.8281490425306772	0.8172724136540801
0.3165438358268883	0.8279908561040794	0.8171049856975362
0.3167017524422623	0.8278326953167453	0.8169375863985301
0.3168595903550972	0.8276745601649391	0.8167702157526864
0.31701734968294715	0.8275164506449257	0.8166028737556295
0.3171750305430741	0.82735836675297	0.8164355604029851
0.31733263305244863	0.8272003084853385	0.81626827569038
0.3174901573277509	0.8270422758382966	0.8161010196134398
0.3176476034853718	0.8268842688081123	0.8159337921677924
0.3178049716414141	0.8267262873910519	0.8157665933490658
0.3179622619116929	0.8265683315833834	0.8155994231528884
0.3181194744117373	0.8264104013813758	0.8154322815748893
0.31827660925679097	0.8262524967812973	0.8152651686106988
0.31843366656181316	0.8260946177794174	0.8150980842559467
0.31859064644147983	0.825936764372006	0.8149310285062643
0.31874754901018454	0.8257789365553334	0.8147640013572836
0.3189043743820395	0.8256211343256707	0.8145970028046362
0.31906112267087633	0.8254633576792889	0.8144300328439555
0.31921779399024736	0.8253056066124604	0.8142630914708751
0.31937438845342625	0.8251478811214568	0.8140961786810286
0.3195309061734091	0.8249901812025516	0.8139292944700509
0.31968734726291564	0.8248325068520183	0.8137624388335779
0.31984371183438953	0.8246748580661301	0.8135956117672449
0.32	0.8245172348411619	0.8134288132666888
0.32015621187164245	0.8243596371733888	0.813262043327547
0.32031234756093935	0.8242020650590859	0.8130953019454572
0.3204684071792413	0.824044518494529	0.8129285891160575
0.32062439083762795	0.8238869974759948	0.8127619048349874
0.3207802986469088	0.8237295019997599	0.8125952490978863
0.3209361307176242	0.8235720320621019	0.8124286219003949
0.32109188716004644	0.8234145876592991	0.8122620232381536
0.32124756808418026	0.8232571687876292	0.812095453106804
0.32140317359976395	0.823099775443372	0.8119289115019886
0.32155870381627055	0.8229424076228061	0.8117623984193502
0.3217141588429082	0.8227850653222121	0.8115959138545316
0.3218695387886216	0.8226277485378701	0.8114294578031772
0.3220248437620924	0.8224704572660612	0.8112630302609319
0.32218007387174025	0.8223131915030668	0.8110966312234401
0.32233522922572394	0.8221559512451687	0.8109302606863483
0.322490309931942	0.8219987364886502	0.8107639186453028
0.32264531609803354	0.8218415472297931	0.8105976050959506
0.3228002478313795	0.8216843834648815	0.8104313200339394
0.32295510523910287	0.8215272451901996	0.8102650634549179
0.32310988842807026	0.8213701324020312	0.8100988353545341
0.3232645975048923	0.8212130450966618	0.8099326357284382
0.3234192325759246	0.821055983270377	0.8097664645722805
0.32357379374726875	0.8208989469194625	0.8096003218817113
0.3237282811247729	0.8207419360402047	0.8094342076523823
0.323882694814033	0.820584950628891	0.8092681218799453
0.324037034920393	0.8204279906818087	0.8091020645600531
0.32419130154894654	0.8202710561952459	0.8089360356883584
0.3243454948045371	0.8201141471654907	0.8087700352605158
0.32449961479175904	0.8199572635888328	0.808604063272179
0.3246536616149585	0.8198004054615612	0.8084381197190038
0.3248076353782343	0.819643572779966	0.8082722045966456
0.3249615361854384	0.8194867655403381	0.8081063179007603
0.32511536414017717	0.8193299837389679	0.807940459627005
0.3252691193458119	0.8191732273721475	0.807774629771038
0.3254228019054596	0.8190164964361687	0.8076088283285161
0.3255764119219941	0.8188597909273239	0.807443055295099
0.3257299494980466	0.8187031108419066	0.8072773106664459
0.32588341473600646	0.8185464561762097	0.8071115944382166
0.3260368077380221	0.8183898269265277	0.8069459066060716
0.32619012860600183	0.8182332230891555	0.8067802471656726
0.3263433774416144	0.8180766446603871	0.8066146161126807
0.32649655434629016	0.8179200916365186	0.806449013442759
0.3266496594212215	0.8177635640138464	0.8062834391515701
0.32680269276736384	0.8176070617886666	0.806117893234778
0.3269556544854363	0.8174505849572764	0.8059523756880465
0.32710854467592254	0.8172941335159736	0.8057868865070411
0.3272613634390715	0.8171377074610557	0.8056214256874268
0.327414110874898	0.8169813067888219	0.8054559932248697
0.327566787083184	0.8168249314955708	0.8052905891150371
0.3277193921634788	0.816668581577602	0.8051252133535958
0.32787192621510003	0.8165122570312161	0.8049598659362138
0.3280243893371345	0.8163559578527129	0.8047945468585599
0.3281767816284388	0.8161996840383939	0.8046292561163028
0.3283291031876401	0.8160434355845609	0.8044639937051128
0.32848135411313684	0.8158872124875155	0.8042987596206603
0.3286335345030997	0.8157310147435602	0.8041335538586158
0.328785644455472	0.8155748423489989	0.8039683764146515
0.3289376840679705	0.8154186953001343	0.8038032272844392
0.3290896534380867	0.8152625735932709	0.803638106463652
0.3292415526630866	0.8151064772247134	0.8034730139479632
0.3293933818400121	0.8149504061907663	0.8033079497330471
0.32954514106568167	0.8147943604877359	0.803142913814578
0.32969683043669074	0.8146383401119278	0.8029779061882318
0.3298484500494129	0.8144823450596489	0.8028129268496839
0.33	0.8143263753272059	0.8026479757946108
0.3301514803843836	0.8141704309109066	0.8024830530186897
0.3303028912982749	0.8140145118070593	0.8023181585175987
0.33045423283716613	0.8138586180119721	0.8021532922870157
0.3306055050963308	0.8137027495219546	0.8019884543226199
0.33075670817082453	0.8135469063333163	0.8018236446200908
0.3309078421554859	0.8133910884423667	0.8016588631751086
0.331058907144937	0.8132352958454173	0.8014941099833539
0.3312099032335839	0.8130795285387787	0.8013293850405088
0.3313608305156178	0.8129237865187624	0.8011646883422543
0.3315116890850155	0.8127680697816809	0.8010000198842738
0.33166247903553997	0.8126123783238461	0.8008353796622502
0.33181320046074114	0.8124567121415717	0.8006707676718674
0.3319638534539566	0.8123010712311712	0.80050618390881
0.3321144381083123	0.8121454555889586	0.8003416283687629
0.332264954516723	0.8119898652112482	0.8001771010474118
0.3324154027718932	0.8118343000943556	0.800012601940443
0.33256578296631784	0.8116787602345964	0.7998481310435435
0.3327160951922825	0.8115232456282859	0.7996836883524006
0.33286633954186473	0.8113677562717417	0.7995192738627029
0.3330165161069342	0.8112122921612803	0.7993548875701385
0.3331666249791536	0.8110568532932194	0.7991905294703971
0.3333166662499792	0.8109014396638772	0.7990261995591685
0.33346664001066134	0.810746051269572	0.7988618978321437
0.3336165463522455	0.8105906881066234	0.798697624285013
0.33376638536557274	0.8104353501713505	0.7985333789134691
0.33391615714128	0.8102800374600735	0.7983691617132038
0.3340658617698013	0.810124749969113	0.7982049726799101
0.33421549934136807	0.8099694876947904	0.7980408118092821
0.33436506994600973	0.8098142506334267	0.7978766790970137
0.33451457367355464	0.8096590387813443	0.7977125745387994
0.33466401061363027	0.809503852134866	0.7975484981303352
0.33481338085566414	0.8093486906903146	0.7973844498673168
0.33496268448888455	0.8091935544440136	0.7972204297454412
0.3351119216023208	0.8090384433922874	0.7970564377604052
0.3352610922848042	0.8088833575314603	0.7968924739079069
0.33541019662496846	0.8087282968578573	0.7967285381836446
0.3355592347112504	0.8085732613678043	0.796564630583318
0.3357082066318904	0.8084182510576271	0.796400751102626
0.3358571124749333	0.808263265923652	0.7962368997372692
0.33600595232822883	0.8081083059622071	0.7960730764829489
0.33615472627943227	0.8079533711696191	0.795909281335366
0.33630343441600474	0.8077984615422159	0.7957455142902228
0.33645207682521444	0.8076435770763268	0.7955817753432224
0.33660065359413666	0.8074887177682801	0.7954180644900678
0.3367491648096547	0.8073338836144061	0.795254381726463
0.33689761055846035	0.8071790746110343	0.7950907270481127
0.33704599092705434	0.8070242907544951	0.7949271004507217
0.3371943060017473	0.8068695320411206	0.7947635019299963
0.33734255586866	0.8067147984672411	0.7945999314816427
0.3374907406137241	0.806560090029189	0.7944363891013673
0.33763886032268264	0.8064054067232975	0.7942728747848788
0.33778691508109077	0.8062507485458991	0.7941093885278844
0.33793490497431605	0.806096115493327	0.7939459303260935
0.33808283008753937	0.8059415075619162	0.7937825001752155
0.3382306905057552	0.8057869247480001	0.79361909807096
0.33837848631377265	0.8056323670479145	0.7934557240090377
0.33852621759621515	0.8054778344579948	0.7932923779851606
0.338673884437522	0.8053233269745766	0.7931290599950395
0.3388214869219483	0.8051688445939971	0.7929657700343874
0.33896902513356586	0.8050143873125928	0.7928025080989175
0.3391164991562634	0.8048599551267015	0.7926392741843431
0.3392639090737475	0.8047055480326607	0.7924760682863786
0.33941125496954283	0.8045511660268099	0.7923128904007393
0.3395585369269929	0.804396809105487	0.7921497405231399
0.33970575502926054	0.8042424772650323	0.791986618649297
0.3398529093593286	0.8040881705017855	0.7918235247749273
0.34	0.803933888812087	0.7916604588957479
0.340147027033899	0.8037796321922779	0.7914974210074767
0.3402939905434711	0.8036254006386996	0.7913344111058324
0.34044089061098404	0.8034711941476943	0.7911714291865342
0.34058772731852804	0.8033170127156042	0.7910084752453013
0.3407345007480164	0.8031628563387726	0.7908455492778546
0.34088121098118623	0.8030087250135424	0.790682651279915
0.3410278580995987	0.8028546187362583	0.7905197812472035
0.3411744421846396	0.8027005375032641	0.7903569391754429
0.34132096331752027	0.8025464813109053	0.7901941250603557
0.34146742157927745	0.802392450155527	0.7900313388976649
0.3416138170507744	0.8022384440334756	0.7898685806830952
0.34176014981270125	0.8020844629410967	0.7897058504123707
0.34190641994557514	0.8019305068747379	0.7895431480812166
0.3420526275297414	0.8017765758307468	0.7893804736853587
0.34219877264537346	0.8016226698054708	0.7892178272205236
0.3423448553724738	0.8014687887952585	0.7890552086824377
0.34249087579087417	0.801314932796459	0.7888926180668294
0.34263683398023626	0.8011611018054215	0.7887300553694263
0.3427827300200522	0.8010072958184962	0.7885675205859575
0.34292856398964494	0.8008535148320332	0.7884050137121525
0.34307433596816883	0.8006997588423836	0.788242534743741
0.34322004603461026	0.8005460278458985	0.7880800836764534
0.3433656942677879	0.8003923218389305	0.7879176605060215
0.3435112807463534	0.8002386408178312	0.7877552652281771
0.3436568055487917	0.8000849847789535	0.7875928978386522
0.3438022687534217	0.7999313537186518	0.7874305583331802
0.3439476704383968	0.7997777476332787	0.7872682467074945
0.34409301068170506	0.7996241665191893	0.7871059629573295
0.34423828956117014	0.7994706103727385	0.7869437070784199
0.3443835071544513	0.7993170791902812	0.7867814790665011
0.3445286635390443	0.7991635729681734	0.7866192789173092
0.3446737587922817	0.7990100917027717	0.7864571066265814
0.3448187929913334	0.7988566353904328	0.7862949621900541
0.3449637662132068	0.7987032040275138	0.7861328456034655
0.34510867853474797	0.7985497976103733	0.7859707568625545
0.34525353003264136	0.7983964161353684	0.7858086959630596
0.3453983207834109	0.7982430595988591	0.7856466629007205
0.3455430508634199	0.798089727997204	0.7854846576712781
0.34568772034887213	0.7979364213267631	0.7853226802704721
0.34583232931581165	0.7977831395838968	0.7851607306940451
0.3459768778401239	0.797629882764966	0.7849988089377388
0.34612136599753557	0.7974766508663316	0.7848369149972958
0.3462657938636157	0.7973234438843553	0.7846750488684593
0.34641016151377546	0.7971702618154001	0.7845132105469736
0.34655446902326914	0.7970171046558283	0.7843514000285827
0.3466987164671943	0.7968639724020028	0.784189617309032
0.3468429039204925	0.7967108650502882	0.7840278623840673
0.34698703145794946	0.7965577825970482	0.7838661352494344
0.34713109915419565	0.7964047250386476	0.7837044359008808
0.34727510708370674	0.7962516923714515	0.7835427643341535
0.3474190553208042	0.7960986845918262	0.7833811205450011
0.3475629439396553	0.7959457016961371	0.7832195045291716
0.3477067730142742	0.7957927436807516	0.7830579162824151
0.3478505426185217	0.7956398105420365	0.782896355800481
0.3479942528261063	0.7954869022763598	0.7827348230791201
0.34813790371058423	0.7953340188800895	0.7825733181140834
0.34828149534535996	0.7951811603495945	0.7824118409011225
0.34842502780368695	0.7950283266812435	0.7822503914359898
0.34856850115866755	0.7948755178714066	0.7820889697144385
0.34871191548325386	0.7947227339164542	0.7819275757322217
0.34885527085024814	0.7945699748127563	0.7817662094850937
0.34899856733230294	0.7944172405566845	0.781604870968809
0.3491418050019218	0.7942645311446102	0.7814435601791233
0.3492849839314596	0.7941118465729055	0.7812822771117923
0.349428104193123	0.7939591868379435	0.7811210217625729
0.3495711658589707	0.7938065519360971	0.7809597941272215
0.34971416900091423	0.7936539418637396	0.7807985942014963
0.34985711369071804	0.7935013566172451	0.7806374219811555
0.35000000000000003	0.7933487961929887	0.7804762774619582
0.35014282800023194	0.7931962605873452	0.7803151606396638
0.3502855977627399	0.7930437497966899	0.7801540715100325
0.3504283093587046	0.7928912638173995	0.7799930100688249
0.3505709628591621	0.7927388026458503	0.7798319763118025
0.3507135583350037	0.7925863662784188	0.779670970234727
0.3508560958569767	0.7924339547114835	0.779509991833361
0.35099857549568486	0.7922815679414218	0.7793490411034678
0.35114099732158877	0.7921292059646122	0.7791881180408109
0.35128336140500593	0.791976868777434	0.7790272226411545
0.3514256678161116	0.7918245563762671	0.7788663549002642
0.3515679166249389	0.7916722687574905	0.778705514813905
0.35171010790137947	0.7915200059174855	0.778544702377843
0.3518522417151836	0.7913677678526331	0.7783839175878453
0.3519943181359608	0.791215554559314	0.7782231604396785
0.35213633723318016	0.7910633660339107	0.7780624309291114
0.35227829907617075	0.790911202272806	0.777901729051912
0.3524202037341219	0.7907590632723824	0.7777410548038497
0.35256205127608387	0.7906069490290232	0.7775804081806937
0.352703841770968	0.7904548595391129	0.7774197891782149
0.352845575287547	0.7903027947990353	0.777259197792184
0.35298725189445584	0.7901507548051756	0.7770986340183723
0.35312887166019147	0.7899987395539197	0.7769380978525527
0.35327043465311386	0.7898467490416524	0.7767775892904969
0.35341194094144585	0.7896947832647612	0.7766171083279787
0.3535533905932738	0.7895428422196326	0.7764566549607722
0.3536947836765479	0.7893909259026534	0.7762962291846516
0.3538361202590827	0.7892390343102121	0.7761358309953922
0.3539774004085572	0.7890871674386969	0.7759754603887695
0.3541186241925155	0.7889353252844964	0.7758151173605597
0.354259791678367	0.7887835078440004	0.7756548019065402
0.354400902933387	0.7886317151135986	0.7754945140224884
0.3545419580247167	0.7884799470896808	0.775334253704182
0.35468295701936403	0.7883282037686383	0.7751740209473998
0.35482389998420344	0.7881764851468624	0.7750138157479215
0.35496478698597694	0.7880247912207448	0.7748536381015267
0.35510561809129404	0.7878731219866775	0.7746934880039957
0.3552463933666322	0.7877214774410536	0.7745333654511102
0.35538711287833724	0.7875698575802662	0.7743732704386511
0.3555277766926236	0.787418262400709	0.7742132029624013
0.3556683848755748	0.7872666918987764	0.7740531630181435
0.3558089374931439	0.7871151460708629	0.7738931506016609
0.35594943461115375	0.7869636249133641	0.7737331657087382
0.35608987629529715	0.7868121284226752	0.7735732083351592
0.35623026261113755	0.7866606565951926	0.77341327847671
0.3563705936241092	0.7865092094273131	0.7732533761291759
0.35651086939951776	0.7863577869154336	0.7730935012883438
0.3566510900025402	0.7862063890559519	0.7729336539500004
0.3567912554982255	0.786055015845266	0.7727738341099335
0.35693136595149494	0.7859036672797751	0.7726140417639313
0.3570714214271425	0.7857523433558778	0.7724542769077829
0.357211421989835	0.7856010440699737	0.7722945395372776
0.35735136770411274	0.785449769418463	0.772134829648205
0.3574912586343896	0.7852985193977462	0.7719751472363563
0.35763109484495337	0.7851472940042248	0.7718154922975229
0.35777087639996635	0.7849960932342998	0.7716558648274959
0.3579106033634656	0.7848449170843734	0.7714962648220682
0.3580502757993631	0.7846937655508486	0.771336692277033
0.35818989377144633	0.7845426386301276	0.7711771471881834
0.35832945734337834	0.7843915363186146	0.771017629551314
0.3584689665786984	0.7842404586127136	0.7708581393622195
0.3586084215408221	0.7840894055088286	0.7706986766166952
0.3587478222930419	0.7839383770033649	0.7705392413105373
0.35888716889852723	0.783787373092728	0.7703798334395421
0.35902646142032485	0.7836363937733238	0.7702204529995071
0.35916569992135944	0.7834854390415588	0.7700610999862303
0.3593048844644336	0.7833345088938398	0.7699017743955094
0.35944401511222857	0.7831836033265743	0.7697424762231438
0.35958309192730403	0.7830327223361704	0.7695832054649332
0.359722114972099	0.7828818659190362	0.7694239621166773
0.35986108430893166	0.7827310340715807	0.7692647461741773
0.36	0.7825802267902132	0.7691055576332343
0.3601388621073821	0.7824294440713438	0.7689463964896505
0.3602776706930364	0.7822786859113825	0.768787262739228
0.360416425818802	0.7821279523067404	0.7686281563777704
0.36055512754639896	0.781977243253829	0.7684690774010814
0.3606937759374287	0.7818265587490597	0.7683100258049652
0.3608323710533743	0.7816758987888447	0.7681510015852265
0.3609709129556009	0.7815252633695975	0.7679920047376716
0.36110940170535577	0.7813746524877306	0.7678330352581056
0.36124783736376886	0.781224066139658	0.7676740931423356
0.36138621999185305	0.7810735043217946	0.7675151783861692
0.36152454965050435	0.7809229670305541	0.7673562909854141
0.3616628264005025	0.7807724542623522	0.7671974309358784
0.3618010503025109	0.7806219660136048	0.7670385982333721
0.3619392214170772	0.7804715022807277	0.7668797928737039
0.36207733980463347	0.7803210630601378	0.7667210148526846
0.36221540552549664	0.7801706483482524	0.7665622641661253
0.36235341863986875	0.7800202581414888	0.7664035408098364
0.3624913792078372	0.7798698924362654	0.7662448447796312
0.36262928728937494	0.7797195512290009	0.7660861760713217
0.3627671429443411	0.7795692345161142	0.7659275346807213
0.3629049462324811	0.7794189422940246	0.7657689206036435
0.36304269721342697	0.7792686745591532	0.7656103338359032
0.36318039594669754	0.7791184313079195	0.7654517743733151
0.363318042491699	0.778968212536745	0.765293242211695
0.363455636907725	0.7788180182420514	0.7651347373468591
0.36359317925395684	0.7786678484202605	0.764976259774624
0.3637306695894642	0.7785177030677947	0.7648178094908071
0.36386810797320507	0.7783675821810776	0.7646593864912269
0.3640054944640259	0.778217485756532	0.7645009907717013
0.3641428291206625	0.7780674137905822	0.7643426223280498
0.3642801120017397	0.7779173662796527	0.764184281156092
0.36441734316577196	0.7777673432201682	0.7640259672516484
0.36455452267116367	0.7776173446085541	0.7638676806105398
0.3646916505762094	0.7774673704412369	0.763709421228588
0.36482872693909396	0.7773174207146425	0.7635511891016147
0.3649657518178932	0.7771674954251977	0.7633929842254429
0.3651027252705737	0.7770175945693302	0.763234806595896
0.3652396473549935	0.7768677181434676	0.7630766562087976
0.3653765181289022	0.7767178661440385	0.7629185330599726
0.3655133376499413	0.7765680385674716	0.7627604371452457
0.36565010597564446	0.7764182354101962	0.7626023684604425
0.36578682316343764	0.7762684566686417	0.7624443270013896
0.3659234892706397	0.7761187023392394	0.7622863127639142
0.36606010435446257	0.7759689724184191	0.7621283257438427
0.3661966684720111	0.7758192669026125	0.7619703659370043
0.36633318168028406	0.7756695857882512	0.7618124333392265
0.3664696440361739	0.7755199290717674	0.7616545279463395
0.3666060555964672	0.7753702967495938	0.7614966497541724
0.366742416417845	0.7752206888181639	0.7613387987585563
0.3668787265568828	0.775071105273911	0.7611809749553217
0.3670149860700514	0.7749215461132692	0.7610231783403002
0.3671511950137164	0.7747720113326736	0.7608654089093242
0.36728735344413915	0.774622500928559	0.7607076666582262
0.3674234614174767	0.7744730148973611	0.7605499515828399
0.3675595189897821	0.7743235532355159	0.7603922636789989
0.36769552621700474	0.7741741159394601	0.7602346029425381
0.3678314831549904	0.7740247030056306	0.7600769693692923
0.36796738985948196	0.7738753144304653	0.7599193629550973
0.36810324638611924	0.7737259502104019	0.7597617836957896
0.3682390527904394	0.7735766103418791	0.759604231587206
0.3683748091278773	0.7734272948213357	0.7594467066251839
0.36851051545376556	0.773278003645211	0.7592892088055613
0.3686461718233352	0.7731287368099459	0.7591317381241772
0.3687817782917155	0.7729794943119798	0.7589742945768706
0.36891733491393436	0.7728302761477539	0.7588168781594813
0.3690528417449187	0.77268108231371	0.75865948886785
0.36918829883949467	0.77253191280629	0.7585021266978178
0.36932370625238775	0.7723827676219356	0.7583447916452257
0.3694590640382233	0.7722336467570905	0.7581874837059167
0.3695943722515266	0.7720845502081977	0.7580302028757331
0.369729630946723	0.7719354779717008	0.7578729491505184
0.3698648401781386	0.7717864300440445	0.7577157225261166
0.37	0.7716374064216732	0.7575585229983719
0.37013511046643494	0.7714884071010327	0.7574013505631303
0.37027017163147236	0.7713394320785683	0.7572442052162369
0.3704051835490427	0.7711904813507264	0.757087086953538
0.3705401462729781	0.7710415549139541	0.7569299957708809
0.37067505985701277	0.7708926527646978	0.7567729316641126
0.3708099243547831	0.770743774899406	0.7566158946290819
0.3709447398198282	0.7705949213145266	0.7564588846616369
0.37107950630558945	0.7704460920065083	0.7563019017576272
0.3712142238654117	0.7702972869717998	0.7561449459129023
0.37134889255254283	0.7701485062068513	0.7559880171233129
0.37148351242013417	0.7699997497081129	0.7558311153847104
0.3716180835212409	0.7698510174720347	0.7556742406929454
0.37175260590882214	0.7697023094950682	0.7555173930438712
0.371887079635741	0.7695536257736649	0.75536057243334
0.3720215047547655	0.7694049663042768	0.7552037788572056
0.37215588131856786	0.7692563310833562	0.7550470123113213
0.3722902093797257	0.7691077201073566	0.7548902727915424
0.37242448899072145	0.768959133372731	0.7547335602937237
0.37255872020394315	0.7688105708759335	0.7545768748137208
0.37269290307168446	0.7686620326134188	0.7544202163473905
0.37282703764614494	0.7685135185816414	0.7542635848905894
0.3729611239794303	0.7683650287770571	0.7541069804391749
0.37309516212355265	0.7682165631961217	0.7539504029890053
0.37322915213043045	0.7680681218352915	0.7537938525359391
0.3733630940518894	0.7679197046910234	0.7536373290758358
0.37349698793966196	0.7677713117597746	0.7534808326045551
0.3736308338453881	0.767622943038003	0.7533243631179574
0.3737646318206152	0.767474598522167	0.7531679206119039
0.37389838191679836	0.7673262782087255	0.753011505082256
0.3740320841853009	0.7671779820941372	0.7528551165248759
0.3741657386773941	0.7670297101748625	0.7526987549356267
0.374299345444258	0.7668814624473614	0.7525424203103717
0.37443290453698114	0.7667332389080943	0.7523861126449742
0.3745664160065609	0.766585039553523	0.7522298319352997
0.3746998799039039	0.7664368643801085	0.7520735781772128
0.3748332962798262	0.7662887133843135	0.7519173513665792
0.3749666651850535	0.7661405865626003	0.7517611514992654
0.37509998667022104	0.765992483911432	0.7516049785711381
0.3752332607858744	0.7658444054272725	0.7514488325780649
0.3753664875824692	0.7656963511065857	0.751292713515914
0.37549966711037175	0.7655483209458359	0.7511366213805538
0.375632799419859	0.7654003149414885	0.7509805561678535
0.37576588456111876	0.765252333090009	0.7508245178736833
0.37589892258425006	0.765104375387863	0.750668506493913
0.3760319135392633	0.7649564418315173	0.7505125220244142
0.3761648574760805	0.764808532417439	0.7503565644610581
0.3762977544445356	0.764660647142095	0.7502006337997169
0.37643060449437427	0.7645127860019537	0.7500447300362634
0.37656340767525465	0.7643649489934836	0.7498888531665713
0.37669616403674727	0.7642171361131529	0.7497330031865138
0.37682887362833545	0.7640693473574316	0.7495771800919657
0.3769615364994153	0.7639215827227892	0.7494213838788024
0.377094152699296	0.7637738422056962	0.7492656145428993
0.37722672227720033	0.7636261258026233	0.7491098720801324
0.37735924528226417	0.7634784335100419	0.7489541564863792
0.37749172176353746	0.7633307653244233	0.7487984677575164
0.37762415176998415	0.7631831212422404	0.7486428058894224
0.37775653535048204	0.7630355012599656	0.7484871708779759
0.3778888725538237	0.7628879053740719	0.7483315627190559
0.378021163428716	0.7627403335810329	0.7481759814085421
0.3781534080237807	0.7625927858773235	0.748020426942315
0.37828560638755476	0.7624452622594174	0.7478648993162552
0.37841775856849	0.7622977627237904	0.7477093985262447
0.378549864614954	0.7621502872669178	0.7475539245681655
0.37868192457522976	0.7620028358852756	0.7473984774379
0.3788139384975162	0.7618554085753404	0.7472430571313315
0.3789459064299283	0.7617080053335895	0.7470876636443442
0.3790778284204973	0.7615606261564998	0.7469322969728222
0.37920970451717084	0.7614132710405498	0.7467769571126507
0.3793415347678132	0.7612659399822179	0.7466216440597151
0.3794733192202055	0.7611186329779828	0.7464663578099017
0.37960505792204613	0.7609713500243238	0.7463110983590973
0.3797367509209505	0.7608240911177216	0.7461558657031893
0.37986839826445157	0.7606768562546556	0.7460006598380655
0.38	0.7605296454316073	0.7458454807596144
0.38013155617496425	0.7603824586450579	0.7456903284637254
0.38026306683663086	0.7602352958914891	0.745535202946288
0.3803945320322047	0.7600881571673829	0.7453801042031921
0.380525951808809	0.7599410424692227	0.7452250322303291
0.38065732621348564	0.7597939517934912	0.7450699870235903
0.38078865529319544	0.7596468851366723	0.7449149685788673
0.3809199390948182	0.7594998424952504	0.7447599768920532
0.381051177665153	0.75935282386571	0.744605011959041
0.38118237105091834	0.7592058292445363	0.7444500737757246
0.3813135192987524	0.7590588586282151	0.7442951623379982
0.38144462245521304	0.7589119120132319	0.7441402776417567
0.38157568056677826	0.7587649893960738	0.7439854196828956
0.3817066936798463	0.7586180907732282	0.743830588457311
0.3818376618407357	0.7584712161411816	0.7436757839608996
0.3819685850956856	0.7583243654964231	0.743521006189559
0.38209946349085605	0.7581775388354407	0.7433662551391864
0.38223029707232786	0.7580307361547234	0.7432115308056805
0.38236108588610324	0.7578839574507603	0.7430568331849403
0.38249182997810555	0.7577372027200422	0.7429021622728657
0.38262252939417984	0.7575904719590588	0.7427475180653563
0.3827531841800928	0.7574437651643011	0.7425929005583133
0.38288379438153297	0.7572970823322607	0.7424383097476378
0.38301436004411116	0.7571504234594292	0.7422837456292316
0.3831448812133603	0.7570037885422991	0.7421292081989975
0.383275357934736	0.7568571775773633	0.7419746974528385
0.3834057902536163	0.7567105905611146	0.7418202133866579
0.38353617821530217	0.7565640274900469	0.7416657559963604
0.38366652186501754	0.7564174883606548	0.7415113252778505
0.38379682124790976	0.7562709731694327	0.7413569212270338
0.38392707640904933	0.7561244819128756	0.741202543839816
0.3840572873934304	0.7559780145874799	0.7410481931121042
0.38418745424597095	0.755831571189741	0.740893869039805
0.3843175770115127	0.7556851517161554	0.7407395716188262
0.3844476557348217	0.7555387561632209	0.7405853008450766
0.3845776904605882	0.7553923845274343	0.740431056714464
0.3847076812334269	0.755246036805294	0.7402768392228989
0.38483762809787714	0.7550997129932988	0.7401226483662909
0.38496753109840315	0.7549534130879473	0.7399684841405508
0.3850973902793941	0.7548071370857389	0.7398143465415896
0.38522720568516444	0.7546608849831739	0.7396602355653192
0.3853569773599539	0.7545146567767523	0.739506151207652
0.38548670534792767	0.7543684524629752	0.7393520934645007
0.3856163896931768	0.7542222720383442	0.7391980623317792
0.38574603043971817	0.7540761154993606	0.7390440578054012
0.38587562763149474	0.7539299828425274	0.7388900798812817
0.38600518131237566	0.7537838740643465	0.7387361285553357
0.3861346915261565	0.753637789161322	0.738582203823479
0.3862641583165593	0.7534917281299572	0.7384283056816284
0.38639358172723315	0.7533456909667569	0.7382744341257008
0.3865229618017538	0.7531996776682248	0.7381205891516134
0.3866522985836241	0.7530536882308665	0.7379667707552845
0.38678159211627433	0.7529077226511882	0.7378129789326332
0.38691084244306206	0.7527617809256955	0.7376592136795785
0.38704004960727256	0.7526158630508948	0.7375054749920403
0.3871692136521188	0.7524699690232938	0.7373517628659391
0.3872983346207417	0.7523240988393994	0.7371980772971959
0.3874274125562103	0.75217825249572	0.7370444182817324
0.387556447501522	0.7520324299887641	0.736890785815471
0.38768543949960255	0.7518866313150404	0.7367371798943341
0.3878143885933063	0.7517408564710584	0.736583600514245
0.3879432948254165	0.7515951054533286	0.7364300476711282
0.3880721582386451	0.7514493782583606	0.7362765213609078
0.38820097887563343	0.7513036748826656	0.7361230215795092
0.388329756778952	0.7511579953227551	0.7359695483228577
0.38845849199110066	0.7510123395751406	0.7358161015868795
0.38858718455450897	0.7508667076363347	0.735662681367502
0.38871583451153624	0.7507210995028498	0.735509287660652
0.3888444419044716	0.7505755151711995	0.7353559204622581
0.3889730067755345	0.7504299546378974	0.7352025797682484
0.3891015291668744	0.7502844178994577	0.735049265574552
0.38923000912057126	0.7501389049523947	0.7348959778770986
0.38935844667863573	0.749993415793224	0.7347427166718192
0.3894868418830089	0.7498479504184613	0.7345894819546439
0.3896151947755631	0.7497025088246224	0.7344362737215044
0.38974350539810154	0.7495570910082239	0.7342830919683331
0.38987177379235854	0.7494116969657828	0.7341299366910619
0.39	0.7492663266938164	0.7339768078856244
0.3901281840626232	0.7491209801888433	0.7338237055479544
0.39025632602175714	0.7489756574473814	0.7336706296739859
0.3903844259188627	0.7488303584659497	0.7335175802596542
0.3905124837953327	0.7486850832410679	0.7333645573008947
0.3906404996924922	0.7485398317692556	0.7332115607936435
0.39076847365159845	0.7483946040470333	0.7330585907338371
0.39089640571384127	0.7482494000709218	0.7329056471174129
0.39102429592034305	0.7481042198374422	0.7327527299403085
0.39115214431215894	0.7479590633431162	0.732599839198462
0.39127995093027707	0.7478139305844667	0.7324469748878133
0.39140771581561856	0.7476688215580156	0.7322941370043011
0.39153543900903787	0.7475237362602865	0.7321413255438657
0.3916631205513228	0.7473786746878032	0.7319885405024481
0.39179076048319467	0.7472336368370893	0.7318357818759891
0.3919183588453085	0.7470886227046699	0.7316830496604306
0.3920459156782532	0.7469436322870703	0.7315303438517156
0.39217343102255153	0.746798665580815	0.7313776644457861
0.39230090491866065	0.7466537225824308	0.7312250114385864
0.3924283374069717	0.7465088032884445	0.7310723848260606
0.39255572852781045	0.7463639076953821	0.7309197846041529
0.39268307832143723	0.7462190357997721	0.7307672107688092
0.3928103868280471	0.7460741875981416	0.7306146633159749
0.39293765408777004	0.7459293630870192	0.7304621422415966
0.3930648801406709	0.7457845622629341	0.7303096475416216
0.39319206502675	0.745639785122415	0.7301571792119971
0.39331920878594273	0.7454950316619923	0.7300047372486713
0.39344631145812003	0.7453503018781961	0.7298523216475933
0.39357337308308854	0.7452055957675567	0.7296999324047119
0.39370039370059057	0.7450609133266058	0.7295475695159769
0.3938273733503044	0.7449162545518752	0.7293952329773395
0.39395431207184417	0.7447716194398968	0.7292429227847506
0.3940812099047606	0.744627007987203	0.7290906389341613
0.3942080668885405	0.7444824201903275	0.7289383814215239
0.39433488306260706	0.7443378560458033	0.7287861502427915
0.39446165846632036	0.7441933155501645	0.7286339453939168
0.39458839313897714	0.7440487986999462	0.7284817668708546
0.394715087119811	0.7439043054916827	0.7283296146695588
0.3948417404479927	0.7437598359219101	0.7281774887859847
0.39496835316262996	0.7436153899871638	0.7280253892160876
0.3950949253027682	0.7434709676839801	0.7278733159558242
0.3952214569073901	0.7433265690088965	0.7277212690011508
0.3953479480154159	0.7431821939584499	0.727569248348025
0.3954743986657038	0.743037842529178	0.7274172539924048
0.3956008088970496	0.7428935147176198	0.7272652859302486
0.3957271787481876	0.7427492105203133	0.7271133441575154
0.39585350825778975	0.7426049299337977	0.7269614286701649
0.3959797974644666	0.7424606729546134	0.7268095394641575
0.3961060464067672	0.7423164395793	0.7266576765354538
0.396232255123179	0.7421722298043983	0.7265058398800152
0.39635842365212826	0.7420280436264494	0.7263540294938036
0.3964845520319802	0.741883881041995	0.7262022453727819
0.3966106403010389	0.7417397420475771	0.7260504875129125
0.39673668849754745	0.741595626639738	0.7258987559101596
0.3968626966596886	0.7414515348150208	0.7257470505604874
0.39698866482558415	0.741307466569969	0.7255953714598603
0.3971145930332956	0.7411634219011268	0.7254437186042443
0.3972404813208241	0.7410194008050385	0.725292091989605
0.3973663297261106	0.7408754032782483	0.7251404916119087
0.39749213828703583	0.7407314293173024	0.7249889174671229
0.39761790704142086	0.7405874789187463	0.7248373695512152
0.39774363602702684	0.7404435520791264	0.7246858478601537
0.3978693252815553	0.7402996487949891	0.7245343523899073
0.397994974842648	0.7401557690628819	0.7243828831364453
0.39812058474788764	0.7400119128793525	0.7242314400957377
0.39824615503479754	0.7398680802409491	0.7240800232637552
0.3983716857408418	0.7397242711442203	0.7239286326364689
0.3984971769034255	0.739580485585715	0.7237772682098502
0.398622628559895	0.739436723561983	0.7236259299798716
0.3987480407475377	0.7392929850695743	0.7234746179425059
0.3988734135035826	0.7391492701050392	0.7233233320937261
0.3989987468652001	0.739005578664929	0.7231720724295069
0.39912404086950215	0.7388619107457952	0.7230208389458225
0.3992492955535426	0.738718266344189	0.7228696316386475
0.39937451095431714	0.7385746454566638	0.7227184505039583
0.39949968710876355	0.7384310480797719	0.7225672955377309
0.3996248240537617	0.7382874742100666	0.7224161667359418
0.3997499218261337	0.7381439238441019	0.7222650640945689
0.39987498046264414	0.738000396978432	0.7221139876095901
0.4	0.7378568936096114	0.7219629372769837
0.4001249804748511	0.7377134137341955	0.7218119130927289
0.40024992192379	0.7375699573487402	0.7216609150528053
0.4003748243833521	0.7374265244498013	0.7215099431531933
0.4004996878900157	0.7372831150339354	0.7213589973898735
0.4006245124802026	0.7371397290977	0.7212080777588277
0.40074929819027755	0.7369963666376521	0.7210571842560375
0.4008740450565489	0.7368530276503499	0.7209063168774854
0.40099875311526845	0.7367097121323521	0.7207554756191549
0.4011234224026316	0.7365664200802174	0.7206046604770293
0.4012480529547776	0.7364231514905054	0.7204538714470929
0.40137264480778956	0.7362799063597759	0.7203031085253305
0.4014971979976946	0.7361366846845893	0.7201523717077278
0.40162171256046403	0.7359934864615061	0.7200016609902702
0.4017461885320133	0.7358503116870883	0.7198509763689447
0.4018706259482024	0.7357071603578967	0.7197003178397381
0.4019950248448356	0.7355640324704943	0.7195496853986383
0.402119385257662	0.7354209280214439	0.7193990790416336
0.40224370722237535	0.7352778470073077	0.7192484987647121
0.4023679907746142	0.7351347894246503	0.7190979445638639
0.40249223594996214	0.7349917552700354	0.7189474164350789
0.4026164427839479	0.7348487445400276	0.7187969143743475
0.40274061131204536	0.7347057572311919	0.7186464383776606
0.4028647415696737	0.7345627933400938	0.71849598844101
0.4029888335921977	0.7344198528632992	0.7183455645603877
0.4031128874149275	0.7342769357973747	0.7181951667317866
0.40323690307311905	0.7341340421388873	0.7180447949512005
0.40336088060197406	0.7339911718844041	0.7178944492146229
0.40348482003664027	0.7338483250304931	0.717744129518048
0.4036087214122113	0.7337055015737226	0.7175938358574716
0.403732584763727	0.7335627015106614	0.7174435682288888
0.4038564101261734	0.7334199248378785	0.7172933266282963
0.4039801975344831	0.7332771715519438	0.7171431110516903
0.404103947023535	0.7331344416494274	0.7169929214950681
0.40422765862815474	0.7329917351269	0.7168427579544279
0.4043513323831146	0.7328490519809328	0.7166926204257684
0.4044749683231337	0.7327063922080971	0.7165425089050882
0.4045985664828782	0.7325637558049652	0.7163924233883872
0.40472212689696124	0.7324211427681098	0.7162423638716657
0.40484564959994324	0.7322785530941031	0.7160923303509239
0.4049691346263318	0.7321359867795192	0.7159423228221636
0.40509258201058185	0.7319934438209319	0.7157923412813866
0.4052159917870962	0.7318509242149155	0.7156423857245952
0.40533936399022485	0.7317084279580447	0.7154924561477924
0.4054626986542659	0.731565955046895	0.7153425525469822
0.40558599581346494	0.7314235054780422	0.7151926749181682
0.40570925550201586	0.7312810792480623	0.7150428232573554
0.4058324777540605	0.7311386763535322	0.714892997560549
0.40595566260368876	0.730996296791029	0.714743197823755
0.40607881008493907	0.7308539405571305	0.7145934240429799
0.406201920231798	0.7307116076484146	0.7144436762142303
0.40632499307820086	0.7305692980614596	0.7142939543335141
0.40644802865803153	0.7304270117928453	0.7141442583968393
0.40657102700512243	0.7302847488391505	0.7139945884002147
0.4066939881532551	0.7301425091969553	0.7138449443396493
0.40681691213615984	0.7300002928628405	0.7136953262111532
0.4069397989875161	0.7298580998333866	0.7135457340107366
0.40706264874095244	0.7297159301051752	0.7133961677344108
0.40718546143004664	0.7295737836747878	0.7132466273781868
0.40730823708832603	0.7294316605388069	0.7130971129380773
0.4074309757492673	0.7292895606938155	0.7129476244100943
0.4075536774462966	0.7291474841363965	0.7127981617902517
0.4076763422127902	0.7290054308631336	0.7126487250745628
0.40779897008207366	0.7288634008706111	0.712499314259042
0.4079215610874228	0.7287213941554136	0.7123499293397045
0.4080441152620633	0.7285794107141259	0.7122005703125657
0.408166632639171	0.7284374505433339	0.7120512371736414
0.40828911325187206	0.7282955136396235	0.7119019299189486
0.40841155713324273	0.728153599999581	0.7117526485445043
0.40853396431630995	0.7280117096197934	0.711603393046326
0.408656334834051	0.7278698424968486	0.7114541634204326
0.4087786687193939	0.7277279986273336	0.7113049596628425
0.40890096600521747	0.7275861780078373	0.7111557817695754
0.4090232267243512	0.7274443806349489	0.7110066297366513
0.40914545090957566	0.7273026065052565	0.7108575035600906
0.40926763859362253	0.7271608556153507	0.7107084032359146
0.4093897898091744	0.7270191279618217	0.7105593287601452
0.40951190458886544	0.7268774235412595	0.7104102801288041
0.40963398296528086	0.726735742350256	0.7102612573379148
0.40975602497095753	0.7265940843854023	0.7101122603835004
0.40987803063838396	0.7264524496432905	0.7099632892615847
0.41	0.7263108381205134	0.7098143439681928
0.4101219330881976	0.7261692498136638	0.7096654244993491
0.4102438299353203	0.7260276847193348	0.7095165308510796
0.4103656905736638	0.7258861428341209	0.7093676630194107
0.41048751503547587	0.7257446241546162	0.7092188210003691
0.4106093033529562	0.7256031286774152	0.7090700047899821
0.410731055558257	0.7254616563991136	0.7089212143842775
0.4108527716834828	0.7253202073163071	0.7087724497792839
0.41097445176069036	0.7251787814255919	0.7086237109710305
0.4110960958218893	0.7250373787235648	0.7084749979555467
0.4112177038990418	0.7248959992068227	0.7083263107288629
0.41133927602406267	0.7247546428719631	0.7081776492870094
0.4114608122288197	0.7246133097155846	0.7080290136260182
0.41158231254513356	0.7244719997342856	0.7078804037419208
0.411703777004778	0.7243307129246646	0.7077318196307496
0.41182520563948	0.7241894492833216	0.7075832612885378
0.41194659848091963	0.7240482088068563	0.7074347287113185
0.4120679555607303	0.7239069914918689	0.7072862218951261
0.41218927691049895	0.7237657973349608	0.7071377408359958
0.412310562561766	0.723624626332733	0.7069892855299622
0.4124318125460256	0.723483478481787	0.7068408559730612
0.4125530268947254	0.7233423537787256	0.7066924521613297
0.412674205639267	0.723201252220151	0.7065440740908038
0.4127953488110059	0.7230601738026666	0.7063957217575217
0.4129164564412515	0.7229191185228762	0.7062473951575213
0.4130375285612677	0.7227780863773836	0.7060990942868411
0.41315856520227195	0.7226370773627936	0.7059508191415204
0.4132795663954365	0.722496091475711	0.705802569717599
0.41340053217188777	0.7223551287127412	0.7056543460111171
0.4135214625627066	0.7222141890704905	0.7055061480181157
0.4136423575989287	0.7220732725455652	0.7053579757346363
0.41376321731154403	0.7219323791345719	0.7052098291567207
0.41388404173149757	0.7217915088341179	0.7050617082804115
0.41400483088968904	0.7216506616408117	0.7049136131017523
0.4141255848169731	0.7215098375512607	0.7047655436167861
0.4142463035441596	0.721369036562074	0.7046174998215574
0.41436698710201325	0.7212282586698611	0.7044694817121117
0.4144876355212541	0.7210875038712308	0.7043214892844935
0.4146082488325576	0.7209467721627937	0.7041735225347487
0.4147288270665544	0.7208060635411607	0.7040255814589249
0.4148493702538308	0.7206653780029422	0.7038776660530678
0.4149698784249286	0.7205247155447498	0.7037297763132261
0.4150903516103452	0.7203840761631961	0.7035819122354476
0.4152107898405339	0.7202434598548926	0.7034340738157807
0.4153311931459037	0.7201028666164525	0.7032862610502751
0.4154515615568198	0.7199622964444894	0.703138473934981
0.415571895103603	0.7198217493356168	0.702990712465948
0.41569219381653055	0.7196812252864491	0.702842976639228
0.4158124577258358	0.719540724293601	0.7026952664508721
0.4159326868617084	0.7194002463536875	0.7025475818969323
0.4160528812542944	0.7192597914633244	0.7023999229734615
0.4161730409336963	0.719119359619128	0.7022522896765131
0.41629316592997295	0.7189789508177141	0.7021046820021405
0.4164132562731403	0.7188385650557005	0.7019570999463983
0.41653331199317056	0.7186982023297045	0.7018095435053415
0.4166533331199932	0.7185578626363438	0.7016620126750255
0.4167733196834942	0.7184175459722371	0.7015145074515065
0.41689327171351664	0.7182772523340031	0.7013670278308409
0.41701318923986086	0.7181369817182612	0.701219573809086
0.4171330722922842	0.7179967341216308	0.7010721453822991
0.4172529209005013	0.7178565095407329	0.7009247425465396
0.4173727350941841	0.7177163079721876	0.7007773652978649
0.4174925149029621	0.717576129412616	0.7006300136323356
0.417612260356422	0.7174359738586403	0.7004826875460112
0.41773197148410846	0.717295841306882	0.7003353870349521
0.41785164831552357	0.7171557317539637	0.7001881120952197
0.4179712908801273	0.7170156451965091	0.7000408627228755
0.41809089920733744	0.7168755816311406	0.6998936389139816
0.41821047332652966	0.716735541054483	0.6997464406646009
0.4183300132670378	0.7165955234631604	0.6995992679707971
0.41844951905815353	0.7164555288537974	0.6994521208286333
0.418568990729127	0.7163155572230195	0.6993049992341746
0.41868842830916647	0.7161756085674527	0.6991579031834858
0.41880783182743847	0.7160356828837227	0.6990108326726325
0.4189272013130682	0.7158957801684566	0.6988637876976805
0.41904653679513926	0.7157559004182814	0.6987167682546972
0.4191658383026937	0.7156160436298247	0.6985697743397492
0.4192851058647326	0.7154762097997144	0.6984228059489045
0.4194043395102154	0.7153363989245795	0.6982758630782316
0.41952353926806063	0.7151966110010486	0.6981289457237996
0.41964270516714575	0.715056846025751	0.6979820538816773
0.4197618372363071	0.7149171039953172	0.6978351875479356
0.41988093550434036	0.7147773849063767	0.6976883467186443
0.42	0.714637688755561	0.6975415313898753
0.42011903075200013	0.7144980155395012	0.6973947415576999
0.42023802778901387	0.7143583652548287	0.6972479772181901
0.42035699113967406	0.7142187378981761	0.6971012383674192
0.4204759208325728	0.7140791334661762	0.6969545250014608
0.4205948168962618	0.7139395519554617	0.6968078371163884
0.42071367935925263	0.7137999933626661	0.6966611747082765
0.4208325082500163	0.7136604576844239	0.6965145377732003
0.42095130359698374	0.7135209449173692	0.6963679263072357
0.421070065428546	0.7133814550581371	0.6962213403064584
0.42118879377305374	0.7132419881033628	0.6960747797669453
0.42130748865881795	0.7131025440496824	0.6959282446847739
0.42142615011410955	0.7129631228937321	0.6957817350560218
0.42154477816715985	0.712823724632149	0.6956352508767679
0.42166337284616034	0.7126843492615698	0.6954887921430903
0.42178193417926285	0.7125449967786327	0.6953423588510695
0.4219004621945798	0.7124056671799754	0.695195950996785
0.4220189569201839	0.7122663604622368	0.6950495685763176
0.4221374183841087	0.712127076622056	0.6949032115857486
0.42225584661434823	0.711987815656072	0.6947568800211594
0.4223742416388575	0.7118485775609255	0.6946105738786327
0.4224926034855522	0.7117093623332565	0.6944642931542514
0.4226109321823088	0.7115701699697062	0.6943180378440986
0.42272922775696503	0.7114310004669157	0.6941718079442586
0.4228474902373195	0.711291853821527	0.6940256034508158
0.422965719651132	0.7111527300301823	0.6938794243598554
0.4230839160261236	0.7110136290895241	0.6937332706674629
0.42320207938997656	0.7108745509961962	0.6935871423697249
0.42332020977033447	0.7107354957468416	0.6934410394627275
0.4234383071948026	0.7105964633381044	0.6932949619425584
0.4235563716909474	0.7104574537666298	0.6931489098053057
0.42367440328629724	0.7103184670290623	0.6930028830470575
0.42379240200834184	0.7101795031220475	0.6928568816639029
0.42391036788453285	0.7100405620422314	0.6927109056519317
0.4240283009422838	0.7099016437862602	0.6925649550072337
0.42414620120896995	0.7097627483507809	0.6924190297258997
0.42426406871192857	0.7096238757324405	0.6922731298040206
0.4243819034784589	0.7094850259278873	0.6921272552376888
0.4244997055358225	0.7093461989337693	0.6919814060229964
0.4246174749112429	0.7092073947467352	0.691835582156036
0.42473521163190603	0.7090686133634339	0.6916897836329012
0.4248529157249601	0.708929854780515	0.691544010449686
0.42497058721751557	0.7087911189946289	0.6913982626024854
0.42508822613664565	0.7086524060024256	0.6912525400873938
0.425205832509386	0.7085137158005563	0.6911068429005071
0.42532340636273475	0.7083750483856728	0.6909611710379218
0.425440947723653	0.7082364037544263	0.6908155244957342
0.4255584566190643	0.7080977819034695	0.6906699032700423
0.4256759330758553	0.7079591828294554	0.6905243073569435
0.42579337712087534	0.7078206065290366	0.6903787367525362
0.4259107887809371	0.7076820529988672	0.6902331914529197
0.4260281680828159	0.7075435222356012	0.6900876714541933
0.4261455150532503	0.7074050142358935	0.6899421767524572
0.4262628297189423	0.7072665289963987	0.689796707343812
0.42638011210655685	0.7071280665137729	0.6896512632243591
0.42649736224272244	0.7069896267846715	0.6895058443902001
0.42661458015403086	0.7068512098057513	0.6893604508374375
0.42673176586703737	0.7067128155736692	0.6892150825621742
0.4268489194082609	0.7065744440850821	0.6890697395605131
0.4269660408041839	0.7064360953366481	0.6889244218285588
0.4270831300812524	0.7062977693250254	0.6887791293624156
0.4272001872658766	0.7061594660468729	0.6886338621581886
0.42731721238442993	0.7060211854988495	0.6884886202119836
0.4274342054632502	0.7058829276776152	0.6883434035199067
0.427551166528639	0.7057446925798294	0.6881982120780645
0.4276680956068619	0.7056064802021533	0.6880530458825647
0.42778499272414877	0.7054682905412474	0.6879079049295146
0.4279018579066934	0.7053301235937736	0.6877627892150231
0.42801869118065394	0.7051919793563933	0.687617698735199
0.4281354925721529	0.705053857825769	0.6874726334861516
0.4282522621072771	0.7049157589985637	0.6873275934639915
0.4283689998120779	0.7047776828714407	0.6871825786648291
0.428485705712571	0.7046396294410634	0.6870375890847754
0.4286023798347368	0.7045015987040962	0.6868926247199425
0.42871902220452035	0.7043635906572037	0.6867476855664423
0.4288356328478313	0.7042256052970506	0.6866027716203879
0.4289522117905443	0.704087642620303	0.6864578828778927
0.4290687590584987	0.7039497026236268	0.6863130193350705
0.4291852746774987	0.7038117853036879	0.6861681809880358
0.4293017586733136	0.7036738906571537	0.6860233678329037
0.42941821107167777	0.7035360186806915	0.68587857986579
0.4295346318982906	0.7033981693709688	0.6857338170828107
0.4296510211788167	0.7032603427246543	0.6855890794800824
0.42976737893888595	0.7031225387384165	0.6854443670537228
0.4298837052040935	0.7029847574089244	0.6852996797998491
0.43	0.7028469987328476	0.68515501771458
0.4301162633521313	0.7027092627068567	0.6850103807940345
0.43023249528597907	0.7025715493276218	0.684865769034332
0.43034869582700025	0.7024338585918138	0.6847211824315926
0.43046486500061765	0.7022961904961045	0.6845766209819366
0.43058100283221973	0.7021585450371653	0.6844320846814856
0.4306971093471606	0.7020209222116689	0.6842875735263608
0.43081318457076034	0.7018833220162881	0.6841430875126848
0.4309292285283049	0.7017457444476959	0.6839986266365801
0.4310452412450461	0.7016081895025664	0.6838541908941703
0.431161222746202	0.7014706571775734	0.6837097802815794
0.4312771730569565	0.7013331474693916	0.6835653947949313
0.43139309220245986	0.701195660374696	0.6834210344303512
0.43150898020782835	0.7010581958901625	0.683276699183965
0.43162483709814475	0.7009207540124666	0.6831323890518987
0.4317406628984581	0.7007833347382847	0.6829881040302782
0.43185645763378366	0.7006459380642943	0.6828438441152322
0.43197222132910357	0.700508563987172	0.6826996093028869
0.432087954009366	0.7003712125035959	0.6825553995893714
0.43220365569948616	0.7002338836102443	0.6824112149708146
0.43231932642434573	0.7000965773037957	0.6822670554433454
0.43243496620879307	0.6999592935809296	0.6821229210030944
0.4325505750776434	0.6998220324383251	0.6819788116461915
0.43266615305567874	0.6996847938726626	0.681834727368768
0.432781700167648	0.6995475778806222	0.6816906681669557
0.4328972164382673	0.6994103844588855	0.6815466340368865
0.4330127018922193	0.6992732136041334	0.6814026249746933
0.43312815655415426	0.6991360653130478	0.681258640976509
0.4332435804486894	0.6989989395823115	0.681114682038468
0.43335897360040904	0.6988618364086064	0.6809707481567041
0.43347433603386487	0.6987247557886163	0.6808268393273524
0.433589667773576	0.698587697719025	0.6806829555465486
0.4337049688440288	0.6984506621965161	0.6805390968104283
0.4338202392696772	0.6983136492177744	0.6803952631151283
0.4339354790749427	0.6981766587794851	0.6802514544567857
0.4340506882842141	0.6980396908783333	0.6801076708315379
0.4341658669218482	0.6979027455110054	0.6799639122355234
0.43428101501216926	0.6977658226741876	0.6798201786648811
0.43439613257946946	0.6976289223645664	0.6796764701157497
0.43451121964800865	0.6974920445788293	0.6795327865842695
0.4346262762420146	0.6973551893136644	0.6793891280665811
0.43474130238568315	0.6972183565657593	0.6792454945588249
0.434856298103178	0.6970815463318027	0.6791018860571426
0.4349712634186309	0.6969447586084845	0.6789583025576769
0.4350861983561419	0.6968079933924929	0.6788147440565694
0.43520110293977887	0.696671250680519	0.6786712105499637
0.43531597719357834	0.696534530469253	0.6785277020340036
0.4354308211415448	0.6963978327553854	0.678384218504833
0.43554563480765135	0.6962611575356078	0.6782407599585972
0.43566041821583934	0.696124504806612	0.6780973263914413
0.43577517139001853	0.69598787456509	0.6779539177995106
0.43588989435406733	0.6958512668077351	0.6778105341789528
0.4360045871318328	0.69571468153124	0.6776671755259139
0.4361192497471305	0.6955781187322984	0.6775238418365417
0.43623388222374476	0.695441578407604	0.6773805331069843
0.4363484845854286	0.695305060553852	0.6772372493333905
0.4364630568559039	0.6951685651677367	0.6770939905119093
0.43657759905886145	0.695032092245954	0.6769507566386904
0.436692111217961	0.6948956417851994	0.6768075477098842
0.43680659335683114	0.6947592137821693	0.6766643637216413
0.43692104549906957	0.6946228082335605	0.6765212046701133
0.43703546766824314	0.6944864251360704	0.6763780705514525
0.43714985988788785	0.6943500644863961	0.6762349613618104
0.43726422218150895	0.6942137262812363	0.6760918770973408
0.4373785545725808	0.6940774105172893	0.6759488177541968
0.43749285708454716	0.6939411171912538	0.6758057833285328
0.4376071297408213	0.6938048462998301	0.6756627738165037
0.43772137256478577	0.6936685978397175	0.6755197892142643
0.4378355855797927	0.6935323718076161	0.6753768295179703
0.4379497688091638	0.6933961682002271	0.6752338947237781
0.43806392227619023	0.6932599870142518	0.6750909848278449
0.4381780460041329	0.6931238282463917	0.6749480998263275
0.4382921400162225	0.6929876918933494	0.6748052397153845
0.43840620433565947	0.6928515779518268	0.6746624044911738
0.438520238985614	0.6927154864185274	0.6745195941498546
0.4386342439892262	0.6925794172901548	0.6743768086875868
0.4387482193696061	0.6924433705634127	0.6742340481005302
0.4388621651498338	0.6923073462350054	0.6740913123848455
0.43897608135295935	0.6921713443016383	0.6739486015366942
0.43908996800200295	0.692035364760016	0.6738059155522377
0.439203825119955	0.6918994076068447	0.6736632544276384
0.4393176527297759	0.6917634728388306	0.6735206181590595
0.4394314508543966	0.6916275604526801	0.673378006742664
0.4395452195167182	0.6914916704451004	0.6732354201746158
0.4396589587396122	0.6913558028127994	0.6730928584510799
0.43977266854592045	0.6912199575524847	0.672950321568221
0.4398863489584554	0.6910841346608647	0.6728078095222046
0.44	0.6909483341346486	0.6726653223091972
0.4401136216933077	0.6908125559705453	0.6725228599253651
0.44022721406110277	0.6906768001652651	0.6723804223668758
0.44034077712607994	0.6905410667155183	0.6722380096298971
0.4404543109109048	0.6904053556180149	0.6720956217105971
0.4405678154382138	0.6902696668694667	0.6719532586051448
0.4406812907306141	0.6901340004665849	0.6718109203097095
0.4407947368106838	0.6899983564060818	0.6716686068204613
0.4409081537009721	0.6898627346846695	0.6715263181335703
0.4410215414239989	0.6897271352990616	0.6713840542452085
0.4411349000022555	0.689591558245971	0.6712418151515466
0.44124822945820413	0.6894560035221113	0.671099600848757
0.44136152981427823	0.6893204711241974	0.6709574113330125
0.44147480109288234	0.6891849610489437	0.6708152466004862
0.44158804331639234	0.6890494732930653	0.6706731066473517
0.4417012565071555	0.6889140078532782	0.6705309914697839
0.44181444068749043	0.688778564726298	0.6703889010639569
0.44192759587968705	0.6886431439088412	0.6702468354260467
0.4420407221060069	0.6885077453976255	0.6701047945522293
0.44215381938868287	0.6883723691893674	0.6699627784386807
0.4422668877499196	0.6882370152807854	0.6698207870815783
0.4423799272118933	0.6881016836685975	0.6696788204770994
0.44249293779675175	0.6879663743495225	0.6695368786214223
0.4426059195266146	0.6878310873202794	0.6693949615107258
0.4427188724235731	0.6876958225775887	0.6692530691411891
0.44283179650969057	0.6875605801181696	0.6691112015089917
0.442944691807002	0.6874253599387429	0.6689693586103143
0.4430575583375144	0.6872901620360298	0.6688275404413373
0.4431703961232068	0.6871549864067512	0.6686857469982422
0.44328320518603004	0.6870198330476299	0.6685439782772113
0.44339598554790727	0.6868847019553875	0.6684022342744269
0.4435087372307337	0.6867495931267468	0.6682605149860718
0.44362146025637667	0.6866145065584316	0.6681188204083296
0.4437341546466758	0.686479442247165	0.6679771505373848
0.4438468204234429	0.6863444001896714	0.6678355053694215
0.4439594576084623	0.6862093803826756	0.6676938849006256
0.4440720662234904	0.686074382822902	0.667552289127182
0.44418464629025617	0.6859394075070765	0.6674107180452776
0.44429719783046123	0.6858044544319251	0.6672691716510993
0.44440972086577946	0.6856695235941737	0.6671276499408338
0.44452221541785736	0.6855346149905496	0.6669861529106695
0.4446346815083142	0.6853997286177795	0.666844680556795
0.4447471191587417	0.6852648644725919	0.666703232875399
0.4448595283907045	0.6851300225517144	0.6665618098626712
0.4449719092257398	0.6849952028518757	0.6664204115148015
0.44508426168535775	0.6848604053698047	0.6662790378279807
0.4451965857910413	0.6847256301022311	0.6661376887983999
0.44530888156424636	0.6845908770458848	0.6659963644222509
0.44542114902640173	0.6844561461974961	0.6658550646957258
0.4455333881989093	0.6843214375537958	0.6657137896150174
0.44564559910314383	0.6841867511115152	0.6655725391763192
0.44575778176045344	0.684052086867386	0.665431313375825
0.4458699361921591	0.6839174448181405	0.6652901122097292
0.4459820624195552	0.6837828249605116	0.665148935674227
0.44609416046390926	0.6836482272912314	0.6650077837655135
0.4462062303464621	0.6835136518070342	0.6648666564797848
0.44631827208842795	0.6833790985046536	0.664725553813238
0.4464302857109943	0.6832445673808242	0.6645844757620695
0.44654227123532214	0.6831100584322808	0.6644434223224774
0.4466542286825459	0.6829755716557587	0.6643023934906602
0.4467661580737735	0.6828411070479934	0.664161389262816
0.4468780594300866	0.6827066646057212	0.6640204096351445
0.4469899327725402	0.6825722443256789	0.6638794546038457
0.4471017781221631	0.6824378462046032	0.6637385241651194
0.4472135954999579	0.6823034702392319	0.6635976183151668
0.4473253849269008	0.6821691164263031	0.6634567370501897
0.4474371464239419	0.6820347847625547	0.6633158803663898
0.44754888001200493	0.681900475244726	0.6631750482599695
0.4476605857119878	0.681766187869556	0.6630342407271324
0.44777226354476224	0.6816319226337847	0.6628934577640816
0.44788391353117385	0.681497679534152	0.6627526993670213
0.44799553569204237	0.6813634585673988	0.6626119655321567
0.4481071300481616	0.6812292597302659	0.6624712562556925
0.4482186966202994	0.6810950830194951	0.6623305715338347
0.44833023542919787	0.6809609284318282	0.6621899113627898
0.4484417464955733	0.6808267959640073	0.6620492757387642
0.4485532298401161	0.6806926856127757	0.6619086646579659
0.4486646854834911	0.6805585973748768	0.6617680781166027
0.44877611344633755	0.6804245312470538	0.6616275161108828
0.44888751374926883	0.6802904872260513	0.6614869786370153
0.44899888641287294	0.6801564653086138	0.66134646569121
0.4491102314577124	0.6800224654914864	0.6612059772696769
0.44922154890432403	0.6798884877714144	0.6610655133686265
0.44933283877321945	0.6797545321451441	0.6609250739842703
0.44944410108488464	0.6796205986094216	0.6607846591128197
0.44955533585978047	0.6794866871609939	0.6606442687504872
0.4496665431183423	0.6793527977966087	0.6605039028934857
0.4497777228809804	0.6792189305130129	0.6603635615380282
0.44988887516807974	0.6790850853069551	0.6602232446803289
0.45	0.6789512621751841	0.660082952316602
0.45011109739707594	0.6788174611144486	0.6599426844430626
0.4502221673796172	0.6786836821214985	0.6598024410559263
0.4503332099679081	0.6785499251930835	0.659662222151409
0.45044422518220834	0.6784161903259539	0.6595220277257273
0.45055521304275237	0.6782824775168608	0.6593818577750981
0.45066617356975	0.6781487867625554	0.6592417122957398
0.4507771067833858	0.6780151180597892	0.6591015912838697
0.45088801270381984	0.6778814714053149	0.6589614947357072
0.45099889135118726	0.6777478467958846	0.6588214226474713
0.45110974274559845	0.6776142442282514	0.6586813750153817
0.45122056690713913	0.6774806636991691	0.6585413518356591
0.45133136385587036	0.6773471052053915	0.6584013531045241
0.4514421336118285	0.6772135687436731	0.6582613788181981
0.4515528761950255	0.6770800543107685	0.6581214289729035
0.45166359162544856	0.6769465619034332	0.6579815035648625
0.4517742799230607	0.6768130915184224	0.6578416025902981
0.45188494110780014	0.676679643152493	0.6577017260454341
0.4519955751995809	0.6765462168024013	0.6575618739264942
0.45210618221829263	0.6764128124649043	0.6574220462297036
0.4522167621838005	0.6762794301367592	0.6572822429512871
0.45232731511594565	0.6761460698147246	0.6571424640874709
0.45243784103454476	0.676012731495558	0.6570027096344805
0.4525483399593904	0.6758794151760192	0.6568629795885436
0.452658811910251	0.6757461208528668	0.6567232739458868
0.4527692569068708	0.6756128485228605	0.6565835927027386
0.4528796749689701	0.6754795981827609	0.656443935855327
0.452990066116245	0.675346369829328	0.6563043033998812
0.4531004303683677	0.6752131634593234	0.6561646953326306
0.4532107677449864	0.6750799790695081	0.6560251116498053
0.4533210782657255	0.6749468166566442	0.6558855523476358
0.45343136195018535	0.6748136762174943	0.6557460174223533
0.4535416188179427	0.6746805577488207	0.6556065068701894
0.4536518488885502	0.674547461247387	0.6554670206873762
0.4537620521815371	0.6744143867099565	0.6553275588701466
0.4538722287164087	0.6742813341332942	0.6551881214147338
0.45398237851264667	0.6741483035141632	0.6550487083173715
0.45409250158970915	0.6740152948493301	0.6549093195742942
0.4542025979670306	0.6738823081355593	0.6547699551817366
0.4543126676640219	0.6737493433696169	0.6546306151359345
0.45442271070007056	0.6736164005482693	0.6544912994331231
0.45453272709454046	0.6734834796682836	0.6543520080695397
0.4546427168667722	0.6733505807264264	0.6542127410414208
0.45475268003608293	0.6732177037194657	0.6540734983450038
0.45486261662176636	0.6730848486441696	0.6539342799765276
0.454972526643093	0.6729520154973065	0.6537950859322299
0.4550824101193101	0.6728192042756456	0.6536559162083506
0.45519226706964167	0.6726864149759562	0.653516770801129
0.45530209751328843	0.6725536475950079	0.6533776497068052
0.45541190146942806	0.6724209021295714	0.6532385529216203
0.45552167895721496	0.6722881785764172	0.6530994804418156
0.4556314299957807	0.6721554769323166	0.6529604322636327
0.45574115460423364	0.6720227971940411	0.6528214083833142
0.45585085280165927	0.6718901393583632	0.6526824087971029
0.4559605246071199	0.6717575034220548	0.6525434335012422
0.45607017003965516	0.671624889381889	0.6524044824919761
0.4561797891182817	0.6714922972346393	0.6522655557655493
0.45628938186199336	0.6713597269770796	0.6521266533182065
0.4563989482897611	0.6712271786059839	0.6519877751461937
0.45650848842053315	0.6710946521181275	0.6518489212457569
0.45661800227323496	0.6709621475102846	0.6517100916131425
0.4567274898667695	0.6708296647792314	0.6515712862445979
0.4568369512200168	0.6706972039217443	0.651432505136371
0.4569463863518345	0.670564764934599	0.6512937482847099
0.45705579528105755	0.6704323478145728	0.6511550156858632
0.4571651780264984	0.670299952558443	0.6510163073360805
0.457274534606947	0.6701675791629872	0.6508776232316117
0.45738386504117085	0.6700352276249839	0.650738963368707
0.45749316934791495	0.6699028979412116	0.6506003277436172
0.45760244754590207	0.6697705901084495	0.6504617163525943
0.45771169965383235	0.6696383041234771	0.6503231291918898
0.4578209256903839	0.6695060399830746	0.6501845662577567
0.45793012567421243	0.6693737976840219	0.6500460275464476
0.4580392996239515	0.6692415772231004	0.6499075130542165
0.4581484475582123	0.6691093785970912	0.6497690227773172
0.458257569495584	0.6689772018027759	0.6496305567120046
0.45836666545463356	0.6688450468369371	0.649492114854534
0.45847573545390596	0.668712913696357	0.6493536972011608
0.45858477951192406	0.6685808023778188	0.6492153037481415
0.45869379764718865	0.6684487128781059	0.649076934491733
0.4588027898781785	0.6683166451940029	0.6489385894281925
0.4589117562233506	0.6681845993222932	0.6488002685537778
0.45902069670114004	0.6680525752597622	0.6486619718647476
0.45912961132995983	0.6679205730031951	0.6485236993573608
0.4592385001282014	0.6677885925493775	0.6483854510278764
0.4593473631142341	0.6676566338950956	0.648247226872555
0.45945620030640566	0.667524697037136	0.6481090268876569
0.45956501172304226	0.6673927819722856	0.647970851069443
0.4596737973824482	0.6672608886973319	0.6478326994141753
0.45978255730290596	0.6671290172090629	0.6476945719181156
0.45989129150267677	0.6669971675042669	0.6475564685775269
0.46	0.6668653395797327	0.6474183893886724
0.46010868281309364	0.6667335334322494	0.6472803343478154
0.460217339960154	0.6666017490586066	0.6471423034512203
0.46032597145935616	0.6664699864555946	0.6470042966951522
0.4604345773288535	0.6663382456200038	0.6468663140758766
0.46054315758677816	0.666206526548625	0.6467283555896587
0.4606517122512409	0.6660748292382499	0.6465904212327656
0.46076024134033094	0.6659431536856703	0.6464525110014636
0.4608687448721165	0.6658114998876782	0.6463146248920206
0.4609772228646444	0.6656798678410667	0.6461767629007046
0.46108567533594014	0.6655482575426286	0.646038925023784
0.4611941023040082	0.6654166689891577	0.6459011112575279
0.4613025037868318	0.6652851021774481	0.6457633215982059
0.4614108798023731	0.665153557104294	0.645625556042088
0.46151923036857306	0.6650220337664905	0.6454878145854451
0.4616275555033516	0.664890532160833	0.6453500972245483
0.46173585522460786	0.6647590522841172	0.6452124039556694
0.4618441295502196	0.6646275941331392	0.6450747347750803
0.4619523784980439	0.664496157704696	0.6449370896790543
0.46206060208591687	0.6643647429955842	0.6447994686638644
0.46216880033165375	0.6642333500026016	0.6446618717257844
0.4622769732530488	0.6641019787225465	0.644524298861089
0.46238512086787564	0.6639706291522167	0.644386750066053
0.4624932431938871	0.6638393012884113	0.6442492253369515
0.4626013402488151	0.6637079951279297	0.6441117246700608
0.46270941205037097	0.6635767106675714	0.6439742480616575
0.4628174586162454	0.6634454479041367	0.6438367955080183
0.46292547996410827	0.6633142068344263	0.6436993670054211
0.463033476111609	0.6631829874552411	0.6435619625501439
0.46314144707637644	0.6630517897633825	0.6434245821384652
0.4632493928760188	0.6629206137556526	0.6432872257666643
0.46335731352812376	0.6627894594288534	0.6431498934310208
0.4634652090502587	0.662658326779788	0.6430125851278151
0.46357307945997034	0.6625272158052595	0.6428753008533279
0.4636809247747852	0.6623961265020716	0.6427380406038402
0.4637887450122092	0.6622650588670282	0.642600804375634
0.4638965401897281	0.6621340128969342	0.6424635921649919
0.46400431032480727	0.6620029885885941	0.6423264039681963
0.4641120554348917	0.6618719859388135	0.6421892397815308
0.4642197755374064	0.6617410049443986	0.6420520996012796
0.464327470649756	0.6616100456021552	0.6419149834237268
0.46443514078932485	0.66147910790889	0.6417778912451576
0.46454278597347737	0.6613481918614104	0.6416408230618575
0.4646504062195577	0.6612172974565238	0.6415037788701126
0.46475800154489	0.6610864246910383	0.6413667586662091
0.46486557196677836	0.6609555735617625	0.6412297624464346
0.46497311750250686	0.6608247440655048	0.6410927902070767
0.4650806381693394	0.6606939361990751	0.6409558419444232
0.4651881339845203	0.660563149959283	0.6408189176547632
0.46529560496527367	0.6604323853429384	0.6406820173343857
0.46540305112880387	0.6603016423468521	0.6405451409795805
0.46551047249229527	0.6601709209678354	0.6404082885866379
0.46561786907291264	0.6600402212026993	0.6402714601518488
0.4657252408878007	0.6599095430482563	0.6401346556715043
0.4658325879540846	0.6597788865013184	0.6399978751418967
0.4659399102888698	0.6596482515586987	0.639861118559318
0.46604720790924176	0.65951763821721	0.6397243859200612
0.4661544808322666	0.6593870464736664	0.63958767722042
0.4662617290749907	0.6592564763248818	0.6394509924566883
0.4663689526544407	0.6591259277676709	0.6393143316251605
0.46647615158762407	0.6589954007988486	0.6391776947221317
0.4665833258915282	0.6588648954152303	0.6390410817438976
0.4666904755831214	0.6587344116136318	0.6389044926867541
0.4667976006793522	0.6586039493908695	0.638767927546998
0.4669047011971501	0.6584735087437601	0.6386313863209262
0.4670117771534247	0.6583430896691209	0.638494869004837
0.46711882856506654	0.6582126921637693	0.6383583755950278
0.4672258554489467	0.6580823162245233	0.6382219060877978
0.4673328578219169	0.6579519618482015	0.6380854604794465
0.4674398357008097	0.6578216290316227	0.6379490387662732
0.4675467891024384	0.6576913177716063	0.6378126409445785
0.4676537180435969	0.6575610280649722	0.6376762670106633
0.46776062254106	0.6574307599085404	0.6375399169608289
0.4678675026115834	0.6573005132991314	0.6374035907913771
0.4679743582719036	0.6571702882335666	0.6372672884986104
0.46808118953873806	0.6570400847086676	0.637131010078832
0.46818799642878506	0.6569099027212559	0.6369947555283451
0.46829477895872385	0.6567797422681542	0.636858524843454
0.46840153714521476	0.6566496033461853	0.636722318020463
0.4685082710048991	0.6565194859521722	0.6365861350556773
0.46861498055439926	0.6563893900829388	0.6364499759454024
0.4687216658103186	0.6562593157353092	0.6363138406859447
0.4688283267892417	0.6561292629061078	0.6361777292736103
0.46893496350773417	0.6559992315921597	0.636041641704707
0.4690415759823429	0.6558692217902904	0.6359055779755423
0.46914816422959604	0.6557392334973255	0.6357695380824243
0.4692547282660027	0.6556092667100916	0.6356335220216619
0.46936126810805345	0.6554793214254152	0.6354975297895644
0.4694677837722201	0.6553493976401233	0.6353615613824414
0.4695742752749558	0.655219495351044	0.6352256167966036
0.4696807426326951	0.6550896145550048	0.6350896960283617
0.46978718586185386	0.6549597552488344	0.6349537990740272
0.4698936049788292	0.6548299174293617	0.6348179259299118
0.47	0.6547001010934158	0.6346820765923279
0.4701063709417263	0.6545703062378267	0.6345462510575889
0.4702127178203499	0.6544405328594244	0.634410449322008
0.4703190406521939	0.6543107809550397	0.6342746713818992
0.4704253394535631	0.6541810505215034	0.634138917233577
0.4705316142407437	0.6540513415556474	0.6340031868733568
0.4706378650300037	0.6539216540543032	0.6338674802975541
0.4707440918375928	0.6537919880143033	0.6337317975024848
0.47085029467974215	0.6536623434324806	0.6335961384844658
0.4709564735726647	0.6535327203056681	0.6334605032398142
0.4710626285325551	0.6534031186306996	0.6333248917648476
0.47116875957558985	0.6532735384044092	0.6331893040558845
0.4712748667179272	0.6531439796236311	0.6330537401092433
0.471380949975707	0.6530144422852007	0.6329181999212434
0.47148700936505133	0.6528849263859531	0.632782683488205
0.47159304490206383	0.6527554319227241	0.6326471908064477
0.4716990566028302	0.6526259588923503	0.6325117218722932
0.471805044483418	0.652496507291668	0.6323762766820624
0.47191100855987667	0.6523670771175142	0.6322408552320771
0.47201694884823786	0.6522376683667268	0.6321054575186601
0.47212286536451503	0.6521082810361438	0.6319700835381342
0.4722287581247038	0.6519789151226032	0.6318347332868227
0.47233462714478175	0.651849570622944	0.6316994067610495
0.4724404724407087	0.6517202475340058	0.6315641039571399
0.4725462940284264	0.6515909458526279	0.6314288248714182
0.47265209192385893	0.6514616655756508	0.6312935695002104
0.47275786614291254	0.6513324066999145	0.6311583378398424
0.47286361670147553	0.6512031692222605	0.6310231298866407
0.4729693436154187	0.6510739531395301	0.6308879456369327
0.4730750469005948	0.6509447584485651	0.6307527850870461
0.47318072657283916	0.650815585146208	0.6306176482333091
0.4732863826479693	0.650686433229301	0.6304825350720501
0.473392015141785	0.6505573026946879	0.6303474455995988
0.4734976240700686	0.650428193539212	0.6302123798122846
0.47360320944858475	0.650299105759717	0.630077337706438
0.4737087712930805	0.6501700393530481	0.6299423192783898
0.47381430961928533	0.6500409943160494	0.6298073245244714
0.4739198244429114	0.6499119706455668	0.6296723534410147
0.47402531577965323	0.6497829683384458	0.6295374060243519
0.4741307836451879	0.6496539873915325	0.629402482270816
0.474236228055175	0.6495250278016738	0.6292675821767405
0.47434164902525694	0.6493960895657163	0.6291327057384594
0.47444704657105835	0.6492671726805076	0.6289978529523067
0.4745524207081869	0.6491382771428958	0.6288630238146182
0.47465777145223276	0.6490094029497292	0.628728218321729
0.47476309881876877	0.6488805500978565	0.6285934364699751
0.47486840282335063	0.6487517185841268	0.6284586782556935
0.4749736834815167	0.6486229084053899	0.6283239436752206
0.4750789408087881	0.6484941195584957	0.6281892327248946
0.4751841748206689	0.6483653520402949	0.6280545454010533
0.47528938553264577	0.6482366058476381	0.6279198817000358
0.47539457296018856	0.6481078809773768	0.6277852416181807
0.47549973711874965	0.6479791774263628	0.6276506251518281
0.4756048780237646	0.6478504951914484	0.6275160322973184
0.47570999569065187	0.647721834269486	0.627381463050992
0.47581509013481277	0.6475931946573291	0.6272469174091905
0.47592016137163173	0.6474645763518306	0.6271123953682551
0.4760252094164762	0.6473359793498448	0.6269778969245289
0.47613023428469653	0.6472074036482262	0.6268434220743544
0.4762352359916263	0.647078849243829	0.6267089708140748
0.47634021455258213	0.6469503161335088	0.6265745431400341
0.47644516998286385	0.6468218043141215	0.6264401390485771
0.47655010229775424	0.6466933137825229	0.6263057585360482
0.47665501151251943	0.6465648445355695	0.6261714015987929
0.47675989764240867	0.6464363965701182	0.6260370682331575
0.4768647607026546	0.6463079698830265	0.6259027584354886
0.47696960070847283	0.646179564471152	0.6257684722021327
0.47707441767506253	0.6460511803313532	0.6256342095294378
0.47717921161760596	0.6459228174604884	0.6254999704137516
0.47728398255126897	0.6457944758554173	0.625365754851423
0.4773887304912004	0.6456661555129988	0.6252315628388008
0.4774934554525329	0.6455378564300929	0.6250973943722349
0.47759815745038214	0.6454095786035603	0.6249632494480754
0.47770283649984746	0.6452813220302617	0.624829128062673
0.47780749261601163	0.6451530867070582	0.6246950302123787
0.4779121258139408	0.6450248726308115	0.6245609558935444
0.4780167361086848	0.6448966797983838	0.6244269051025223
0.4781213235152768	0.6447685082066374	0.6242928778356651
0.4782258880487337	0.6446403578524357	0.6241588740893261
0.47833042972405587	0.6445122287326416	0.6240248938598592
0.4784349485562274	0.644384120844119	0.6238909371436184
0.478539444560216	0.6442560341837322	0.6237570039369589
0.4786439177509728	0.644127968748346	0.6236230942362357
0.47874836814343297	0.6439999245348255	0.6234892080378053
0.47885279575251516	0.6438719015400358	0.6233553453380235
0.47895720059312186	0.6437438997608435	0.6232215061332474
0.4790615826801394	0.6436159191941144	0.6230876904198344
0.4791659420284376	0.6434879598367156	0.6229538981941425
0.47927027865287036	0.6433600216855144	0.6228201294525304
0.47937459256827536	0.6432321047373781	0.6226863841913566
0.47947888378947406	0.6431042089891752	0.6225526624069811
0.47958315233127197	0.6429763344377738	0.6224189640957636
0.4796873982084583	0.6428484810800434	0.622285289254065
0.4797916214358062	0.6427206489128532	0.6221516378782461
0.47989582202807307	0.6425928379330725	0.6220180099646685
0.48	0.6424650481375723	0.6218844055096944
0.4801041553663122	0.6423372795232228	0.6217508245096868
0.4802082881417188	0.6422095320868952	0.621617266961008
0.4803123983409131	0.6420818058254607	0.6214837328600222
0.4804164859785725	0.641954100735792	0.6213502222030938
0.48052055106935854	0.6418264168147607	0.6212167349865871
0.48062459362791665	0.6416987540592402	0.6210832712068677
0.4807286136688766	0.6415711124661032	0.620949830860301
0.48083261120685233	0.6414434920322236	0.6208164139432535
0.4809365862564419	0.6413158927544755	0.6206830204520917
0.48104053883222775	0.6411883146297336	0.6205496503831834
0.4811444689487763	0.6410607576548726	0.620416303732896
0.4812483766206386	0.6409332218267677	0.620282980497598
0.4813522618623496	0.6408057071422952	0.6201496806736585
0.48145612468842885	0.6406782135983309	0.6200164042574464
0.4815599651133803	0.6405507411917515	0.6198831512453318
0.48166378315169184	0.6404232899194343	0.6197499216336854
0.4817675788178362	0.6402958597782566	0.6196167154188778
0.48187135212627036	0.6401684507650964	0.6194835325972805
0.48197510309143565	0.6400410628768323	0.6193503731652658
0.482078831727758	0.6399136961103424	0.6192172371192055
0.4821825380496478	0.6397863504625065	0.6190841244554732
0.4822862220714998	0.6396590259302042	0.6189510351704424
0.48238988380769343	0.6395317225103155	0.6188179692604868
0.4824935232725927	0.6394044401997205	0.6186849267219813
0.4825971404805462	0.6392771789953009	0.6185519075513009
0.4827007354458868	0.6391499388939373	0.6184189117448211
0.48280430818293246	0.6390227198925118	0.6182859392989181
0.48290785870598546	0.6388955219879069	0.6181529902099686
0.4830113870293329	0.6387683451770045	0.6180200644743495
0.4831148931672465	0.6386411894566884	0.6178871620884386
0.48321837713398275	0.6385140548238415	0.6177542830486143
0.4833218389437829	0.638386941275348	0.617621427351255
0.4834252786108728	0.6382598488080922	0.6174885949927401
0.48352869614946326	0.6381327774189589	0.6173557859694494
0.4836320915737499	0.6380057271048329	0.6172230002777628
0.48373546489791297	0.6378786978626003	0.6170902379140614
0.4838388161361178	0.6377516896891471	0.6169574988747264
0.48394214530251445	0.6376247025813595	0.6168247831561396
0.4840454524112379	0.6374977365361245	0.6166920907546833
0.4841487374764082	0.6373707915503295	0.6165594216667406
0.48425200051213	0.637243867620862	0.6164267758886945
0.4843552415324934	0.6371169647446103	0.616294153416929
0.484458460551573	0.6369900829184633	0.6161615542478284
0.4845616575834287	0.6368632221393093	0.6160289783777777
0.4846648326421054	0.6367363824040385	0.6158964258031624
0.48476798574163293	0.6366095637095404	0.6157638965203686
0.4848711168960263	0.636482766052705	0.615631390525782
0.48497422611928565	0.6363559894304236	0.6154989078157903
0.4850773134253962	0.6362292338395873	0.6153664483867809
0.48518037882832815	0.6361024992770872	0.6152340122351417
0.48528342234203714	0.6359757857398154	0.615101599357261
0.4853864439804639	0.6358490932246649	0.6149692097495283
0.4854894437575342	0.6357224217285277	0.6148368434083326
0.4855924216871593	0.6355957712482976	0.6147045003300644
0.4856953777832357	0.6354691417808682	0.6145721805111141
0.4857983120596448	0.6353425333231336	0.6144398839478726
0.4859012245302537	0.6352159458719883	0.6143076106367321
0.4860041152089147	0.6350893794243274	0.6141753605740842
0.48610698410946535	0.634962833977046	0.6140431337563217
0.4862098312457287	0.6348363095270403	0.6139109301798378
0.48631265663151313	0.6347098060712064	0.6137787498410263
0.4864154602806124	0.6345833236064409	0.6136465927362812
0.4865182422068056	0.6344568621296408	0.613514458861997
0.4866210024238576	0.6343304216377039	0.6133823482145693
0.48672374094551835	0.6342040021275278	0.6132502607903937
0.4868264577855234	0.6340776035960112	0.6131181965858665
0.48692915295759404	0.6339512260400528	0.6129861555973846
0.48703182647543686	0.6338248694565516	0.6128541378213447
0.487134478352744	0.6336985338424076	0.6127221432541453
0.4872371086031933	0.6335722191945204	0.6125901718921842
0.48733971724044817	0.6334459255097911	0.6124582237318605
0.4874423042781576	0.6333196527851198	0.6123262987695733
0.48754486972995625	0.6331934010174086	0.6121943970017228
0.4876474136094644	0.6330671702035588	0.6120625184247092
0.487749935930288	0.6329409603404728	0.6119306630349334
0.48785243670601874	0.6328147714250533	0.6117988308287966
0.4879549159502341	0.632688603454203	0.6116670218027008
0.48805737367649715	0.6325624564248256	0.6115352359530488
0.48815980989835694	0.6324363303338248	0.611403473276243
0.4882622246293481	0.6323102251781052	0.6112717337686872
0.4883646178829912	0.6321841409545713	0.6111400174267851
0.4884669896727925	0.6320580776601282	0.6110083242469414
0.48856934001224434	0.6319320352916816	0.6108766542255609
0.48867166891482466	0.6318060138461375	0.6107450073590495
0.4887739763939975	0.6316800133204022	0.6106133836438127
0.4888762624632127	0.6315540337113827	0.6104817830762574
0.48897852713590606	0.6314280750159862	0.6103502056527904
0.48908077042549936	0.6313021372311204	0.6102186513698196
0.48918299234540036	0.6311762203536933	0.6100871202237528
0.48928519290900274	0.6310503243806136	0.6099556122109985
0.48938737212968625	0.6309244493087903	0.609824127327966
0.4894895300208167	0.6307985951351325	0.6096926655710648
0.4895916665957459	0.6306727618565502	0.6095612269367051
0.48969378186781176	0.6305469494699537	0.6094298114212977
0.48979587585033835	0.6304211579722534	0.6092984190212533
0.48989794855663565	0.6302953873603608	0.6091670497329841
0.49	0.630169637631187	0.6090357035529019
0.49010203019371384	0.6300439087816441	0.6089043804774195
0.49020403915104577	0.6299182008086442	0.6087730805029502
0.4903060268852505	0.6297925137091004	0.6086418036259076
0.49040799340956914	0.6296668474799259	0.608510549842706
0.4905099387372288	0.629541202118034	0.6083793191497601
0.49061186288144315	0.6294155776203387	0.6082481115434848
0.4907137658554119	0.6292899739837549	0.6081169270202964
0.4908156476723211	0.6291643912051972	0.6079857655766112
0.4909175083453431	0.6290388292815808	0.6078546272088456
0.49101934788763674	0.6289132882098217	0.6077235119134173
0.491121166312347	0.6287877679868357	0.6075924196867436
0.4912229636326054	0.6286622686095397	0.6074613505252433
0.49132473986152986	0.6285367900748505	0.6073303044253351
0.4914264950122246	0.6284113323796856	0.6071992813834384
0.49152822909778027	0.6282858955209627	0.6070682813959726
0.49162994213127414	0.6281604794956	0.6069373044593588
0.49173163412576987	0.6280350843005165	0.6068063505700172
0.49183330509431755	0.6279097099326312	0.6066754197243699
0.49193495504995377	0.6277843563888633	0.6065445119188381
0.49203658400570177	0.6276590236661331	0.6064136271498448
0.4921381919745713	0.6275337117613607	0.6062827654138124
0.4922397789695587	0.6274084206714668	0.6061519267071648
0.49234134500364685	0.6272831503933733	0.6060211110263258
0.49244289008980524	0.6271579009240011	0.6058903183677199
0.49254441424099005	0.6270326722602726	0.6057595487277718
0.492645917470144	0.6269074643991102	0.6056288021029073
0.49274739979019677	0.6267822773374364	0.6054980784895523
0.4928488612140643	0.6266571110721751	0.6053673778841332
0.49295030175464954	0.6265319656002499	0.6052367002830774
0.493051721424842	0.6264068409185846	0.6051060456828118
0.4931531202375181	0.6262817370241041	0.604975414079765
0.49325449820554096	0.6261566539137334	0.6048448054703653
0.4933558553417604	0.6260315915843979	0.6047142198510417
0.4934571916590131	0.6259065500330232	0.6045836572182238
0.4935585071701226	0.6257815292565359	0.6044531175683421
0.4936598018878993	0.6256565292518622	0.6043226008978265
0.4937610758251404	0.6255315500159296	0.6041921072031083
0.49386232899462984	0.6254065915456659	0.6040616364806196
0.4939635614091388	0.6252816538379983	0.6039311887267921
0.49406477308142505	0.6251567368898555	0.6038007639380584
0.49416596402423346	0.6250318406981665	0.6036703621108519
0.49426713425029584	0.6249069652598602	0.603539983241606
0.494368283772331	0.6247821105718665	0.6034096273267551
0.4944694126030446	0.6246572766311153	0.6032792943627334
0.49457052075512953	0.6245324634345367	0.6031489843459767
0.4946716082412655	0.6244076709790622	0.6030186972729202
0.49477267507411926	0.6242828992616228	0.6028884331400004
0.4948737212663449	0.6241581482791503	0.6027581919436539
0.4949747468305833	0.6240334180285769	0.6026279736803181
0.49507575177946256	0.6239087085068349	0.6024977783464304
0.49517673612559787	0.6237840197108574	0.6023676059384291
0.49527769988159165	0.6236593516375779	0.602237456452753
0.49537864306003343	0.6235347042839303	0.6021073298858416
0.4954795656734998	0.6234100776468487	0.6019772262341342
0.49558046773455466	0.6232854717232678	0.6018471454940717
0.4956813492557492	0.6231608865101226	0.6017170876620942
0.4957822102496216	0.6230363220043486	0.6015870527346432
0.49588305072869754	0.6229117782028819	0.601457040708161
0.4959838707054898	0.6227872551026588	0.6013270515790893
0.4960846701924985	0.6226627527006159	0.6011970853438711
0.4961854492022111	0.6225382709936904	0.6010671419989498
0.4962862077471023	0.6224138099788202	0.6009372215407693
0.4963869458396342	0.622289369652943	0.6008073239657736
0.49648766349225637	0.6221649500129974	0.6006774492704079
0.4965883607174054	0.6220405510559222	0.6005475974511175
0.49668903752750576	0.6219161727786565	0.600417768504348
0.49678969393496886	0.6217918151781403	0.6002879624265463
0.4968903299521938	0.6216674782513136	0.6001581792141587
0.4969909455915671	0.6215431619951168	0.600028418863633
0.49709154086546276	0.6214188664064911	0.5998986813714171
0.4971921157862421	0.6212945914823779	0.5997689667339591
0.49729267036625424	0.6211703372197186	0.599639274947708
0.4973932046178355	0.6210461036154558	0.5995096060091134
0.49749371855331	0.6209218906665319	0.5993799599146252
0.4975942121849891	0.6207976983698902	0.5992503366606937
0.49769468552517215	0.6206735267224737	0.5991207362437699
0.4977951385861457	0.6205493757212266	0.5989911586603054
0.4978955713801841	0.6204252453630933	0.5988616039067518
0.4979959839195493	0.6203011356450184	0.5987320719795619
0.4980963762164909	0.6201770465639471	0.5986025628751888
0.498196748283246	0.6200529781168248	0.5984730765900856
0.4982971001320397	0.6199289303005976	0.5983436131207065
0.4983974317750845	0.6198049031122119	0.5982141724635059
0.4984977432245807	0.6196808965486145	0.5980847546149388
0.4985980344927164	0.6195569106067526	0.5979553595714608
0.49869830559166733	0.6194329452835736	0.5978259873295279
0.49879855653359706	0.619309000576026	0.5976966378855966
0.4988987873306569	0.6191850764810584	0.597567311236124
0.498998997994986	0.6190611729956191	0.5974380073775675
0.4990991885387112	0.6189372901166579	0.5973087263063853
0.4991993589739474	0.6188134278411243	0.5971794680190358
0.49929950931279715	0.6186895861659684	0.5970502325119782
0.4993996395673509	0.618565765088141	0.5969210197816718
0.4994997497496871	0.6184419646045931	0.5967918298245772
0.4995998398718719	0.6183181847122757	0.5966626626371543
0.4996999099459595	0.6181944254081412	0.5965335182158645
0.499799959983992	0.6180706866891414	0.5964043965571695
0.4998999899979995	0.6179469685522295	0.5962752976575316
0.5	0.6178232709943579	0.5961462215134128
0.5000999900019995	0.6176995940124805	0.5960171681212767
0.500199960015992	0.617575937603551	0.5958881374775865
0.5002999100539596	0.6174523017645239	0.5957591295788066
0.5003998401278722	0.6173286864923541	0.5956301444214016
0.500499750249688	0.6172050917839963	0.5955011820018365
0.5005996404313531	0.6170815176364064	0.5953722423165771
0.5006995106848019	0.6169579640465405	0.5952433253620896
0.5007993610219565	0.6168344310113548	0.5951144311348404
0.5008991914547277	0.6167109185278062	0.5949855596312967
0.5009990019950139	0.6165874265928518	0.5948567108479262
0.5010987926547019	0.6164639552034494	0.5947278847811973
0.5011985634456667	0.6163405043565573	0.5945990814275782
0.5012983143797712	0.6162170740491337	0.5944703007835385
0.501398045468867	0.6160936642781375	0.5943415428455475
0.5014977567247934	0.6159702750405283	0.5942128076100758
0.5015974481593781	0.6158469063332656	0.5940840950735937
0.5016971197844373	0.6157235581533096	0.5939554052325725
0.5017967716117752	0.6156002304976211	0.5938267380834842
0.5018964036531842	0.6154769233631608	0.5936980936228006
0.5019960159204453	0.6153536367468904	0.5935694718469945
0.5020956084253276	0.6152303706457714	0.5934408727525392
0.5021951811795887	0.6151071250567662	0.5933122963359084
0.5022947341949744	0.6149838999768376	0.5931837425935764
0.5023942674832188	0.6148606954029485	0.5930552115220178
0.5024937810560445	0.6147375113320624	0.5929267031177078
0.5025932749251626	0.6146143477611434	0.592798217377122
0.5026927491022722	0.6144912046871557	0.592669754296737
0.5027922035990614	0.6143680821070642	0.5925413138730294
0.5028916384272063	0.6142449800178336	0.5924128961024764
0.5029910535983717	0.61412189841643	0.5922845009815557
0.5030904491242106	0.6139988372998191	0.5921561285067456
0.503189825016365	0.613875796664967	0.5920277786745247
0.5032891812864647	0.6137527765088415	0.5918994514813727
0.5033885179461288	0.6136297768284089	0.5917711469237688
0.5034878350069641	0.6135067976206371	0.5916428649981937
0.5035871324805669	0.6133838388824944	0.5915146057011279
0.5036864103785211	0.6132609006109491	0.5913863690290531
0.5037856687123999	0.6131379828029699	0.5912581549784502
0.5038849074937649	0.6130150854555267	0.5911299635458026
0.5039841267341661	0.6128922085655889	0.5910017947275923
0.5040833264451424	0.6127693521301262	0.5908736485203028
0.5041825066382212	0.6126465161461101	0.590745524920418
0.5042816673249187	0.6125237006105106	0.590617423924422
0.5043808085167397	0.6124009055202996	0.5904893455287996
0.5044799302251776	0.612278130872449	0.5903612897300362
0.5045790324617146	0.6121553766639308	0.5902332565246177
0.5046781152378217	0.6120326428917177	0.5901052459090304
0.5047771785649585	0.6119099295527827	0.5899772578797607
0.5048762224545735	0.6117872366440993	0.5898492924332964
0.5049752469181039	0.6116645641626414	0.589721349566125
0.5050742519669756	0.6115419121053832	0.5895934292747351
0.5051732376126036	0.6114192804692996	0.5894655315556153
0.5052722038663912	0.6112966692513655	0.5893376564052548
0.505371150739731	0.6111740784485566	0.5892098038201437
0.5054700782440045	0.6110515080578488	0.5890819737967722
0.5055689863905816	0.6109289580762183	0.5889541663316311
0.5056678751908213	0.6108064285006423	0.5888263814212119
0.5057667446560717	0.6106839193280975	0.5886986190620062
0.5058655947976696	0.6105614305555617	0.5885708792505063
0.5059644256269407	0.6104389621800131	0.5884431619832055
0.5060632371551999	0.6103165141984298	0.5883154672565964
0.5061620293937505	0.610194086607791	0.5881877950671736
0.5062608023538856	0.6100716794050759	0.588060145411431
0.5063595560468864	0.6099492925872638	0.5879325182858632
0.506458290484024	0.6098269261513352	0.5878049136869661
0.5065570056765576	0.6097045800942704	0.5876773316112353
0.5066557016357361	0.6095822544130504	0.5875497720551669
0.5067543783727971	0.6094599491046565	0.5874222350152581
0.5068530358989675	0.6093376641660707	0.5872947204880065
0.5069516742254631	0.6092153995942747	0.5871672284699093
0.5070502933634887	0.6090931553862513	0.5870397589574651
0.5071488933242386	0.6089709315389836	0.5869123119471727
0.5072474741188959	0.6088487280494548	0.5867848874355317
0.5073460357586328	0.6087265449146488	0.5866574854190417
0.507444578254611	0.6086043821315498	0.5865301058942031
0.5075431016179808	0.6084822396971425	0.5864027488575171
0.5076416058598823	0.6083601176084119	0.5862754143054844
0.5077400909914442	0.6082380158623436	0.5861481022346073
0.5078385570237849	0.6081159344559233	0.5860208126413883
0.5079370039680118	0.6079938733861372	0.5858935455223296
0.5080354318352215	0.6078718326499724	0.5857663008739353
0.5081338406365	0.6077498122444156	0.5856390786927088
0.5082322303829224	0.6076278121664546	0.5855118789751547
0.5083306010855534	0.6075058324130772	0.5853847017177778
0.5084289527554464	0.6073838729812718	0.5852575469170832
0.5085272854036448	0.6072619338680272	0.5851304145695772
0.5086255990411809	0.6071400150703327	0.5850033046717658
0.5087238936790762	0.6070181165851776	0.5848762172201559
0.5088221693283421	0.6068962384095521	0.584749152211255
0.5089204259999789	0.6067743805404466	0.584622109641571
0.5090186637049765	0.6066525429748518	0.5844950895076121
0.5091168824543142	0.6065307257097593	0.5843680918058873
0.5092150822589606	0.6064089287421603	0.5842411165329059
0.5093132631298737	0.6062871520690472	0.5841141636851777
0.5094114250780012	0.6061653956874123	0.583987233259213
0.5095095681142798	0.6060436595942487	0.5838603252515229
0.5096076922496363	0.6059219437865494	0.5837334396586183
0.5097057974949863	0.6058002482613084	0.5836065764770116
0.5098038838612354	0.6056785730155196	0.583479735703215
0.5099019513592785	0.6055569180461778	0.5833529173337412
0.51	0.6054352833502777	0.5832261213651034
0.510098029794274	0.605313668924815	0.583099347793816
0.5101960407529639	0.6051920747667849	0.5829725966163928
0.5102940328869229	0.6050705008731844	0.5828458678293492
0.5103920062069938	0.6049489472410092	0.5827191614291999
0.5104899607240088	0.6048274138672569	0.582592477412461
0.5105878964487898	0.6047059007489249	0.5824658157756493
0.5106858133921482	0.6045844078830108	0.5823391765152809
0.5107837115648853	0.6044629352665131	0.5822125596278735
0.5108815909777921	0.6043414828964303	0.5820859651099453
0.5109794516416487	0.6042200507697614	0.581959392958014
0.5110772935672255	0.604098638883506	0.5818328431685987
0.5111751167652823	0.6039772472346643	0.5817063157382191
0.5112729212465686	0.6038558758202358	0.5815798106633944
0.5113707070218239	0.6037345246372218	0.5814533279406452
0.5114684741017769	0.6036131936826235	0.5813268675664924
0.5115662224971465	0.603491882953442	0.5812004295374573
0.5116639522186412	0.6033705924466798	0.5810740138500619
0.5117616632769595	0.6032493221593389	0.5809476205008282
0.5118593556827891	0.6031280720884219	0.5808212494862791
0.5119570294468082	0.6030068422309325	0.580694900802938
0.5120546845796843	0.6028856325838738	0.5805685744473287
0.5121523210920751	0.60276444314425	0.5804422704159756
0.5122499389946279	0.6026432739090657	0.5803159887054034
0.51234753829798	0.6025221248753255	0.5801897293121374
0.5124451190127582	0.6024009960400347	0.5800634922327036
0.51254268114958	0.6022798874001988	0.5799372774636279
0.5126402247190519	0.6021587989528241	0.5798110850014376
0.5127377497317708	0.6020377306949171	0.5796849148426597
0.5128352561983234	0.6019166826234842	0.579558766983822
0.5129327441292864	0.6017956547355332	0.579432641421453
0.5130302135352264	0.6016746470280716	0.5793065381520813
0.5131276644266999	0.6015536594981075	0.5791804571722362
0.5132250968142537	0.6014326921426494	0.5790543984784473
0.5133225107084239	0.6013117449587063	0.5789283620672454
0.5134199061197374	0.6011908179432874	0.5788023479351608
0.5135172830587107	0.6010699110934028	0.5786763560787251
0.5136146415358503	0.6009490244060622	0.57855038649447
0.5137119815616529	0.6008281578782765	0.5784244391789275
0.5138093031466052	0.6007073115070566	0.5782985141286308
0.5139066063011839	0.6005864852894136	0.5781726113401127
0.5140038910358559	0.6004656792223598	0.5780467308099073
0.5141011573610781	0.6003448933029071	0.5779208725345487
0.5141984052872977	0.6002241275280679	0.5777950365105717
0.5142956348249517	0.6001033818948556	0.5776692227345115
0.5143928459844674	0.5999826564002838	0.577543431202904
0.5144900387762624	0.5998619510413657	0.5774176619122853
0.5145872132107443	0.5997412658151161	0.5772919148591922
0.5146843692983109	0.5996206007185496	0.5771661900401618
0.51478150704935	0.599499955748681	0.577040487451732
0.5148786264742401	0.5993793309025259	0.5769148070904409
0.5149757275833493	0.5992587261771005	0.5767891489528271
0.5150728103870365	0.5991381415694205	0.5766635130354301
0.5151698748956504	0.5990175770765029	0.5765378993347894
0.5152669211195301	0.5988970326953653	0.5764123078474455
0.5153639490690051	0.5987765084230245	0.5762867385699388
0.5154609587543949	0.5986560042564988	0.5761611914988105
0.5155579501860096	0.5985355201928063	0.5760356666306025
0.5156549233741495	0.5984150562289661	0.5759101639618566
0.5157518783291051	0.5982946123619973	0.5757846834891162
0.5158488150611572	0.5981741885889191	0.5756592252089237
0.5159457335805773	0.598053784906752	0.575533789117823
0.5160426338976267	0.5979334013125158	0.5754083752123584
0.5161395160225576	0.5978130378032318	0.5752829834890747
0.5162363799656122	0.5976926943759211	0.5751576139445168
0.5163332257370234	0.5975723710276053	0.5750322665752303
0.5164300533470143	0.5974520677553062	0.5749069413777617
0.5165268628057983	0.5973317845560465	0.5747816383486573
0.5166236541235796	0.5972115214268492	0.5746563574844644
0.5167204273105526	0.5970912783647369	0.5745310987817305
0.516817182376902	0.5969710553667338	0.5744058622370037
0.5169139193328034	0.5968508524298637	0.5742806478468329
0.5170106381884225	0.5967306695511513	0.574155455607767
0.5171073389539158	0.5966105067276214	0.5740302855163556
0.51720402163943	0.5964903639562993	0.5739051375691488
0.5173006862551025	0.5963702412342105	0.5737800117626974
0.5173973328110612	0.5962501385583814	0.5736549080935522
0.5174939613174244	0.5961300559258383	0.5735298265582649
0.5175905717843013	0.5960099933336082	0.5734047671533876
0.5176871642217914	0.5958899507787183	0.5732797298754728
0.5177837386399847	0.5957699282581966	0.5731547147210737
0.517880295048962	0.5956499257690712	0.5730297216867437
0.5179768334587947	0.5955299433083705	0.5729047507690371
0.5180733538795448	0.5954099808731234	0.5727798019645081
0.5181698563212647	0.5952900384603594	0.572654875269712
0.5182663407939976	0.5951701160671082	0.5725299706812041
0.5183628073077774	0.5950502136904	0.5724050881955408
0.5184592558726288	0.5949303313272655	0.5722802278092781
0.518555686498567	0.5948104689747356	0.5721553895189735
0.5186520991955976	0.5946906266298418	0.5720305733211843
0.5187484939737175	0.5945708042896156	0.5719057792124684
0.5188448708429139	0.5944510019510897	0.5717810071893846
0.5189412298131649	0.5943312196112963	0.5716562572484916
0.5190375708944392	0.5942114572672685	0.5715315293863489
0.5191338940966964	0.59409171491604	0.5714068235995163
0.5192301994298868	0.5939719925546445	0.5712821398845549
0.5193264869039514	0.5938522901801161	0.571157478238025
0.5194227565288221	0.5937326077894896	0.5710328386564885
0.5195190083144215	0.5936129453798002	0.570908221136507
0.5196152422706632	0.593493302948083	0.570783625674643
0.5197114584074514	0.5933736804913744	0.5706590522674596
0.519807656734681	0.5932540780067102	0.5705345009115201
0.5199038372622383	0.5931344954911271	0.5704099716033884
0.52	0.5930149329416625	0.5702854643396289
0.5200961449578337	0.5928953903553539	0.5701609791168066
0.5201922721455982	0.5927758677292388	0.5700365159314865
0.5202883815731426	0.592656365060356	0.5699120747802351
0.5203844732503075	0.5925368823457442	0.5697876556596184
0.5204805471869242	0.592417419582442	0.5696632585662033
0.5205766033928149	0.5922979767674895	0.5695388834965572
0.5206726418777925	0.5921785538979264	0.569414530447248
0.5207686626516614	0.592059150970793	0.5692901994148438
0.5208646657242167	0.5919397679831301	0.5691658903959135
0.5209606511052443	0.591820404931979	0.5690416033870267
0.5210566188045211	0.591701061814381	0.5689173383847529
0.5211525688318154	0.5915817386273784	0.5687930953856627
0.5212485011968859	0.5914624353680134	0.5686688743863265
0.521344415909483	0.5913431520333287	0.5685446753833159
0.5214403129793476	0.5912238886203676	0.5684204983732026
0.521536192416212	0.5911046451261737	0.5682963433525589
0.5216320542297991	0.5909854215477908	0.5681722103179574
0.5217278984298233	0.5908662178822636	0.5680480992659716
0.5218237250259901	0.5907470341266365	0.5679240101931748
0.5219195340279956	0.5906278702779555	0.5677999430961419
0.5220153254455275	0.5905087263332653	0.5676758979714471
0.5221110992882645	0.5903896022896127	0.5675518748156659
0.5222068555658763	0.5902704981440435	0.5674278736253736
0.5223025942880238	0.5901514138936049	0.567303894397147
0.522398315464359	0.590032349535344	0.5671799371275622
0.5224940191045253	0.5899133050663086	0.5670560018131968
0.5225897052181568	0.5897942804835467	0.5669320884506284
0.5226853738148792	0.5896752757841064	0.5668081970364348
0.5227810249043093	0.589556290965037	0.566684327567195
0.5228766584960549	0.5894373260233877	0.5665604800394881
0.5229722745997153	0.5893183809562081	0.5664366544498938
0.5230678732248808	0.5891994557605483	0.5663128507949919
0.5231634543811332	0.5890805504334587	0.5661890690713633
0.5232590180780452	0.5889616649719903	0.566065309275589
0.523354564325181	0.5888427993731944	0.5659415714042505
0.523450093132096	0.5887239536341226	0.56581785545393
0.523545604508337	0.5886051277518269	0.5656941614212102
0.5236410984634419	0.5884863217233599	0.565570489302674
0.5237365750069399	0.5883675355457748	0.5654468390949048
0.5238320341483518	0.5882487692161245	0.565323210794487
0.5239274758971895	0.5881300227314629	0.5651996043980048
0.5240229002629561	0.5880112960888441	0.5650760199020431
0.5241183072551464	0.5878925892853227	0.5649524573031879
0.5242136968832463	0.5877739023179533	0.5648289165980248
0.5243090691567331	0.5876552351837918	0.5647053977831404
0.5244044240850757	0.5875365878798936	0.5645819008551218
0.5244997616777343	0.5874179604033145	0.5644584258105563
0.52459508194416	0.5872993527511117	0.5643349726460318
0.5246903848937963	0.5871807649203418	0.5642115413581369
0.524785670536077	0.5870621969080622	0.5640881319434606
0.5248809388804284	0.5869436487113308	0.5639647443985922
0.5249761899362675	0.5868251203272056	0.5638413787201215
0.5250714237130031	0.586706611752745	0.5637180349046387
0.5251666402200353	0.5865881229850082	0.5635947129487352
0.5252618394667559	0.5864696540210547	0.5634714128490023
0.5253570214625478	0.586351204857944	0.5633481346020317
0.525452186216786	0.5862327754927364	0.5632248782044156
0.5255473337388366	0.5861143659224924	0.563101643652747
0.525642464038057	0.585995976144273	0.5629784309436192
0.5257375771237967	0.5858776061551401	0.5628552400736263
0.5258326730053963	0.5857592559521545	0.562732071039362
0.5259277516921882	0.5856409255323791	0.5626089238374214
0.5260228131934964	0.5855226148928764	0.5624857984644
0.5261178575186362	0.5854043240307093	0.5623626949168934
0.5262128846769147	0.5852860529429412	0.5622396131914978
0.5263078946776306	0.585167801626636	0.56211655328481
0.5264028875300742	0.5850495700788578	0.5619935151934272
0.5264978632435273	0.5849313582966713	0.5618704989139471
0.5265928218272634	0.5848131662771414	0.5617475044429678
0.5266877632905478	0.5846949940173337	0.5616245317770883
0.5267826876426369	0.5845768415143139	0.5615015809129075
0.5268775948927796	0.5844587087651483	0.5613786518470252
0.5269724850502159	0.5843405957669033	0.5612557445760415
0.5270673581241775	0.5842225025166462	0.5611328590965572
0.5271622141238881	0.5841044290114444	0.5610099954051732
0.5272570530585626	0.5839863752483656	0.5608871534984912
0.5273518749374083	0.5838683412244783	0.5607643333731134
0.5274466797696238	0.5837503269368506	0.5606415350256423
0.5275414675643992	0.583632332382552	0.5605187584526808
0.5276362383309168	0.5835143575586519	0.5603960036508329
0.5277309920783505	0.5833964024622199	0.5602732706167023
0.5278257288158659	0.5832784670903266	0.5601505593468937
0.5279204485526204	0.5831605514400425	0.5600278698380121
0.5280151512977634	0.5830426555084386	0.5599052020866631
0.5281098370604357	0.5829247792925863	0.5597825560894524
0.5282045058497703	0.5828069227895575	0.5596599318429866
0.5282991576748916	0.5826890859964248	0.559537329343873
0.5283937925449163	0.5825712689102601	0.5594147485887186
0.5284884104689526	0.5824534715281371	0.5592921895741316
0.5285830114561004	0.5823356938471292	0.5591696522967206
0.5286775955154521	0.5822179358643101	0.5590471367530941
0.5287721626560914	0.5821001975767541	0.5589246429398618
0.5288667128870941	0.5819824789815359	0.5588021708536335
0.5289612462175277	0.5818647800757306	0.5586797204910195
0.5290557626564519	0.5817471008564133	0.5585572918486308
0.529150262212918	0.5816294413206606	0.5584348849230786
0.5292447448959696	0.5815118014655482	0.558312499710975
0.5293392107146419	0.5813941812881529	0.5581901362089319
0.529433659677962	0.5812765807855519	0.5580677944135626
0.5295280917949491	0.5811589999548226	0.5579454743214798
0.5296225070746144	0.5810414387930428	0.5578231759292979
0.5297169055259611	0.580923897297291	0.5577008992336309
0.5298112871579842	0.5808063754646456	0.5575786442310934
0.5299056519796708	0.5806888732921859	0.5574564109183007
0.53	0.5805713907769912	0.5573341992918688
0.5300943312279428	0.5804539279161415	0.5572120093484134
0.5301886456724625	0.5803364847067172	0.5570898410845515
0.5302829433425141	0.5802190611457988	0.5569676944969003
0.5303772242470447	0.5801016572304674	0.5568455695820774
0.5304714883949938	0.5799842729578045	0.556723466336701
0.5305657357952924	0.5798669083248923	0.5566013847573896
0.530659966456864	0.5797495633288126	0.5564793248407625
0.530754180388624	0.5796322379666482	0.5563572865834391
0.5308483775994799	0.5795149322354823	0.5562352699820395
0.5309425580983314	0.5793976461323984	0.5561132750331844
0.5310367218940701	0.5792803796544806	0.5559913017334949
0.53113086899558	0.5791631327988128	0.555869350079592
0.5312249994117371	0.5790459055624798	0.5557474200680986
0.5313191131514092	0.5789286979425669	0.5556255116956365
0.5314132102234569	0.5788115099361594	0.5555036249588291
0.5315072906367325	0.5786943415403432	0.5553817598542996
0.5316013544000805	0.5785771927522045	0.555259916378672
0.5316954015223377	0.5784600635688301	0.5551380945285709
0.5317894320123332	0.5783429539873073	0.555016294300621
0.531883445878888	0.5782258640047233	0.5548945156914482
0.5319774431308154	0.5781087936181661	0.5547727586976777
0.5320714237769212	0.5779917428247237	0.5546510233159362
0.5321653878260029	0.5778747116214854	0.5545293095428507
0.5322593352868505	0.5777577000055399	0.5544076173750485
0.5323532661682466	0.5776407079739767	0.5542859468091572
0.5324471804789654	0.5775237355238856	0.5541642978418053
0.532541078227774	0.5774067826523573	0.5540426704696216
0.532634959423431	0.577289849356482	0.5539210646892353
0.5327288240746881	0.5771729356333513	0.5537994804972765
0.5328226721902888	0.577056041480056	0.5536779178903747
0.532916503778969	0.5769391668936886	0.5535563768651612
0.5330103188494572	0.5768223118713411	0.5534348574182673
0.5331041174104736	0.5767054764101063	0.5533133595463243
0.5331978994707313	0.576588660507077	0.5531918832459646
0.5332916650389353	0.5764718641593473	0.5530704285138208
0.5333854141237835	0.5763550873640105	0.5529489953465262
0.5334791467339656	0.5762383301181612	0.5528275837407143
0.533572862878164	0.5761215924188938	0.5527061936930191
0.5336665625650533	0.5760048742633037	0.5525848252000752
0.5337602458033007	0.5758881756484862	0.552463478258518
0.5338539126015656	0.575771496571537	0.5523421528649828
0.5339475629684998	0.5756548370295528	0.5522208490161058
0.5340411969127475	0.5755381970196298	0.5520995667085231
0.5341348144429456	0.5754215765388656	0.5519783059388722
0.5342284155677233	0.5753049755843572	0.5518570667037904
0.5343220002957019	0.5751883941532029	0.5517358489999157
0.5344155686354956	0.5750718322425007	0.5516146528238866
0.5345091205957107	0.5749552898493492	0.5514934781723416
0.5346026561849464	0.5748387669708477	0.5513723250419209
0.534696175411794	0.5747222636040953	0.5512511934292638
0.5347896782848375	0.5746057797461922	0.5511300833310108
0.5348831648126533	0.5744893153942386	0.5510089947438028
0.5349766350038102	0.5743728705453353	0.5508879276642813
0.5350700888668698	0.574256445196583	0.550766882089088
0.5351635264103861	0.5741400393450833	0.5506458580148652
0.5352569476429054	0.5740236529879381	0.5505248554382557
0.5353503525729669	0.5739072861222498	0.5504038743559028
0.5354437412091022	0.5737909387451209	0.55028291476445
0.5355371135598354	0.5736746108536542	0.5501619766605419
0.5356304696336832	0.5735583024449534	0.5500410600408231
0.5357238094391549	0.5734420135161226	0.5499201649019387
0.5358171329847525	0.5733257440642656	0.5497992912405345
0.5359104402789705	0.5732094940864871	0.5496784390532565
0.5360037313302959	0.5730932635798925	0.5495576083367517
0.5360970061472083	0.5729770525415868	0.5494367990876666
0.5361902647381804	0.5728608609686761	0.5493160113026495
0.5362835071116769	0.5727446888582667	0.5491952449783482
0.5363767332761554	0.5726285362074649	0.5490745001114109
0.5364699432400664	0.5725124030133777	0.548953776698487
0.5365631370118525	0.572396289273113	0.5488330747362262
0.5366563145999496	0.5722801949837782	0.5487123942212783
0.5367494760127857	0.5721641201424816	0.5485917351502936
0.5368426212587819	0.572048064746332	0.5484710975199233
0.536935750346352	0.5719320287924382	0.548350481326819
0.5370288632839021	0.5718160122779098	0.5482298865676322
0.5371219600798314	0.5717000151998564	0.5481093132390158
0.5372150407425317	0.5715840375553882	0.5479887613376221
0.5373081052803875	0.5714680793416159	0.5478682308601049
0.5374011537017761	0.5713521405556506	0.5477477218031181
0.5374941860150675	0.5712362211946034	0.5476272341633157
0.5375872022286245	0.5711203212555863	0.5475067679373528
0.5376802023508026	0.5710044407357115	0.5473863231218845
0.5377731863899501	0.5708885796320915	0.5472658997135669
0.5378661543544081	0.5707727379418392	0.5471454977090557
0.5379591062525106	0.5706569156620684	0.5470251171050081
0.5380520420925842	0.5705411127898922	0.546904757898081
0.5381449618829485	0.5704253293224253	0.5467844200849323
0.5382378656319156	0.5703095652567821	0.5466641036622203
0.5383307533477908	0.5701938205900775	0.5465438086266032
0.5384236250388722	0.5700780953194269	0.5464235349747404
0.5385164807134505	0.5699623894419459	0.5463032827032914
0.5386093203798092	0.5698467029547509	0.5461830518089167
0.5387021440462253	0.5697310358549585	0.5460628422882761
0.5387949517209678	0.5696153881396853	0.5459426541380312
0.5388877434122992	0.5694997598060487	0.5458224873548435
0.5389805191284746	0.5693841508511668	0.5457023419353748
0.5390732788777423	0.5692685612721576	0.545582217876288
0.5391660226683429	0.5691529910661393	0.5454621151742454
0.5392587505085106	0.5690374402302311	0.5453420338259107
0.539351462406472	0.5689219087615524	0.5452219738279482
0.5394441583704471	0.5688063966572223	0.5451019351770218
0.5395368384086484	0.5686909039143618	0.5449819178697967
0.5396295025292817	0.5685754305300909	0.5448619219029379
0.5397221507405454	0.5684599765015305	0.5447419472731118
0.5398147830506311	0.568344541825802	0.5446219939769841
0.5399073994677235	0.5682291265000271	0.544502062011222
0.54	0.5681137305213279	0.5443821513724925
0.540092584655631	0.5679983538868267	0.5442622620574635
0.5401851534427802	0.5678829965936466	0.5441423940628033
0.5402777063696039	0.5677676586389107	0.5440225473851803
0.5403702434442519	0.5676523400197426	0.543902722021264
0.5404627646748664	0.5675370407332668	0.5437829179677239
0.5405552700695831	0.5674217607766074	0.5436631352212301
0.5406477596365308	0.5673065001468893	0.5435433737784535
0.5407402333838309	0.5671912588412379	0.5434236336360648
0.5408326913195983	0.5670760368567785	0.5433039147907358
0.5409251334519408	0.5669608341906375	0.5431842172391386
0.5410175597889592	0.5668456508399411	0.5430645409779454
0.5411099703387473	0.5667304868018161	0.5429448860038295
0.5412023651093923	0.56661534207339	0.5428252523134645
0.5412947441089744	0.5665002166517901	0.5427056399035237
0.5413871073455666	0.5663851105341448	0.5425860487706824
0.5414794548272354	0.5662700237175821	0.542466478911615
0.5415717865620402	0.5661549561992308	0.5423469303229971
0.5416641025580337	0.5660399079762205	0.5422274030015043
0.5417564028232615	0.5659248790456805	0.5421078969438131
0.5418486873657626	0.5658098694047409	0.5419884121466004
0.5419409561935691	0.5656948790505318	0.5418689486065433
0.5420332093147061	0.5655799079801843	0.5417495063203198
0.542125446737192	0.5654649561908295	0.5416300852846081
0.5422176684690384	0.5653500236795987	0.5415106854960867
0.54230987451825	0.5652351104436245	0.5413913069514352
0.5424020648928247	0.5651202164800384	0.541271949647333
0.5424942396007537	0.5650053417859737	0.5411526135804603
0.5425863986500215	0.5648904863585636	0.5410332987474978
0.5426785420486054	0.5647756501949411	0.5409140051451266
0.5427706698044764	0.5646608332922407	0.540794732770028
0.5428627819255986	0.5645460356475964	0.5406754816188846
0.5429548784199291	0.5644312572581428	0.5405562516883784
0.5430469592954186	0.5643164981210154	0.5404370429751928
0.5431390245600108	0.5642017582333494	0.5403178554760112
0.5432310742216429	0.5640870375922808	0.5401986891875175
0.543323108288245	0.5639723361949458	0.5400795441063962
0.543415126767741	0.5638576540384814	0.5399604202293323
0.5435071296680477	0.5637429911200241	0.5398413175530109
0.5435991169970753	0.5636283474367118	0.5397222360741181
0.5436910887627274	0.5635137229856825	0.5396031757893403
0.543783044972901	0.5633991177640739	0.5394841366953643
0.5438749856354859	0.5632845317690252	0.5393651187888773
0.5439669107583659	0.5631699649976749	0.5392461220665669
0.5440588203494178	0.563055417447163	0.5391271465251218
0.5441507144165116	0.5629408891146289	0.5390081921612304
0.5442425929675111	0.5628263799972132	0.5388892589715821
0.5443344560102732	0.562711890092056	0.5387703469528664
0.544426303552648	0.5625974193962986	0.5386514561017735
0.5445181356024793	0.5624829679070826	0.538532586414994
0.5446099521676041	0.5623685356215494	0.5384137378892191
0.5447017532558528	0.5622541225368416	0.5382949105211404
0.5447935388750494	0.5621397286501014	0.5381761043074499
0.5448853090330111	0.5620253539584719	0.5380573192448399
0.5449770637375485	0.5619109984590964	0.5379385553300036
0.5450688029964658	0.5617966621491192	0.5378198125596347
0.5451605268175604	0.5616823450256835	0.5377010909304267
0.5452522352086234	0.5615680470859344	0.5375823904390744
0.5453439281774393	0.5614537683270169	0.5374637110822725
0.5454356057317857	0.5613395087460761	0.5373450528567165
0.5455272678794342	0.5612252683402579	0.5372264157591022
0.5456189146281496	0.5611110471067083	0.5371077997861259
0.5457105459856901	0.5609968450425737	0.5369892049344842
0.5458021619598076	0.5608826621450012	0.5368706312008747
0.5458937625582473	0.5607684984111381	0.5367520785819951
0.545985347788748	0.5606543538381317	0.5366335470745436
0.5460769176590419	0.5605402284231303	0.5365150366752186
0.5461684721768549	0.5604261221632828	0.5363965473807197
0.5462600113499065	0.5603120350557375	0.5362780791877463
0.5463515351859094	0.5601979670976438	0.5361596320929987
0.54644304369257	0.5600839182861513	0.5360412060931772
0.5465345368775884	0.55996988861841	0.5359228011849829
0.5466260147486579	0.5598558780915704	0.5358044173651175
0.5467174773134658	0.5597418867027836	0.5356860546302833
0.5468089245796927	0.5596279144492002	0.5355677129771821
0.5469003565550127	0.5595139613279723	0.5354493924025173
0.5469917732470937	0.5594000273362517	0.5353310929029924
0.5470831746635972	0.5592861124711908	0.535212814475311
0.5471745608121781	0.5591722167299424	0.5350945571161777
0.5472659317004851	0.5590583401096595	0.5349763208222973
0.5473572873361603	0.5589444826074957	0.5348581055903749
0.5474486277268398	0.5588306442206052	0.5347399114171167
0.5475399528801529	0.558716824946142	0.5346217382992288
0.5476312628037227	0.5586030247812612	0.5345035862334179
0.5477225575051662	0.5584892437231174	0.5343854552163911
0.5478138369920935	0.5583754817688668	0.5342673452448563
0.547905101272109	0.5582617389156646	0.5341492563155218
0.5479963503528102	0.5581480151606675	0.5340311884250958
0.5480875842417888	0.5580343105010321	0.5339131415702878
0.5481788029466298	0.5579206249339155	0.533795115747807
0.548270006474912	0.5578069584564751	0.5336771109543638
0.5483611948342078	0.5576933110658687	0.5335591271866686
0.5484523680320835	0.5575796827592546	0.5334411644414323
0.5485435260760991	0.5574660735337916	0.5333232227153666
0.5486346689738082	0.5573524833866386	0.5332053020051831
0.548725796732758	0.557238912314955	0.5330874023075948
0.5488169093604898	0.5571253603159005	0.5329695236193139
0.5489080068645383	0.5570118273866356	0.5328516659370542
0.5489990892524322	0.5568983135243206	0.5327338292575294
0.5490901565316938	0.5567848187261165	0.5326160135774537
0.5491812087098392	0.556671342989185	0.532498218893542
0.5492722457943784	0.5565578863106873	0.5323804452025096
0.5493632677928149	0.556444448687786	0.532262692501072
0.5494542747126462	0.5563310301176436	0.5321449607859459
0.5495452665613635	0.5562176305974229	0.5320272500538472
0.5496362433464519	0.5561042501242873	0.5319095603014936
0.5497272050753901	0.5559908886954005	0.5317918915256026
0.549818151755651	0.5558775463079264	0.5316742437228922
0.5499090833947008	0.5557642229590297	0.5315566168900808
0.55	0.5556509186458753	0.5314390110238879
0.5500909015790026	0.5555376333656284	0.5313214261210324
0.5501817881391567	0.5554243671154548	0.5312038621782348
0.5502726596879042	0.5553111198925202	0.5310863191922149
0.5503635162326805	0.5551978916939914	0.5309687971596943
0.5504543577809153	0.555084682517035	0.5308512960773939
0.5505451843400322	0.5549714923588186	0.5307338159420358
0.5506359959174482	0.5548583212165091	0.530616356750342
0.5507267925205745	0.5547451690872752	0.5304989184990357
0.5508175741568164	0.554632035968285	0.53038150118484
0.5509083408335728	0.5545189218567071	0.5302641048044785
0.5509990925582364	0.5544058267497112	0.5301467293546755
0.5510898293381942	0.5542927506444663	0.5300293748321557
0.5511805511808268	0.5541796935381423	0.5299120412336442
0.5512712580935089	0.5540666554279101	0.5297947285558666
0.5513619500836089	0.55395363631094	0.529677436795549
0.5514526271584895	0.5538406361844032	0.5295601659494179
0.5515432893255071	0.5537276550454712	0.5294429160142003
0.5516339365920121	0.5536146928913159	0.5293256869866241
0.5517245689653488	0.5535017497191097	0.5292084788634166
0.5518151864528558	0.5533888255260252	0.5290912916413067
0.5519057890618652	0.5532759203092352	0.5289741253170233
0.5519963767997033	0.5531630340659135	0.5288569798872954
0.5520869496736904	0.5530501667932336	0.5287398553488531
0.5521775076911409	0.55293731848837	0.5286227516984268
0.552268050859363	0.5528244891484972	0.528505668932747
0.5523585791856591	0.5527116787707903	0.5283886070485453
0.5524490926773253	0.5525988873524246	0.5282715660425532
0.5525395913416522	0.5524861148905759	0.5281545459115029
0.552630075185924	0.5523733613824203	0.5280375466521272
0.5527205442174191	0.5522606268251344	0.5279205682611591
0.5528109984434101	0.5521479112158952	0.5278036107353324
0.5529014378711634	0.5520352145518799	0.5276866740713807
0.5529918625079396	0.5519225368302663	0.5275697582660388
0.5530822723609933	0.5518098780482323	0.5274528633160419
0.5531726674375732	0.5516972382029568	0.5273359892181253
0.5532630477449222	0.5515846172916185	0.527219135969025
0.5533534132902769	0.5514720153113966	0.5271023035654775
0.5534437640808685	0.5513594322594708	0.5269854920042194
0.5535341001239219	0.5512468681330212	0.5268687012819881
0.5536244214266564	0.551134322929228	0.5267519313955218
0.5537147279962851	0.5510217966452723	0.5266351823415585
0.5538050198400155	0.5509092892783352	0.5265184541168367
0.5538952969650491	0.5507968008255982	0.5264017467180959
0.5539855593785816	0.5506843312842435	0.5262850601420762
0.5540758070878027	0.5505718806514535	0.5261683943855171
0.5541660400998965	0.5504594489244107	0.5260517494451596
0.5542562584220407	0.5503470361002983	0.5259351253177448
0.5543464620614079	0.5502346421762999	0.525818522000014
0.5544366510251645	0.5501222671495996	0.5257019394887096
0.5545268253204708	0.5500099110173814	0.5255853777805737
0.5546169849544819	0.54989757377683	0.5254688368723495
0.5547071299343466	0.5497852554251308	0.5253523167607803
0.5547972602672079	0.5496729559594691	0.5252358174426105
0.5548873759602033	0.5495606753770307	0.525119338914584
0.5549774770204643	0.5494484136750019	0.5250028811734456
0.5550675634551167	0.5493361708505693	0.5248864442159409
0.5551576352712805	0.5492239469009199	0.5247700280388155
0.5552476924760696	0.5491117418232411	0.5246536326388156
0.5553377350765928	0.5489995556147208	0.5245372580126882
0.5554277630799527	0.5488873882725471	0.5244209041571802
0.555517776493246	0.5487752397939089	0.5243045710690395
0.5556077753235641	0.5486631101759943	0.5241882587450141
0.5556977595779922	0.5485509994159934	0.5240719671818522
0.5557877292636102	0.5484389075110958	0.5239556963763035
0.5558776843874919	0.5483268344584916	0.5238394463251171
0.5559676249567055	0.548214780255371	0.5237232170250432
0.5560575509783138	0.5481027448989251	0.523607008472832
0.5561474624593733	0.5479907283863453	0.5234908206652348
0.5562373594069352	0.5478787307148231	0.5233746535990027
0.5563272418280449	0.5477667518815506	0.5232585072708876
0.5564171097297422	0.5476547918837202	0.5231423816776418
0.5565069631190611	0.5475428507185246	0.5230262768160182
0.5565968020030299	0.5474309283831573	0.5229101926827702
0.5566866263886712	0.5473190248748118	0.5227941292746511
0.5567764362830022	0.5472071401906818	0.5226780865884153
0.5568662316930342	0.547095274327962	0.5225620646208176
0.5569560126257729	0.5469834272838469	0.5224460633686128
0.5570457790882182	0.5468715990555318	0.5223300828285566
0.5571355310873648	0.5467597896402122	0.5222141229974055
0.5572252686302013	0.5466479990350839	0.5220981838719154
0.5573149917237109	0.5465362272373435	0.5219822654488437
0.5574047003748713	0.5464244742441872	0.5218663677249473
0.5574943945906542	0.5463127400528124	0.5217504906969849
0.5575840743780259	0.5462010246604164	0.5216346343617144
0.5576737397439474	0.5460893280641971	0.5215187987158947
0.5577633906953736	0.5459776502613526	0.5214029837562851
0.5578530272392541	0.5458659912490818	0.5212871894796455
0.5579426493825329	0.5457543510245834	0.5211714158827362
0.5580322571321482	0.5456427295850569	0.5210556629623176
0.558121850495033	0.5455311269277021	0.5209399307151512
0.5582114294781145	0.5454195430497191	0.5208242191379986
0.5583009940883144	0.5453079779483082	0.5207085282276217
0.5583905443325486	0.5451964316206708	0.5205928579807831
0.5584800802177281	0.5450849040640078	0.5204772083942462
0.5585696017507576	0.544973395275521	0.5203615794647741
0.5586591089385369	0.5448619052524125	0.520245971189131
0.5587486017879597	0.544750433991885	0.5201303835640813
0.5588380803059148	0.544638981491141	0.5200148165863898
0.5589275444992848	0.5445275477473838	0.5198992702528221
0.5590169943749475	0.544416132757817	0.5197837445601438
0.5591064299397746	0.5443047365196445	0.5196682395051211
0.5591958512006326	0.5441933590300709	0.519552755084521
0.5592852581643826	0.5440820002863009	0.5194372912951105
0.5593746508378798	0.5439706602855398	0.5193218481336578
0.5594640292279746	0.5438593390249926	0.5192064255969305
0.5595533933415112	0.543748036501866	0.5190910236816977
0.5596427431853289	0.5436367527133656	0.5189756423847279
0.5597320787662612	0.5435254876566986	0.5188602817027911
0.5598214000911362	0.5434142413290718	0.5187449416326573
0.5599107071667767	0.5433030137276926	0.5186296221710965
0.5599999999999999	0.543191804849769	0.5185143233148803
0.5600892785976179	0.5430806146925092	0.5183990450607796
0.5601785429664368	0.5429694432531218	0.5182837874055667
0.5602677931132576	0.5428582905288157	0.5181685503460135
0.5603570290448759	0.5427471565168005	0.5180533338788932
0.5604462507680821	0.5426360412142859	0.5179381380009788
0.5605354582896607	0.5425249446184819	0.517822962709044
0.5606246516163912	0.542413866726599	0.5177078079998633
0.5607138307550474	0.5423028075358481	0.517592673870211
0.5608029957123981	0.5421917670434409	0.5174775603168624
0.5608921464952064	0.5420807452465887	0.5173624673365931
0.56098128311023	0.5419697421425036	0.5172473949261791
0.5610704055642215	0.5418587577283981	0.5171323430823969
0.561159513863928	0.5417477920014852	0.5170173118020235
0.5612486080160912	0.5416368449589777	0.5169023010818362
0.5613376880274475	0.5415259165980897	0.5167873109186132
0.561426753904728	0.5414150069160348	0.5166723413091324
0.5615158056546583	0.5413041159100275	0.5165573922501733
0.5616048432839589	0.5411932435772827	0.5164424637385145
0.5616938667993447	0.5410823899150153	0.5163275557709363
0.5617828762075256	0.540971554920441	0.5162126683442184
0.5618718715152059	0.5408607385907754	0.5160978014551418
0.5619608527290847	0.5407499409232353	0.5159829551004878
0.5620498198558559	0.5406391619150367	0.5158681292770376
0.5621387729022078	0.5405284015633973	0.5157533239815736
0.5622277118748239	0.5404176598655343	0.5156385392108781
0.5623166367803819	0.540306936818665	0.5155237749617342
0.5624055476255546	0.5401962324200086	0.5154090312309253
0.5624944444170094	0.5400855466667828	0.5152943080152356
0.5625833271614081	0.539974879556207	0.515179605311449
0.562672195865408	0.5398642310855005	0.5150649231163505
0.5627610505356603	0.5397536012518828	0.5149502614267256
0.5628498911788116	0.5396429900525743	0.5148356202393599
0.5629387178015028	0.5395323974847956	0.5147209995510401
0.5630275304103699	0.539421823545767	0.514606399358552
0.5631163290120434	0.5393112682327103	0.5144918196586834
0.563205113613149	0.539200731542847	0.5143772604482216
0.5632938842203065	0.5390902134733989	0.514262721723955
0.563382640840131	0.5389797140215887	0.5141482034826721
0.5634713834792322	0.5388692331846393	0.5140337057211617
0.5635601121442149	0.5387587709597734	0.5139192284362131
0.5636488268416782	0.5386483273442149	0.5138047716246166
0.5637375275782162	0.5385379023351877	0.5136903352831625
0.563826214360418	0.5384274959299159	0.5135759194086416
0.5639148871948674	0.5383171081256245	0.5134615239978451
0.564003546088143	0.5382067389195384	0.513347149047565
0.5640921910468182	0.5380963883088832	0.5132327945545934
0.5641808220774612	0.5379860562908845	0.513118460515723
0.5642694391866354	0.5378757428627688	0.5130041469277469
0.5643580423808985	0.5377654480217626	0.5128898537874588
0.5644466316668034	0.5376551717650928	0.5127755810916526
0.5645352070508978	0.537544914089987	0.5126613288371231
0.5646237685397242	0.5374346749936727	0.5125470970206654
0.56471231613982	0.5373244544733782	0.5124328856390746
0.5648008498577175	0.537214252526332	0.5123186946891469
0.564889369699944	0.5371040691497629	0.5122045241676785
0.5649778756730214	0.5369939043409003	0.5120903740714663
0.5650663677834666	0.536883758096974	0.5119762443973076
0.5651548460377916	0.5367736304152136	0.5118621351420002
0.5652433104425032	0.5366635212928499	0.5117480463023423
0.5653317610041029	0.5365534307271136	0.5116339778751324
0.5654201977290871	0.5364433587152359	0.5115199298571701
0.5655086206239477	0.5363333052544482	0.5114059022452548
0.5655970296951709	0.5362232703419828	0.5112918950361864
0.565685424949238	0.5361132539750717	0.5111779082267656
0.5657738063926254	0.536003256150948	0.5110639418137933
0.5658621740318043	0.5358932768668444	0.5109499957940711
0.5659505278732408	0.5357833161199944	0.5108360701644006
0.5660388679233962	0.535673373907632	0.5107221649215844
0.5661271941887265	0.5355634502269915	0.5106082800624253
0.5662155066756827	0.5354535450753074	0.5104944155837265
0.5663038053907108	0.5353436584498147	0.5103805714822921
0.5663920903402518	0.5352337903477489	0.5102667477549259
0.5664803615307419	0.5351239407663455	0.5101529443984326
0.5665686189686118	0.5350141097028409	0.5100391614096175
0.5666568626602876	0.5349042971544716	0.5099253987852862
0.5667450926121902	0.5347945031184743	0.5098116565222446
0.5668333088307355	0.5346847275920864	0.5096979346172994
0.5669215113223346	0.5345749705725457	0.5095842330672573
0.5670097000933935	0.5344652320570901	0.5094705518689258
0.567097875150313	0.5343555120429577	0.5093568910191129
0.5671860364994893	0.5342458105273881	0.509243250514627
0.5672741841473133	0.5341361275076197	0.5091296303522767
0.5673623181001713	0.5340264629808925	0.5090160305288715
0.5674504383644443	0.5339168169444464	0.5089024510412209
0.5675385449465085	0.5338071893955215	0.5087888918861351
0.567626637852735	0.5336975803313588	0.5086753530604247
0.5677147170894903	0.5335879897491992	0.5085618345609011
0.5678027826631356	0.5334784176462841	0.5084483363843757
0.5678908345800273	0.5333688640198553	0.5083348585276601
0.567978872846517	0.5332593288671554	0.5082214009875676
0.5680668974689513	0.5331498121854267	0.5081079637609104
0.5681549084536717	0.5330403139719123	0.5079945468445024
0.5682429058070149	0.5329308342238556	0.5078811502351571
0.5683308895353129	0.5328213729385	0.5077677739296889
0.5684188596448925	0.53271193011309	0.5076544179249126
0.5685068161420758	0.5326025057448699	0.5075410822176435
0.5685947590331799	0.5324930998310847	0.507427766804697
0.5686826883245172	0.5323837123689796	0.5073144716828897
0.568770604022395	0.5322743433558003	0.5072011968490377
0.5688585061331156	0.5321649927887927	0.5070879422999585
0.568946394662977	0.5320556606652034	0.5069747080324694
0.5690342696182717	0.5319463469822788	0.5068614940433883
0.5691221310052879	0.5318370517372664	0.5067483003295337
0.5692099788303083	0.5317277749274136	0.5066351268877246
0.5692978130996114	0.5316185165499686	0.5065219737147804
0.5693856338194704	0.5315092766021791	0.5064088408075206
0.5694734409961539	0.5314000550812943	0.5062957281627656
0.5695612346359257	0.5312908519845629	0.5061826357773361
0.5696490147450446	0.5311816673092347	0.5060695636480534
0.5697367813297646	0.5310725010525593	0.5059565117717392
0.5698245343963351	0.5309633532117867	0.5058434801452152
0.5699122739510003	0.5308542237841676	0.5057304687653044
0.5700000000000001	0.5307451127669531	0.5056174776288296
0.570087712549569	0.5306360201573945	0.5055045067326142
0.5701754116059373	0.5305269459527433	0.5053915560734822
0.5702630971753301	0.5304178901502519	0.5052786256482581
0.5703507692639679	0.5303088527471724	0.5051657154537663
0.5704384278780664	0.5301998337407579	0.5050528254868327
0.5705260730238365	0.5300908331282613	0.5049399557442826
0.5706137047074842	0.5299818509069365	0.5048271062229424
0.570701322935211	0.5298728870740373	0.5047142769196385
0.5707889277132134	0.5297639416268183	0.5046014678311986
0.5708765190476834	0.529655014562534	0.5044886789544499
0.5709640969448079	0.5295461058784395	0.5043759102862203
0.5710516614107694	0.5294372155717905	0.5042631618233384
0.5711392124517454	0.5293283436398426	0.5041504335626333
0.5712267500739089	0.529219490079852	0.5040377255009341
0.5713142742834281	0.5291106548890756	0.5039250376350711
0.5714017850864661	0.5290018380647703	0.5038123699618742
0.571489282489182	0.5288930396041934	0.5036997224781743
0.5715767664977295	0.5287842595046027	0.5035870951808027
0.5716642371182581	0.5286754977632564	0.503474488066591
0.5717516943569123	0.5285667543774129	0.5033619011323716
0.5718391382198319	0.528458029344331	0.5032493343749765
0.5719265687131522	0.5283493226612702	0.5031367877912394
0.5720139858430037	0.5282406343254898	0.5030242613779934
0.5721013896155122	0.5281319643342504	0.5029117551320726
0.5721887800367987	0.5280233126848116	0.5027992690503115
0.5722761571129799	0.5279146793744348	0.5026868031295447
0.5723635208501674	0.5278060644003811	0.502574357366608
0.5724508712544685	0.5276974677599118	0.5024619317583366
0.5725382083319855	0.5275888894502888	0.5023495263015673
0.5726255320888163	0.5274803294687745	0.5022371409931364
0.5727128425310541	0.5273717878126314	0.5021247758298811
0.5728001396647875	0.5272632644791229	0.5020124308086392
0.5728874234961001	0.527154759465512	0.5019001059262488
0.5729746940310715	0.5270462727690628	0.501787801179548
0.5730619512757762	0.5269378043870391	0.5016755165653761
0.573149195236284	0.5268293543167059	0.5015632520805727
0.5732364259186605	0.5267209225553278	0.5014510077219773
0.5733236433289665	0.5266125091001702	0.5013387834864304
0.5734108474732581	0.5265041139484987	0.5012265793707726
0.5734980383575867	0.5263957370975796	0.5011143953718455
0.5735852159879995	0.526287378544679	0.5010022314864907
0.5736723803705387	0.5261790382870638	0.5008900877115501
0.573759531511242	0.5260707163220012	0.5007779640438665
0.5738466694161429	0.5259624126467591	0.5006658604802833
0.5739337940912698	0.5258541272586049	0.5005537770176433
0.5740209055426466	0.525745860154807	0.5004417136527909
0.574108003776293	0.5256376113326344	0.5003296703825706
0.5741950887982237	0.5255293807893558	0.500217647203827
0.5742821606144491	0.525421168522241	0.5001056441134059
0.5743692192309752	0.5253129745285596	0.4999936611081526
0.5744562646538028	0.5252047988055817	0.49988169818491346
0.574543296888929	0.525096641350578	0.49976975534053525
0.5746303159423457	0.5249885021608197	0.49965783257186536
0.5747173218200405	0.5248803812335775	0.49954592987575097
0.5748043145279966	0.5247722785661236	0.4994340472490403
0.5748912940721924	0.52466419415573	0.4993221846885821
0.574978260458602	0.524556127999669	0.499210342191225
0.575065213693195	0.5244480800952134	0.49909851975381864
0.5751521537819362	0.5243400504396367	0.4989867173732128
0.5752390807307862	0.5242320390302121	0.4988749350462578
0.575325994545701	0.5241240458642137	0.49876317276980436
0.5754128952326321	0.524016070938916	0.49865143054070404
0.5754997827975263	0.5239081142515933	0.49853970835580813
0.5755866572463264	0.5238001757995212	0.4984280062119689
0.5756735185849702	0.5236922555799747	0.49831632410603904
0.5757603668193912	0.5235843535902297	0.4982046620348716
0.5758472019555188	0.5234764698275627	0.49809301999531985
0.5759340239992772	0.52336860428925	0.4979813979842381
0.5760208329565867	0.5232607569725687	0.4978697959984806
0.5761076288333631	0.5231529278747958	0.49775821403490206
0.5761944116355173	0.5230451169932095	0.49764665209035797
0.5762811813689563	0.5229373243250875	0.49753511016170415
0.5763679380395825	0.5228295498677087	0.4974235882457967
0.5764546816532935	0.5227217936183515	0.49731208633949214
0.576541412215983	0.522614055574295	0.4972006044396478
0.5766281297335398	0.5225063357328191	0.4970891425431213
0.5767148342118485	0.5223986340912039	0.49697770064677066
0.5768015256567895	0.5222909506467294	0.49686627874745426
0.5768882040742382	0.5221832853966764	0.49675487684203107
0.5769748694700663	0.5220756383383259	0.49664349492736054
0.5770615218501404	0.5219680094689595	0.4965321330003024
0.5771481612203231	0.5218603987858589	0.4964207910577171
0.5772347875864725	0.5217528062863065	0.49630946909646506
0.5773214009544424	0.5216452319675846	0.4961981671134078
0.5774080013300821	0.5215376758269762	0.4960868851054067
0.5774945887192364	0.5214301378617648	0.49597562306932436
0.5775811631277461	0.5213226180692342	0.4958643810020228
0.5776677245614472	0.5212151164466682	0.49575315890036536
0.5777542730261715	0.5211076329913513	0.4956419567612152
0.5778408085277467	0.5210001677005685	0.4955307745814364
0.5779273310719956	0.5208927205716046	0.4954196123578934
0.578013840664737	0.5207852916017457	0.49530847008745094
0.5781003373117853	0.5206778807882774	0.49519734776697405
0.5781868210189506	0.5205704881284859	0.4950862453933288
0.5782732917920385	0.5204631136196584	0.49497516296338107
0.5783597496368502	0.5203557572590815	0.49486410047399765
0.5784461945591829	0.520248419044043	0.49475305792204577
0.5785326265648291	0.5201410989718301	0.4946420353043926
0.5786190456595773	0.5200337970397316	0.49453103261790626
0.5787054518492114	0.5199265132450362	0.4944200498594553
0.5787918451395113	0.5198192475850323	0.49430908702590826
0.5788782255362521	0.5197120000570093	0.49419814411413476
0.5789645930452051	0.5196047706582572	0.4940872211210044
0.579050947672137	0.5194975593860657	0.49397631804338743
0.5791372894228104	0.5193903662377254	0.49386543487815476
0.5792236183029832	0.5192831912105272	0.4937545716221774
0.5793099343184096	0.5191760343017622	0.4936437282723267
0.5793962374748389	0.5190688955087218	0.49353290482547474
0.5794825277780168	0.5189617748286983	0.49342210127849434
0.579568805233684	0.5188546722589835	0.4933113176282581
0.5796550698475775	0.5187475877968705	0.4932005538716395
0.5797413216254298	0.5186405214396521	0.49308981000551233
0.5798275605729689	0.5185334731846217	0.492979086026751
0.5799137866959192	0.5184264430290734	0.4928683819322299
0.5800000000000001	0.518319430970301	0.49275769771882477
0.5800862004909271	0.5182124370055992	0.49264703338341087
0.5801723881744115	0.5181054611322629	0.49253638892286417
0.5802585630561603	0.5179985033475873	0.4924257643340615
0.5803447251418763	0.5178915636488683	0.49231515961387967
0.580430874437258	0.5177846420334017	0.4922045747591962
0.5805170109479997	0.517677738498484	0.49209400976688883
0.5806031346797914	0.5175708530414117	0.4919834646338361
0.580689245638319	0.5174639856594825	0.49187293935691656
0.5807753438292642	0.5173571363499934	0.4917624339330095
0.5808614292583043	0.5172503051102425	0.49165194835899484
0.5809475019311126	0.5171434919375282	0.49154148263175235
0.581033561853358	0.5170366968291489	0.49143103674816285
0.5811196090307055	0.5169299197824037	0.49132061070510724
0.5812056434688156	0.5168231607945919	0.4912102044994671
0.5812916651733447	0.5167164198630136	0.49109981812812437
0.5813776741499453	0.5166096969849685	0.49098945158796126
0.5814636704042653	0.5165029921577572	0.4908791048758608
0.5815496539419485	0.5163963053786808	0.4907687779887061
0.5816356247686347	0.5162896366450401	0.49065847092338083
0.5817215828899596	0.5161829859541373	0.4905481836767693
0.5818075283115542	0.5160763533032738	0.49043791624575617
0.5818934610390463	0.5159697386897524	0.49032766862722654
0.5819793810780585	0.5158631421108757	0.4902174408180656
0.5820652884342099	0.5157565635639468	0.4901072328151597
0.5821511831131154	0.515650003046269	0.489997044615395
0.5822370651203854	0.5155434605551464	0.4898868762156585
0.5823229344616268	0.5154369360878831	0.48977672761283764
0.5824087911424415	0.5153304296417837	0.4896665988038198
0.582494635168428	0.515223941214153	0.48955648978549343
0.5825804665451804	0.5151174708022966	0.48944640055474725
0.5826662852782887	0.5150110184035201	0.48933633110847025
0.5827520913733386	0.5149045840151295	0.48922628144355185
0.5828378848359121	0.5147981676344316	0.4891162515568826
0.5829236656715868	0.5146917692587327	0.4890062414453522
0.5830094338859363	0.5145853888853403	0.4888962511058521
0.58309518948453	0.5144790265115619	0.48878628053527345
0.5831809324729333	0.5143726821347053	0.488676329730508
0.5832666628567075	0.5142663557520791	0.4885663986884481
0.5833523806414096	0.5141600473609916	0.48845648740598635
0.5834380858325929	0.5140537569587522	0.48834659588001583
0.5835237784358064	0.5139474845426703	0.4882367241074304
0.583609458456595	0.5138412301100553	0.48812687208512384
0.5836951259004995	0.5137349936582177	0.4880170398099908
0.583780780773057	0.5136287751844679	0.48790722727892605
0.5838664230798	0.513522574686117	0.487797434488825
0.5839520528262573	0.513416392160476	0.4876876614365835
0.5840376700179536	0.5133102276048565	0.4875779081190978
0.5841232746604094	0.5132040810165708	0.48746817453326463
0.5842088667591413	0.5130979523929311	0.48735846067598126
0.5842944463196617	0.5129918417312502	0.48724876654414523
0.5843800133474792	0.5128857490288414	0.4871390921346546
0.5844655678480983	0.5127796742830181	0.4870294374444078
0.5845511098270193	0.5126736174910937	0.48691980247030386
0.5846366392897386	0.5125675786503832	0.4868101872092422
0.5847221562417487	0.5124615577582006	0.48670059165812235
0.5848076606885378	0.5123555548118613	0.48659101581384523
0.5848931526355903	0.5122495698086803	0.486481459673311
0.5849786320883866	0.5121436027459735	0.48637192323342104
0.585064099052403	0.512037653621057	0.4862624064910773
0.5851495535331118	0.5119317224312473	0.48615290944318135
0.5852349955359812	0.511825809173861	0.48604343208663603
0.5853204250664759	0.5117199138462155	0.4859339744183442
0.585405842130056	0.5116140364456284	0.48582453643520934
0.5854912467321779	0.5115081769694175	0.4857151181341353
0.585576638878294	0.5114023354149011	0.48560571951202636
0.5856620185738528	0.5112965117793979	0.4854963405657872
0.5857473858242987	0.5111907060602271	0.4853869812923233
0.5858327406350724	0.511084918254708	0.48527764168853993
0.5859180830116101	0.5109791483601605	0.48516832175134356
0.5860034129593445	0.5108733963739046	0.4850590214776406
0.5860887304837041	0.5107676622932608	0.4849497408643379
0.5861740355901138	0.51066194611555	0.48484047990834295
0.5862593282839942	0.5105562478380936	0.48473123860656375
0.5863446085707619	0.5104505674582132	0.48462201695590856
0.58642987645583	0.5103449049732307	0.48451281495328613
0.5865151319446071	0.5102392603804686	0.48440363259560565
0.5866003750424985	0.5101336336772497	0.48429446987977687
0.5866856057549051	0.5100280248608968	0.48418532680270965
0.586770824087224	0.5099224339287338	0.48407620336131496
0.5868560300448484	0.5098168608780842	0.4839670995525036
0.5869412236331676	0.5097113057062723	0.48385801537318684
0.5870264048575669	0.5096057684106228	0.4837489508202767
0.5871115737234278	0.5095002489884607	0.4836399058906857
0.587196730236128	0.509394747437111	0.48353088058132637
0.587281874401041	0.5092892637538998	0.4834218748891121
0.5873670062235365	0.5091837979361531	0.48331288881095646
0.5874521257089806	0.509078349981197	0.48320392234377346
0.5875372328627353	0.5089729198863585	0.4830949754844777
0.5876223276901584	0.508867507648965	0.48298604822998453
0.5877074101966046	0.5087621132663437	0.48287714057720893
0.5877924803874238	0.5086567367358227	0.48276825252306704
0.5878775382679627	0.5085513780547302	0.4826593840644752
0.587962583843564	0.5084460372203949	0.48255053519835023
0.5880476171195662	0.5083407142301457	0.4824417059216091
0.5881326381013045	0.508235409081312	0.48233289623116976
0.5882176467941097	0.5081301217712237	0.4822241061239502
0.5883026432033092	0.5080248522972108	0.48211533559686887
0.588387627334226	0.5079196006566041	0.48200658464684515
0.5884725991921799	0.5078143668467339	0.48189785327079804
0.5885575587824865	0.5077091508649316	0.48178914146564766
0.5886425061104575	0.5076039527085292	0.4816804492283144
0.5887274411814011	0.5074987723748581	0.4815717765557189
0.5888123640006212	0.5073936098612509	0.4814631234447825
0.5888972745734182	0.5072884651650404	0.4813544898924268
0.5889821729050888	0.5071833382835594	0.4812458758955739
0.5890670590009256	0.5070782292141415	0.4811372814511462
0.5891519328662175	0.5069731379541205	0.48102870655606716
0.5892367945062494	0.5068680645008304	0.4809201512072599
0.5893216439263028	0.506763008851606	0.4808116154016482
0.5894064811316551	0.5066579710037823	0.4807030991361568
0.5894913061275798	0.506552950954694	0.48059460240770985
0.589576118919347	0.5064479487016772	0.48048612521323325
0.5896609195122228	0.506342964242068	0.4803776675496523
0.5897457079114693	0.5062379975732023	0.48026922941389294
0.5898304841223451	0.5061330486924172	0.48016081080288203
0.589915248150105	0.5060281175970497	0.48005241171354657
0.59	0.5059232042844373	0.4799440321428137
0.5900847396772773	0.5058183087519177	0.47983567208761146
0.5901694671871801	0.5057134309968295	0.4797273315448684
0.5902541825349482	0.5056085710165108	0.4796190105115129
0.5903388857258177	0.5055037288083011	0.47951070898447445
0.5904235767650204	0.5053989043695392	0.47940242696068247
0.5905082556577851	0.5052940976975648	0.4792941644370671
0.590592922409336	0.5051893087897182	0.4791859214105591
0.5906775770248943	0.5050845376433397	0.4790776978780891
0.5907622195096771	0.5049797842557703	0.4789694938365888
0.5908468498688979	0.5048750486243508	0.47886130928299
0.5909314681077663	0.504770330746423	0.47875314421422493
0.5910160742314883	0.5046656306193283	0.47864499862722637
0.591100668245266	0.5045609482404096	0.4785368725189274
0.5911852501542981	0.5044562836070091	0.4784287658862618
0.5912698199637794	0.5043516367164699	0.47832067872616363
0.5913543776789008	0.5042470075661355	0.47821261103556734
0.5914389233048498	0.5041423961533493	0.47810456281140795
0.5915234568468101	0.5040378024754556	0.47799653405062087
0.5916079783099616	0.5039332265297988	0.47788852475014193
0.5916924876994806	0.5038286683137235	0.4777805349069072
0.5917769850205397	0.5037241278245752	0.4776725645178537
0.5918614702783076	0.5036196050596995	0.4775646135799185
0.5919459434779497	0.503515100016442	0.47745668209003916
0.5920304046246274	0.5034106126921488	0.4773487700451537
0.5921148537234985	0.5033061430841673	0.4772408774422008
0.5921992907797172	0.503201691189844	0.4771330042781192
0.5922837157984339	0.5030972570065262	0.4770251505498484
0.5923681287847954	0.5029928405315619	0.47691731625432804
0.5924525297439449	0.5028884417622991	0.4768095013884986
0.592536918681022	0.5027840606960863	0.47670170594930056
0.5926212956011622	0.5026796973302723	0.4765939299336752
0.5927056605094978	0.5025753516622062	0.47648617333856413
0.5927900134111572	0.5024710236892379	0.47637843616090925
0.5928743543112656	0.5023667134087171	0.4762707183976531
0.5929586832149437	0.5022624208179942	0.4761630200457386
0.5930430001273095	0.5021581459144197	0.476055341102109
0.5931273050534767	0.5020538886953447	0.47594768156370837
0.5932115979985556	0.5019496491581207	0.47584004142748054
0.593295878967653	0.5018454273000995	0.47573242069037025
0.5933801479658719	0.5017412231186332	0.475624819349323
0.5934644049983115	0.5016370366110742	0.47551723740128377
0.593548650070068	0.5015328677747753	0.47540967484319896
0.5936328831862332	0.5014287166070901	0.47530213167201485
0.5937171043518958	0.5013245831053719	0.4751946078846785
0.5938013135721409	0.5012204672669744	0.47508710347813676
0.5938855108520497	0.5011163690892526	0.47497961844933795
0.5939696961966999	0.5010122885695606	0.4748721527952298
0.5940538696111658	0.5009082257052538	0.4747647065127612
0.594138031100518	0.5008041804936874	0.4746572795988812
0.5942221806698232	0.5007001529322174	0.47454987205053906
0.594306318324145	0.5005961430181997	0.47444248386468507
0.5943904440685432	0.5004921507489908	0.4743351150382694
0.594474557908074	0.5003881761219481	0.47422776556824314
0.59455865984779	0.5002842191344282	0.47412043545155735
0.5946427498927402	0.5001802797837891	0.47401312468516377
0.5947268280479703	0.5000763580673885	0.47390583326601443
0.5948108943185221	0.4999724539825851	0.47379856119106223
0.5948949487094339	0.4998685675267372	0.4736913084572599
0.5949789912257407	0.4997646986972042	0.47358407506156097
0.5950630218724736	0.4996608474913453	0.47347686100091946
0.5951470406546604	0.4995570139065204	0.4733696662722898
0.5952310475773253	0.49945319794008985	0.47326249087262673
0.5953150426454886	0.4993493995894139	0.47315533479888516
0.5953990258641678	0.49924561885185337	0.4730481980480211
0.5954829972383763	0.49914185572476977	0.4729410806169906
0.5955669567731239	0.4990381102055246	0.4728339825027501
0.5956509044734172	0.49893438229147985	0.4727269037022567
0.5957348403442592	0.4988306719799979	0.4726198442124677
0.5958187643906493	0.4987269792684414	0.47251280403034096
0.5959026766175832	0.4986233041541736	0.47240578315283505
0.5959865770300536	0.4985196466345575	0.4722987815769084
0.5960704656330491	0.4984160067069574	0.4721917992995202
0.5961543424315552	0.4983123843687373	0.47208483631763043
0.5962382074305537	0.4982087796172617	0.47197789262819867
0.596322060635023	0.49810519244989526	0.4718709682281857
0.5964059020499378	0.4980016228640038	0.4717640631145525
0.5964897316802695	0.4978980708569524	0.47165717728426004
0.5965735495309862	0.4977945364261075	0.4715503107342708
0.5966573556070519	0.49769101956883516	0.4714434634615463
0.5967411499134277	0.4975875202825019	0.4713366354630497
0.596824932455071	0.4974840385644753	0.47122982673574415
0.5969087032369356	0.4973805744121225	0.47112303727659294
0.596992462263972	0.4972771278228112	0.4710162670825601
0.5970762095411272	0.4971736987939099	0.4709095161506104
0.5971599450733446	0.49707028732278696	0.4708027844777083
0.5972436688655645	0.49696689340681105	0.47069607206081937
0.5973273809227232	0.4968635170433518	0.4705893788969092
0.5974110812497538	0.4967601582297787	0.47048270498294414
0.5974947698515862	0.4966568169634616	0.4703760503158908
0.5975784467331465	0.49655349324177106	0.4702694148927163
0.5976621118993574	0.4964501870620776	0.47016279871038785
0.5977457653551382	0.4963468984217524	0.47005620176587365
0.5978294071054049	0.49624362731816685	0.46994962405614205
0.5979130371550699	0.4961403737486928	0.46984306557816186
0.5979966555090421	0.4960371377107024	0.46973652632890234
0.5980802621722272	0.4959339192015682	0.46963000630533314
0.5981638571495272	0.4958307182186629	0.46952350550442445
0.5982474404458409	0.49572753475935993	0.46941702392314677
0.5983310120660636	0.4956243688210329	0.469310561558471
0.5984145720150872	0.4955212204010558	0.4692041184073688
0.5984981202978001	0.49541808949680277	0.46909769446681193
0.5985816569190874	0.49531497610564884	0.46899128973377274
0.5986651818838307	0.4952118802249688	0.46888490420522405
0.5987486951969081	0.49510880185213807	0.46877853787813895
0.5988321968631947	0.49500574098453276	0.46867219074949124
0.5989156868875618	0.4949026976195286	0.4685658628162546
0.5989991652748775	0.4947996717545024	0.4684595540754039
0.5990826320300064	0.4946966633868308	0.46835326452391374
0.5991660871578097	0.49459367251389136	0.4682469941587599
0.5992495306631453	0.49449069913306143	0.46814074297691805
0.5993329625508679	0.4943877432417189	0.46803451097536414
0.5994163828258283	0.4942848048372424	0.46792829815107523
0.5994997914928745	0.49418188391701023	0.4678221045010283
0.5995831885568507	0.4940789804784019	0.4677159300222009
0.5996665740225979	0.49397609451879637	0.46760977471157095
0.599749947894954	0.49387322603557365	0.46750363856611693
0.599833310178753	0.4937703750261139	0.46739752158281783
0.5999166608788258	0.49366754148779735	0.4672914237586526
0.6000000000000001	0.4935647254180052	0.4671853450906015
0.6000833275470999	0.49346192681411855	0.4670792855756444
0.6001666435249463	0.49335914567351885	0.4669732452107618
0.6002499479383567	0.4932563819935882	0.46686722399293484
0.6003332407921453	0.49315363577170884	0.4667612219191451
0.600416522091123	0.4930509070052635	0.46665523898637445
0.6004997918400972	0.4929481956916351	0.46654927519160516
0.6005830500438719	0.4928455018282071	0.4664433305318201
0.6006662967072482	0.4927428254123631	0.4663374050040025
0.6007495318350237	0.4926401664414872	0.46623149860513574
0.6008327554319921	0.4925375249129642	0.4661256113322044
0.6009159675029446	0.49243490082417885	0.46601974318219275
0.6009991680526688	0.49233229417251606	0.46591389415208573
0.6010823570859487	0.4922297049553616	0.4658080642388687
0.6011655346075655	0.4921271331701013	0.4657022534395276
0.6012487006222965	0.4920245788141215	0.46559646175104863
0.6013318551349163	0.49192204188480887	0.46549068917041864
0.6014149981501957	0.4918195223795502	0.4653849356946245
0.6014981296729026	0.491717020295733	0.46527920132065403
0.6015812497078014	0.49161453563074514	0.4651734860454951
0.6016643582596529	0.4915120683819745	0.4650677898661362
0.6017474553332154	0.49140961854680965	0.4649621127795664
0.6018305409332432	0.4913071861226393	0.46485645478277454
0.6019136150644875	0.49120477110685257	0.4647508158727508
0.6019966777316964	0.49110237349683894	0.46464519604648513
0.6020797289396148	0.4909999932899886	0.46453959530096833
0.6021627686929839	0.4908976304836914	0.4644340136331912
0.6022457969965419	0.49079528507533826	0.4643284510401454
0.6023288138550239	0.4906929570623201	0.464222907518823
0.6024118192731613	0.49059064644202793	0.46411738306621597
0.6024948132556828	0.490488353211854	0.4640118776793174
0.6025777958073132	0.4903860773691898	0.4639063913551205
0.6026607669327746	0.4902838189114279	0.4638009240906187
0.6027437266367855	0.4901815778359615	0.46369547588280635
0.6028266749240614	0.4900793541401831	0.4635900467286778
0.6029096117993143	0.4899771478214865	0.4634846366252281
0.6029925372672534	0.4898749588772656	0.4633792455694526
0.6030754513325841	0.48977278730491436	0.46327387355834715
0.6031583540000088	0.4896706331018276	0.4631685205889079
0.603241245274227	0.4895684962654002	0.4630631866581318
0.6033241251599343	0.4894663767930273	0.4629578717630157
0.6034069936618236	0.48936427468210475	0.46285257590055723
0.6034898507845845	0.4892621899300284	0.46274729906775464
0.6035726965329031	0.4891601225341946	0.46264204126160596
0.6036555309114627	0.4890580724920001	0.4625368024791103
0.6037383539249432	0.48895603980084223	0.46243158271726686
0.6038211655780211	0.4888540244581182	0.4623263819730756
0.6039039658753699	0.4887520264612258	0.4622212002435364
0.60398675482166	0.48865004580756327	0.46211603752564984
0.6040695324215583	0.48854808249452897	0.4620108938164171
0.6041522986797286	0.4884461365195221	0.46190576911283954
0.6042350536008317	0.4883442078799417	0.46180066341191933
0.6043177971895252	0.4882422965731873	0.4616955767106583
0.604400529450463	0.48814040259665903	0.4615905090060596
0.6044832503882965	0.4880385259477572	0.4614854602951262
0.6045659600076736	0.4879366666238824	0.46138043057486205
0.604648658313239	0.4878348246224358	0.46127541984227094
0.6047313453096341	0.48773299994081853	0.4611704280943573
0.6048140210014976	0.48763119257643256	0.46106545532812615
0.6048966853934645	0.48752940252668003	0.46096050154058293
0.6049793384901669	0.48742762978896337	0.4608555667287333
0.6050619802962338	0.48732587436068536	0.4607506508895836
0.6051446108162908	0.4872241362392491	0.46064575402014035
0.6052272300549605	0.4871224154220584	0.46054087611741074
0.6053098380168622	0.4870207119065171	0.4604360171784023
0.6053924347066124	0.48691902569002926	0.46033117720012295
0.6054750201288241	0.4868173567699997	0.46022635617958096
0.6055575942881073	0.4867157051438334	0.46012155411378514
0.6056401571890688	0.4866140708089356	0.4600167709997449
0.6057227088363123	0.4865124537627121	0.4599120068344699
0.6058052492344383	0.48641085400256895	0.4598072616149703
0.6058877783880444	0.4863092715259125	0.45970253533825634
0.6059702963017247	0.4862077063301498	0.4595978280013394
0.6060528029800704	0.48610615841268745	0.4594931396012305
0.6061352984276696	0.48600462777093345	0.45938847013494183
0.6062177826491071	0.4859031144022954	0.45928381959948533
0.6063002556489647	0.48580161830418156	0.45917918799187385
0.6063827174318213	0.4857001394740006	0.45907457530912066
0.6064651680022523	0.4855986779091612	0.4589699815482389
0.60654760736483	0.4854972336070731	0.45886540670624326
0.6066300355241241	0.4853958065651453	0.45876085078014733
0.6067124524847005	0.4852943967807884	0.4586563137669667
0.6067948582511227	0.4851930042514125	0.4585517956637162
0.6068772528279504	0.48509162897442826	0.4584472964674117
0.6069596362197407	0.48499027094724684	0.4583428161750696
0.6070420084310475	0.4848889301672797	0.4582383547837059
0.6071243694664216	0.4847876066319385	0.4581339122903381
0.6072067193304106	0.4846863003386356	0.4580294886919835
0.6072890580275591	0.48458501128478315	0.4579250839856598
0.6073713855624086	0.48448373946779444	0.45782069816838555
0.6074537019394977	0.4843824848850825	0.4577163312371794
0.6075360071633615	0.4842812475340608	0.45761198318906054
0.6076183012385326	0.4841800274121436	0.45750765402104854
0.6077005841695399	0.48407882451674483	0.4574033437301633
0.6077828559609098	0.4839776388452793	0.4572990523134255
0.6078651166171654	0.4838764703951621	0.4571947797678559
0.6079473661428265	0.4837753191638082	0.4570905260904759
0.6080296045424104	0.4836741851486339	0.4569862912783071
0.6081118318204309	0.48357306834705494	0.45688207532837183
0.6081940479813988	0.4834719687564879	0.45677787823769267
0.6082762530298219	0.48337088637434933	0.45667370000329255
0.6083584469702052	0.4832698211980566	0.45656954062219524
0.6084406298070503	0.48316877322502727	0.45646540009142417
0.6085228015448558	0.4830677424526788	0.45636127840800395
0.6086049621881175	0.48296672887843	0.4562571755689594
0.6086871117413281	0.48286573249969916	0.45615309157131556
0.608769250208977	0.48276475331390506	0.45604902641209794
0.6088513775955507	0.48266379131846726	0.45594498008833306
0.6089334939055332	0.4825628465108051	0.45584095259704693
0.6090155991434045	0.48246191888833884	0.4557369439352666
0.6090976933136424	0.48236100844848895	0.4556329541000194
0.6091797764207213	0.4822601151886759	0.4555289830883333
0.6092618484691127	0.48215923910632075	0.455425030897236
0.609343909463285	0.4820583801988451	0.45532109752375666
0.6094259594077036	0.4819575384636707	0.4552171829649241
0.6095079983068311	0.4818567138982195	0.4551132872177677
0.6095900261651268	0.4817559064999144	0.4550094102793176
0.6096720429870472	0.4816551162661778	0.45490555214660405
0.6097540487770459	0.48155434319443324	0.45480171281665777
0.609836043539573	0.4814535872821042	0.4546978922865101
0.6099180272790763	0.4813528485266143	0.45459409055319233
0.61	0.48125212692538827	0.4544903076137368
0.6100819617067857	0.4811514224758506	0.45438654346517604
0.610163912403872	0.48105073517542624	0.4542827981045429
0.6102458520956943	0.48095006502154053	0.45417907152887055
0.6103277807866851	0.48084941201161935	0.45407536373519314
0.6104096984812741	0.4807487761430885	0.4539716747205444
0.6104916051838879	0.48064815741337447	0.45386800448195935
0.6105735008989499	0.48054755581990416	0.453764353016473
0.6106553856308811	0.4804469713601046	0.45366072032112054
0.6107372593840988	0.48034640403140316	0.45355710639293806
0.610819122163018	0.4802458538312279	0.45345351122896194
0.6109009739720506	0.48014532075700705	0.4533499348262291
0.6109828148156051	0.48004480480616896	0.4532463771817765
0.6110646446980875	0.4799443059761425	0.45314283829264185
0.6111464636239009	0.47984382426435707	0.4530393181558631
0.611228271597445	0.47974335966824216	0.45293581676847894
0.611310068623117	0.4796429121852281	0.4528323341275283
0.6113918547053109	0.4795424818127448	0.4527288702300502
0.6114736298484179	0.47944206854822297	0.4526254250730847
0.6115553940568262	0.4793416723890939	0.4525219986536719
0.6116371473349211	0.4792412933327889	0.4524185909688524
0.611718889687085	0.4791409313767396	0.4523152020156674
0.6118006211176972	0.4790405865183783	0.4522118317911581
0.6118823416311342	0.47894025875513707	0.45210848029236655
0.6119640512317697	0.4788399480844492	0.45200514751633514
0.6120457499239742	0.47873965450374767	0.4519018334601067
0.6121274377121156	0.47863937801046585	0.4517985381207242
0.6122091146005587	0.47853911860203774	0.4516952614952314
0.6122907805936654	0.47843887627589776	0.45159200358067236
0.6123724356957945	0.4783386510294802	0.4514887643740915
0.6124540799113024	0.4782384428602201	0.45138554387253366
0.6125357132445421	0.4781382517655528	0.4512823420730443
0.6126173356998641	0.47803807774291407	0.45117915897266914
0.6126989472816157	0.4779379207897395	0.451075994568454
0.6127805479941412	0.47783778090346585	0.4509728488574461
0.6128621378417825	0.47773765808152974	0.45086972183669216
0.6129437168288782	0.4776375523213682	0.4507666135032396
0.6130252849597642	0.4775374636204186	0.4506635238541364
0.6131068422387733	0.47743739197611895	0.4505604528864307
0.6131883886702356	0.47733733738590695	0.45045740059717154
0.6132699242584785	0.4772372998472215	0.45035436698340786
0.6133514490078261	0.47713727935750133	0.4502513520421893
0.6134329629226001	0.4770372759141855	0.45014835577056594
0.6135144660071187	0.4769372895147137	0.45004537816558815
0.6135959582656978	0.47683732015652575	0.4499424192243068
0.6136774397026503	0.476737367837062	0.44983947894377335
0.6137589103222861	0.47663743255376295	0.44973655732103923
0.6138403701289122	0.47653751430406965	0.4496336543531568
0.6139218191268331	0.4764376130854233	0.4495307700371786
0.6140032573203501	0.4763377288952657	0.44942790437015767
0.6140846847137617	0.47623786173103877	0.4493250573491474
0.6141661013113635	0.4761380115901851	0.44922222897120156
0.6142475071174486	0.4760381784701472	0.44911941923337456
0.6143289021363068	0.4759383623683682	0.44901662813272114
0.6144102863722254	0.4758385632822917	0.44891385566629627
0.6144916598294887	0.47573878120936136	0.44881110183115563
0.6145730225123781	0.47563901614702103	0.44870836662435504
0.6146543744251723	0.4755392680927158	0.44860565004295117
0.6147357155721473	0.4754395370438903	0.4485029520840006
0.6148170459575759	0.47533982299798944	0.44840027274456074
0.6148983655857283	0.4752401259524591	0.4482976120216892
0.6149796744608719	0.4751404459047453	0.4481949699124443
0.6150609725872712	0.4750407828522938	0.4480923464138843
0.6151422599691879	0.4749411367925519	0.4479897415230684
0.615223536610881	0.4748415077229659	0.4478871552370556
0.6153048025166065	0.47474189564098357	0.4477845875529061
0.6153860576906175	0.4746423005440525	0.44768203846768
0.6154673021371647	0.4745427224296207	0.44757950797843804
0.6155485358604957	0.47444316129513636	0.4474769960822412
0.6156297588648554	0.4743436171380486	0.447374502776151
0.6157109711544858	0.4742440899558062	0.44727202805722943
0.6157921727336261	0.47414457974585883	0.44716957192253876
0.6158733636065128	0.4740450865056562	0.447067134369142
0.6159545437773798	0.4739456102326482	0.44696471539410193
0.6160357132504576	0.4738461509242857	0.44686231499448276
0.6161168720299746	0.4737467085780195	0.4467599331673481
0.6161980201201559	0.47364728319130056	0.4466575699097626
0.6162791575252241	0.4735478747615807	0.4465552252187912
0.616360284249399	0.4734484832863117	0.44645289909149904
0.6164414002968976	0.47334910876294595	0.4463505915249522
0.6165225056719341	0.4732497511889359	0.44624830251621656
0.6166036003787198	0.4731504105617348	0.4461460320623591
0.6166846844214634	0.47305108687879566	0.4460437801604463
0.616765757804371	0.47295178013757216	0.44594154680754605
0.6168468205316454	0.4728524903355185	0.4458393320007262
0.6169278726074873	0.472753217470089	0.44573713573705476
0.617008914036094	0.47265396153873834	0.4456349580136006
0.6170899448216606	0.4725547225389218	0.44553279882743313
0.617170964968379	0.4724555004680946	0.44543065817562166
0.6172519744804386	0.47235629532371254	0.4453285360552361
0.6173329733620261	0.4722571071032319	0.4452264324633472
0.6174139616173252	0.472157935804109	0.4451243473970255
0.6174949392505172	0.47205878142380076	0.4450222808533424
0.6175759062657804	0.4719596439597645	0.4449202328293696
0.6176568626672904	0.4718605234094574	0.44481820332217914
0.6177378084592201	0.47176141977033775	0.4447161923288436
0.6178187436457395	0.47166233303986366	0.44461419984643613
0.6178996682310163	0.47156326321549374	0.44451222587202976
0.617980582219215	0.4714642102946869	0.44441027040269854
0.6180614856144977	0.4713651742749025	0.4443083334355168
0.6181423784210236	0.47126615515360004	0.44420641496755875
0.6182232606429493	0.4711671529282398	0.44410451499589987
0.6183041322844285	0.4710681675962819	0.4440026335176156
0.6183849933496123	0.47096919915518715	0.4439007705297818
0.6184658438426491	0.47087024760241675	0.4437989260294748
0.6185466837676846	0.4707713129354317	0.4436971000137713
0.6186275131288618	0.4706723951516942	0.4435952924797487
0.6187083319303208	0.47057349424866624	0.4434935034244845
0.6187891401761993	0.4704746102238101	0.44339173284505673
0.618869937870632	0.4703757430745886	0.4432899807385438
0.6189507250177513	0.4702768927984654	0.4431882471020248
0.6190315016216864	0.4701780593929034	0.44308653193257874
0.6191122676865642	0.47007924285536673	0.4429848352272856
0.6191930232165088	0.46998044318331983	0.44288315698322556
0.6192737682156414	0.46988166037422685	0.4427814971974788
0.6193545026880809	0.4697828944255529	0.4426798558671267
0.6194352266379431	0.4696841453347634	0.4425782329892506
0.6195159400693416	0.4695854130993238	0.44247662856093223
0.6195966429863867	0.4694866977167	0.44237504257925386
0.6196773353931867	0.4693879991843585	0.44227347504129844
0.6197580172938467	0.46928931749976593	0.4421719259441488
0.6198386886924694	0.4691906526603892	0.4420703952848884
0.6199193495931548	0.469092004663696	0.4419688830606014
0.62	0.46899337350715364	0.4418673892683721
0.6200806399170998	0.4688947591882304	0.44176591390528525
0.6201612693485462	0.46879616170439475	0.44166445696842616
0.6202418882984283	0.4686975810531155	0.44156301845488044
0.620322496770833	0.46859901723186154	0.44146159836173393
0.620403094769844	0.4685004702381026	0.44136019668607357
0.6204836822995429	0.4684019400693085	0.44125881342498585
0.6205642593640082	0.4683034267229493	0.44115744857555833
0.6206448259673161	0.46820493019649545	0.4410561021348785
0.6207253821135398	0.468106450487418	0.44095477410003475
0.6208059278067503	0.4680079875931882	0.4408534644681155
0.6208864630510155	0.4679095415112774	0.44075217323620997
0.6209669878504009	0.4678111122391577	0.44065090040140753
0.6210475022089695	0.4677126997743014	0.44054964596079776
0.6211280061307815	0.4676143041141811	0.4404484099114712
0.6212084996198941	0.46751592525626967	0.44034719225051855
0.6212889826803627	0.4674175631980406	0.44024599297503086
0.6213694553162393	0.46731921793696746	0.44014481208209966
0.6214499175315739	0.46722088947052426	0.4400436495688168
0.6215303693304133	0.4671225777961855	0.43994250543227487
0.6216108107168021	0.4670242829114259	0.43984137966956643
0.6216912416947822	0.4669260048137202	0.43974027227778484
0.6217716622683925	0.4668277435005441	0.43963918325402374
0.6218520724416701	0.4667294989693735	0.4395381125953772
0.6219324722186486	0.4666312712176844	0.4394370602989396
0.6220128616033594	0.46653306024295316	0.4393360263618059
0.6220932405998316	0.4664348660426569	0.4392350107810715
0.6221736092120912	0.4663366886142724	0.4391340135538319
0.6222539674441618	0.4662385279552774	0.4390330346771833
0.6223343153000644	0.46614038406314984	0.43893207414822266
0.6224146527838174	0.4660422569353675	0.43883113196404655
0.6224949798994366	0.4659441465694096	0.4387302081217526
0.6225752966509353	0.4658460529627545	0.43862930261843835
0.6226556030423239	0.4657479761128819	0.4385284154512026
0.6227358990776106	0.46564991601727096	0.43842754661714356
0.6228161847608008	0.46555187267340215	0.4383266961133606
0.6228964600958975	0.4654538460787554	0.438225863936953
0.6229767250869008	0.46535583623081145	0.43812505008502095
0.6230569797378086	0.4652578431270516	0.4380242545546647
0.6231372240526158	0.46515986676495663	0.43792347734298487
0.6232174580353153	0.4650619071420086	0.43782271844708276
0.6232976816898969	0.46496396425568964	0.4377219778640602
0.623377895020348	0.4648660381034821	0.43762125559101894
0.6234580980306536	0.46476812868286854	0.4375205516250615
0.6235382907247958	0.4646702359913323	0.4374198659632909
0.6236184731067546	0.4645723600263567	0.4373191986028103
0.623698645180507	0.4644745007854256	0.4372185495407234
0.6237788069500277	0.46437665826602303	0.43711791877413436
0.6238589584192888	0.4642788324656335	0.4370173063001477
0.6239390995922599	0.4641810233817421	0.4369167121158686
0.6240192304729077	0.4640832310118337	0.4368161362184021
0.624099351065197	0.46398545535339386	0.4367155786048542
0.6241794613730894	0.4638876964039087	0.43661503927233103
0.6242595614005444	0.46378995416086444	0.4365145182179395
0.6243396511515187	0.4636922286217474	0.43641401543878644
0.6244197306299666	0.46359451978404465	0.43631353093197933
0.6244997998398398	0.4634968276452435	0.4362130646946261
0.6245798587850876	0.46339915220283145	0.4361126167238351
0.6246599074696566	0.4633014934542968	0.43601218701671507
0.624739945897491	0.4632038513971274	0.4359117755703751
0.6248199740725323	0.4631062260288122	0.4358113823819248
0.6248999919987197	0.4630086173468402	0.43571100744847424
0.6249799996799897	0.46291102534870066	0.43561065076713373
0.6250599971202765	0.46281345003188346	0.4355103123350142
0.6251399843235114	0.4627158913938786	0.4354099921492268
0.6252199612936234	0.4626183494321763	0.4353096902068832
0.6252999280345393	0.4625208241442675	0.4352094065050954
0.6253798845501828	0.4624233155276434	0.4351091410409762
0.6254598308444755	0.4623258235797952	0.43500889381163826
0.6255397669213365	0.4622283482982146	0.43490866481419493
0.6256196927846821	0.4621308896803941	0.43480845404576013
0.6256996084384263	0.46203344772382615	0.4347082615034478
0.6257795138864807	0.46193602242600323	0.4346080871843726
0.6258594091327541	0.461838613784419	0.43450793108564983
0.625939294181153	0.46174122179656657	0.43440779320439454
0.6260191690355815	0.4616438464599401	0.43430767353772265
0.6260990336999411	0.4615464877720336	0.43420757208275057
0.6261788881781307	0.46144914573034185	0.4341074888365949
0.6262587324740471	0.46135182033235966	0.4340074237963726
0.6263385665915839	0.4612545115755823	0.43390737695920145
0.626418390534633	0.4611572194575053	0.43380734832219914
0.6264982043070834	0.46105994397562466	0.43370733788248406
0.6265780079128217	0.46096268512743693	0.4336073456371751
0.6266578013557319	0.4608654429104384	0.4335073715833913
0.626737584639696	0.4607682173221263	0.4334074157182524
0.6268173577685928	0.460671008359998	0.43330747803887837
0.6268971207462992	0.46057381602155095	0.4332075585423896
0.6269768735766894	0.4604766403042834	0.43310765722590694
0.6270566162636353	0.46037948120569355	0.4330077740865516
0.6271363488110061	0.46028233872328034	0.43290790912144533
0.6272160712226689	0.4601852128545426	0.43280806232771013
0.6272957835024878	0.4600881035969801	0.4327082337024688
0.6273754856543249	0.4599910109480924	0.432608423242844
0.6274551776820397	0.4598939349053795	0.4325086309459591
0.6275348595894893	0.45979687546634207	0.432408856808938
0.6276145313805283	0.4596998326284809	0.43230910082890484
0.6276941930590086	0.45960280638929707	0.4322093630029842
0.6277738446287803	0.4595057967462921	0.432109643328301
0.6278534860936905	0.4594088036969676	0.4320099418019807
0.627933117457584	0.4593118272388262	0.43191025842114916
0.6280127387243033	0.45921486736937006	0.4318105931829327
0.6280923498976883	0.4591179240861024	0.43171094608445804
0.6281719509815764	0.45902099738652624	0.4316113171228522
0.6282515419798028	0.4589240872681453	0.4315117062952428
0.6283311228962003	0.45882719372846326	0.43141211359875753
0.628410693734599	0.4587303167649846	0.4313125390305249
0.6284902544988268	0.45863345637521363	0.43121298258767365
0.6285698051927089	0.45853661255665573	0.4311134442673329
0.6286493458200685	0.4584397853068159	0.4310139240666322
0.628728876384726	0.45834297462320006	0.4309144219827018
0.6288083968904996	0.45824618050331384	0.43081493801267184
0.628887907341205	0.45814940294466383	0.43071547215367323
0.6289674077406555	0.45805264194475676	0.43061602440283736
0.6290468980926621	0.4579558975010994	0.4305165947572958
0.6291263784010331	0.4578591696111994	0.4304171832141806
0.629205848669575	0.45776245827256423	0.4303177897706242
0.6292853089020909	0.45766576348270216	0.4302184144237596
0.6293647591023825	0.45756908523912154	0.43011905717072024
0.6294441992742487	0.4574724235393312	0.43001971800863975
0.6295236294214857	0.45737577838084	0.429920396934652
0.6296030495478878	0.45727914976115747	0.4298210939458921
0.6296824596572467	0.45718253767779365	0.4297218090394948
0.6297618597533515	0.4570859421282583	0.42962254221259527
0.6298412498399895	0.4569893631100623	0.42952329346232976
0.6299206299209449	0.4568928006207162	0.4294240627858343
0.63	0.4567962546577312	0.42932485018024535
0.6300793600809346	0.4566997252186189	0.4292256556427002
0.630158710167526	0.456603212300891	0.4291264791703363
0.6302380502635492	0.4565067159020599	0.4290273207602915
0.630317380372777	0.4564102360196379	0.4289281804097038
0.6303967004989794	0.4563137726511382	0.4288290581157126
0.6304760106459246	0.4562173257940739	0.42872995387545665
0.6305553108173778	0.4561208954459585	0.42863086768607545
0.6306346010171024	0.4560244816043061	0.4285317995447089
0.6307138812488592	0.45592808426663073	0.4284327494484976
0.6307931515164064	0.4558317034304471	0.4283337173945822
0.6308724118235002	0.4557353390932704	0.42823470338010394
0.6309516621738943	0.45563899125261564	0.4281357074022045
0.63103090257134	0.4555426599059987	0.42803672945802584
0.6311101330195864	0.4554463450509352	0.4279377695447104
0.63118935352238	0.4553500466849417	0.42783882765940096
0.6312685640834652	0.4552537648055351	0.4277399037992411
0.6313477647065839	0.4551574994102321	0.42764099796137406
0.6314269553954757	0.45506125049655016	0.42754211014294424
0.6315061361538777	0.45496501806200706	0.42744324034109615
0.6315853069855251	0.4548688021041208	0.4273443885529747
0.6316644678941503	0.4547726026204097	0.42724555477572507
0.6317436188834835	0.4546764196083928	0.42714673900649325
0.6318227599572526	0.45458025306558875	0.42704794124242523
0.6319018911191832	0.4544841029895172	0.4269491614806676
0.6319810123729984	0.454387969377698	0.4268503997183675
0.6320601237224194	0.4542918522276512	0.4267516559526723
0.6321392251711644	0.45419575153689723	0.4266529301807296
0.6322183167229497	0.45409966730295687	0.42655422239968793
0.6322973983814895	0.4540035995233514	0.42645553260669583
0.632376470150495	0.45390754819560214	0.4263568607989023
0.6324555320336759	0.4538115133172311	0.42625820697345695
0.6325345840347387	0.45371549488576035	0.42615957112750946
0.6326136261573885	0.45361949289871234	0.4260609532582103
0.6326926584053272	0.4535235073536101	0.4259623533627101
0.632771680782255	0.4534275382479766	0.42586377143815995
0.6328506932918696	0.45333158557933567	0.4257652074817115
0.6329296959378664	0.453235649345211	0.4256666614905167
0.6330086887239385	0.453139729543127	0.42556813346172795
0.6330876716537766	0.4530438261706081	0.4254696233924978
0.6331666447310692	0.45294793922517934	0.42537113127997955
0.6332456079595026	0.45285206870436584	0.4252726571213269
0.6333245613427605	0.45275621460569326	0.42517420091369373
0.6334035048845246	0.4526603769266877	0.4250757626542346
0.6334824385884742	0.45256455566487513	0.42497734234010415
0.6335613624582863	0.4524687508177824	0.4248789399684577
0.6336402764976355	0.4523729623829367	0.4247805555364513
0.6337191807101944	0.4522771903578649	0.42468218904124033
0.6337980750996329	0.45218143474009503	0.4245838404799819
0.6338769596696192	0.4520856955271549	0.4244855098498324
0.6339558344238185	0.4519899727165728	0.42438719714794937
0.6340346993658943	0.45189426630587776	0.42428890237149064
0.6341135544995076	0.45179857629259845	0.42419062551761433
0.6341923998283171	0.4517029026742644	0.42409236658347865
0.6342712353559793	0.45160724544840514	0.4239941255662429
0.6343500610861482	0.4515116046125511	0.42389590246306647
0.6344288770224761	0.45141598016423246	0.42379769727110883
0.6345076831686122	0.45132037210098014	0.42369950998753053
0.6345864795282042	0.4512247804203248	0.42360134060949184
0.6346652661048973	0.45112920511979826	0.4235031891341539
0.634744042902334	0.4510336461969322	0.42340505555867824
0.6348228099241552	0.4509381036492587	0.4233069398802267
0.634901567173999	0.4508425774743101	0.4232088420959613
0.6349803146555018	0.4507470676696194	0.42311076220304483
0.6350590523722971	0.45065157423271984	0.4230127001986406
0.6351377803280167	0.4505560971611444	0.4229146560799116
0.6352164985262898	0.4504606364524275	0.4228166298440222
0.6352952069707436	0.450365192104103	0.4227186214881363
0.635373905665003	0.45026976411370523	0.4226206310094188
0.6354525946126902	0.4501743524787693	0.4225226584050349
0.6355312738174259	0.4500789571968305	0.4224247036721501
0.6356099432828282	0.4499835782654241	0.4223267668079302
0.6356886030125127	0.449888215682086	0.4222288478095417
0.6357672530100933	0.44979286944435276	0.42213094667415135
0.6358458932791813	0.4496975395497603	0.42203306339892627
0.6359245238233858	0.4496022259958461	0.4219351979810341
0.6360031446463139	0.44950692878014714	0.42183735041764275
0.63608175575157	0.44941164790020094	0.42173952070592075
0.6361603571427569	0.4493163833535456	0.4216417088430369
0.6362389488234746	0.4492211351377193	0.4215439148261603
0.6363175307973213	0.4491259032502606	0.4214461386524607
0.6363961030678927	0.44903068768870846	0.42134838031910815
0.6364746656387825	0.4489354884506023	0.4212506398232732
0.6365532185135819	0.44884030553348153	0.4211529171621265
0.6366317616958802	0.4487451389348865	0.4210552123328395
0.6367102951892643	0.4486499886523569	0.42095752533258374
0.6367888189973188	0.44855485468343387	0.42085985615853144
0.6368673331236263	0.44845973702565817	0.42076220480785503
0.6369458375717673	0.44836463567657103	0.4206645712777275
0.6370243323453194	0.4482695506337146	0.4205669555653222
0.637102817447859	0.44817448189463055	0.4204693576678128
0.6371812928829597	0.44807942945686113	0.42037177758237343
0.6372597586541928	0.44798439331794926	0.4202742153061787
0.6373382147651276	0.44788937347543806	0.4201766708364037
0.6374166612193315	0.4477943699268705	0.4200791441702234
0.6374950980203691	0.4476993826697906	0.4199816353048141
0.6375735251718032	0.4476044117017424	0.41988414423735154
0.6376519426771944	0.4475094570202701	0.4197866709650127
0.637730350540101	0.44741451862291864	0.41968921548497434
0.637808748764079	0.4473195965072329	0.4195917777944139
0.6378871373526824	0.4472246906707587	0.4194943578905094
0.6379655163094633	0.4471298011110413	0.4193969557704389
0.6380438856379708	0.44703492782562726	0.41929957143138114
0.6381222453417527	0.4469400708120625	0.4192022048705151
0.638200595424354	0.4468452300678943	0.41910485608502035
0.6382789358893179	0.44675040559066936	0.41900752507207667
0.6383572667401852	0.4466555973779354	0.4189102118288643
0.6384355879804947	0.4465608054272402	0.41881291635256407
0.6385138996137829	0.44646602973613175	0.41871563864035705
0.6385922016435841	0.4463712703021587	0.41861837868942486
0.6386704940734307	0.4462765271228696	0.41852113649694905
0.6387487769068525	0.44618180019581405	0.41842391206011237
0.6388270501473775	0.4460870895185411	0.4183267053760973
0.6389053137985315	0.4459923950886009	0.41822951644208706
0.6389835678638379	0.4458977169035435	0.41813234525526516
0.6390618123468182	0.4458030549609194	0.4180351918128157
0.6391400472509918	0.4457084092582793	0.4179380561119228
0.6392182725798755	0.44561377979317474	0.4178409381497716
0.6392964883369844	0.445519166563157	0.4177438379235468
0.6393746945258313	0.445424569565778	0.41764675543043434
0.6394528911499266	0.4453299887985899	0.4175496906676202
0.6395310782127793	0.44523542425914553	0.4174526436322908
0.6396092557178953	0.44514087594499746	0.4173556143216328
0.6396874236687791	0.4450463438536991	0.4172586027328335
0.6397655820689325	0.444951827982804	0.41716160886308057
0.6398437309218556	0.4448573283298659	0.417064632709562
0.6399218702310462	0.4447628448924393	0.41696767426946635
0.64	0.4446683776680785	0.4168707335399823
0.6400781202322104	0.44457392665433865	0.4167738105182992
0.6401562309311689	0.444479491848775	0.4166769052016068
0.6402343321003646	0.4443850732489431	0.416580017587095
0.6403124237432849	0.444290670852399	0.4164831476719545
0.6403905058634146	0.44419628465669864	0.4163862954533759
0.6404685784642365	0.4441019146593992	0.41628946092855107
0.6405466415492318	0.44400756085805704	0.41619264409467094
0.6406246951218787	0.44391322325022986	0.41609584494892826
0.6407027391856539	0.44381890183347505	0.415999063488515
0.6407807737440318	0.4437245966053508	0.4159022997106246
0.6408587988004846	0.44363030756341526	0.41580555361245014
0.6409368143584826	0.44353603470522723	0.4157088251911854
0.6410148204214938	0.4434417780283457	0.4156121144440246
0.6410928169929843	0.4433475375303298	0.4155154213681621
0.6411708040764177	0.4432533132087394	0.4154187459607931
0.6412487816752559	0.4431591050611344	0.4153220882191128
0.6413267497929585	0.443064913085075	0.41522544814031725
0.6414047084329831	0.44297073727812225	0.4151288257216021
0.641482657598785	0.4428765776378369	0.4150322209601644
0.6415605972938176	0.4427824341617803	0.414935633853201
0.6416385275215323	0.44268830684751437	0.41483906439790935
0.6417164482853779	0.4425941956926009	0.41474251259148714
0.6417943595888017	0.4425001006946023	0.4146459784311327
0.6418722614352484	0.44240602185108147	0.4145494619140447
0.6419501538281613	0.44231195915960125	0.4144529630374219
0.6420280367709809	0.44221791261772525	0.4143564817984641
0.6421059102671459	0.442123882223017	0.41426001819437086
0.6421837743200929	0.44202986797304045	0.41416357222234246
0.6422616289332564	0.4419358698653602	0.41406714387957955
0.6423394741100691	0.4418418878975411	0.41397073316328337
0.642417309853961	0.44174792206714797	0.4138743400706552
0.6424951361683605	0.4416539723717464	0.4137779645988971
0.6425729530566938	0.44156003880890216	0.41368160674521115
0.6426507605223851	0.441466121376181	0.41358526650679994
0.6427285585688565	0.4413722200711498	0.41348894388086693
0.6428063471995279	0.441278334891375	0.4133926388646152
0.6428841264178172	0.4411844658344238	0.41329635145524884
0.6429618962271404	0.4410906128978638	0.4132000816499722
0.643039656630911	0.4409967760792626	0.41310382944599
0.6431174076325411	0.4409029553761882	0.4130075948405072
0.6431951492354401	0.4408091507862092	0.4129113778307294
0.6432728814430156	0.4407153623068945	0.4128151784138626
0.6433506042586733	0.440621589935813	0.412718996587113
0.6434283176858164	0.44052783367053444	0.41262283234768743
0.6435060217278468	0.4404340935086284	0.412526685692793
0.6435837163881634	0.44034036944766486	0.4124305566196372
0.6436614016701638	0.4402466614852148	0.41233444512542805
0.6437390775772432	0.4401529696188485	0.41223835120737395
0.6438167441127949	0.4400592938461374	0.41214227486268346
0.6438944012802099	0.4399656341646528	0.4120462160885658
0.6439720490828775	0.4398719905719669	0.4119501748822308
0.6440496875241848	0.4397783630656514	0.4118541512408882
0.6441273166075167	0.43968475164327886	0.41175814516174836
0.6442049363362563	0.43959115630242257	0.4116621566420222
0.6442825467137846	0.4394975770406552	0.4115661856789209
0.6443601477434805	0.4394040138555504	0.41147023226965584
0.6444377394287208	0.43931046674468194	0.4113742964114392
0.6445153217728807	0.43921693570562415	0.4112783781014833
0.6445928947793328	0.43912342073595156	0.41118247733700114
0.6446704584514479	0.43902992183323875	0.41108659411520565
0.6447480127925949	0.4389364389950611	0.4109907284333104
0.6448255578061403	0.43884297221899415	0.41089488028852983
0.6449030934954492	0.43874952150261387	0.41079904967807807
0.644980619863884	0.4386560868434962	0.4107032365991699
0.6450581369148055	0.4385626682392178	0.4106074410490207
0.6451356446515725	0.43846926568735556	0.41051166302484604
0.6452131430775415	0.43837587918548643	0.4104159025238618
0.6452906321960671	0.43828250873118846	0.4103201595432848
0.6453681120105021	0.43818915432203903	0.41022443408033155
0.645445582524197	0.43809581595561664	0.41012872613221935
0.6455230437405004	0.4380024936294997	0.410033035696166
0.645600495662759	0.4379091873412671	0.4099373627693894
0.6456779382943171	0.4378158970884983	0.40984170734910813
0.6457553716385176	0.4377226228687725	0.40974606943254094
0.6458327956987009	0.43762936467966973	0.40965044901690717
0.6459102104782057	0.4375361225187702	0.4095548460994265
0.6459876159803685	0.4374428963836546	0.409459260677319
0.6460650122085237	0.4373496862719036	0.40936369274780504
0.6461423991660044	0.4372564921810986	0.40926814230810565
0.6462197768561405	0.43716331410882114	0.40917260935544203
0.646297145282261	0.437070152052653	0.4090770938870358
0.6463745044476925	0.4369770060101768	0.4089815959001093
0.6464518543557595	0.4368838759789746	0.4088861153918847
0.6465291950097846	0.43679076195662964	0.40879065235958517
0.6466065264130885	0.436697663940725	0.40869520680043375
0.6466838485689896	0.4366045819288445	0.4085997787116544
0.6467611614808051	0.43651151591857174	0.40850436809047097
0.6468384651518492	0.4364184659074913	0.4084089749341082
0.6469157595854347	0.43632543189318734	0.40831359923979077
0.6469930447848725	0.4362324138732451	0.4082182410047442
0.6470703207534712	0.43613941184524996	0.4081229002261942
0.6471475874945375	0.43604642580678715	0.4080275769013666
0.6472248450113762	0.4359534557554428	0.40793227102748836
0.6473020933072904	0.4358605016888032	0.40783698260178597
0.6473793323855805	0.43576756360445484	0.4077417116214871
0.6474565622495458	0.43567464149998464	0.4076464580838191
0.647533782902483	0.43558173537298006	0.4075512219860105
0.6476109943476871	0.4354888452210283	0.4074560033252896
0.6476881965884511	0.4353959710417177	0.4073608020988853
0.647765389628066	0.4353031128326364	0.40726561830402724
0.6478425734698207	0.435210270591373	0.40717045193794477
0.6479197481170025	0.43511744431551647	0.4070753029978683
0.6479969135728966	0.435024634002656	0.40698017148102816
0.648074069840786	0.4349318396503811	0.4068850573846554
0.6481512169239522	0.4348390612562821	0.40678996070598156
0.6482283548256741	0.4347462988179489	0.406694881442238
0.6483054835492292	0.43465355233297215	0.406599819590657
0.6483826030978931	0.43456082179894306	0.4065047751484712
0.648459713474939	0.4344681072134526	0.4064097481129137
0.6485368146836384	0.4343754085740926	0.40631473848121746
0.6486139067272609	0.43428272587845496	0.4062197462506166
0.6486909896090742	0.4341900591241317	0.4061247714183449
0.6487680633323437	0.43409740830871585	0.4060298139816373
0.6488451279003334	0.4340047734298001	0.4059348739377285
0.6489221833163049	0.4339121544849779	0.40583995128385403
0.6489992295835181	0.4338195514718427	0.4057450460172495
0.6490762667052309	0.43372696438798863	0.4056501581351512
0.6491532946846993	0.4336343932310097	0.4055552876347956
0.6492303135251773	0.43354183799850077	0.40546043451341957
0.649307323229917	0.43344929868805687	0.4053655987682608
0.6493843238021688	0.4333567752972729	0.4052707803965568
0.6494613152451807	0.43326426782374494	0.4051759793955457
0.6495382975621992	0.43317177626506864	0.4050811957624663
0.6496152707564686	0.43307930061884037	0.4049864294945573
0.6496922348312315	0.43298684088265676	0.4048916805890582
0.6497691897897283	0.4328943970541149	0.4047969490432089
0.6498461356351979	0.4328019691308117	0.4047022348542493
0.6499230723708768	0.43270955711034526	0.40460753801942023
0.65	0.43261716099031317	0.4045128585359624
0.6500769185258003	0.43252478076831385	0.4044181964011173
0.6501538279515088	0.43243241644194597	0.4043235516121268
0.6502307282803543	0.4323400680088084	0.404228924166233
0.6503076195155644	0.4322477354665006	0.40413431406067846
0.650384501660364	0.43215541881262176	0.404039721292706
0.6504613747179766	0.43206311804477254	0.4039451458595593
0.6505382386916237	0.4319708331605525	0.40385058775848187
0.6506150935845247	0.43187856415756276	0.40375604698671824
0.6506919393998976	0.43178631103340404	0.4036615235415124
0.6507687761409578	0.4316940737856776	0.4035670174201098
0.6508456038109192	0.43160185241198534	0.40347252861975574
0.6509224224129939	0.4315096469099288	0.40337805713769576
0.6509992319503918	0.4314174572771106	0.40328360297117627
0.6510760324263212	0.4313252835111332	0.40318916611744376
0.6511528238439882	0.43123312560959975	0.4030947465737454
0.6512296062065975	0.4311409835701132	0.4030003443373281
0.6513063795173513	0.4310488573902776	0.40290595940544005
0.6513831437794503	0.43095674706769627	0.4028115917753292
0.6514598989960932	0.430864652599974	0.40271724144424403
0.6515366451704769	0.4307725739847154	0.4026229084094339
0.6516133823057965	0.43068051121952516	0.4025285926681478
0.6516901104052446	0.43058846430200876	0.4024342942176357
0.6517668294720129	0.4304964332297717	0.4023400130551478
0.6518435395092905	0.43040441800041995	0.4022457491779345
0.6519202405202649	0.43031241861155983	0.4021515025832467
0.6519969325081215	0.430220435060798	0.4020572732683361
0.6520736154760443	0.4301284673457412	0.40196306123045417
0.6521502894272148	0.4300365154639968	0.40186886646685327
0.6522269543648131	0.4299445794131724	0.4017746889747857
0.6523036102920173	0.42985265919087606	0.4016805287515046
0.6523802572120037	0.42976075479471587	0.40158638579426337
0.6524568951279464	0.4296688662223006	0.4014922601003158
0.652533524043018	0.4295769934712391	0.4013981516669158
0.6526101439603893	0.42948513653914056	0.40130406049131806
0.6526867548832288	0.42939329542361465	0.40120998657077767
0.6527633568147035	0.4293014701222713	0.40111592990254974
0.6528399497579785	0.42920966063272087	0.4010218904838903
0.652916533716217	0.42911786695257365	0.4009278683120552
0.6529931086925803	0.42902608907944095	0.40083386338430105
0.6530696746902278	0.42893432701093376	0.40073987569788505
0.6531462317123172	0.42884258074466386	0.4006459052500642
0.6532227797620043	0.4287508502782429	0.4005519520380966
0.653299318842443	0.4286591356092833	0.4004580160592401
0.6533758489567854	0.4285674367353977	0.40036409731075334
0.6534523701081817	0.4284757536541989	0.40027019578989526
0.6535288822997802	0.4283840863633001	0.40017631149392513
0.6536053855347277	0.42829243486031504	0.4000824444201027
0.6536818798161687	0.4282007991428576	0.3999885945656883
0.6537583651472462	0.42810917920854186	0.3998947619279422
0.653834841531101	0.4280175750549825	0.39980094650412534
0.6539113089708726	0.4279259866797944	0.39970714829149934
0.6539877674696982	0.42783441408059286	0.3996133672873255
0.6540642170307133	0.42774285725499345	0.3995196034888662
0.6541406576570516	0.427651316200612	0.399425856893384
0.6542170893518451	0.42755979091506463	0.3993321274981417
0.6542935121182236	0.427468281395968	0.39923841530040244
0.6543699259593154	0.4273767876409391	0.3991447202974303
0.654446330878247	0.42728530964759504	0.399051042486489
0.654522726878143	0.4271938474135533	0.39895738186484336
0.6545991139621257	0.4271024009364319	0.3988637384297582
0.6546754921333164	0.4270109702138488	0.39877011217849856
0.654751861394834	0.4269195552434229	0.3986765031083306
0.654828221749796	0.42682815602277296	0.39858291121652006
0.6549045732013177	0.4267367725495181	0.3984893365003336
0.6549809157525126	0.42664540482127783	0.398395778957038
0.6550572494064927	0.426554052835672	0.3983022385839006
0.655133574166368	0.42646271659032103	0.39820871537818897
0.6552098900352467	0.42637139608284497	0.39811520933717126
0.655286197016235	0.42628009131086525	0.3980217204581161
0.6553624951124378	0.4261888022720026	0.397928248738292
0.6554387843269576	0.4260975289638788	0.3978347941749686
0.6555150646628954	0.4260062713841157	0.39774135676541533
0.6555913361233505	0.4259150295303353	0.3976479365069025
0.6556675987114202	0.42582380340016013	0.39755453339670016
0.6557438524302001	0.4257325929912134	0.3974611474320796
0.6558200972827838	0.4256413983011176	0.39736777861031164
0.6558963332722634	0.42555021932749676	0.3972744269286683
0.655972560401729	0.4254590560679745	0.3971810923844214
0.656048778674269	0.4253679085201749	0.3970877749748434
0.6561249880929699	0.42527677668172276	0.39699447469720717
0.6562011886609167	0.42518566055024265	0.39690119154878606
0.6562773803811921	0.4250945601233597	0.39680792552685357
0.6563535632568775	0.4250034753986994	0.3967146766286836
0.6564297372910524	0.4249124063738879	0.3966214448515509
0.6565059024867941	0.4248213530465507	0.3965282301927298
0.6565820588471787	0.42473031541431483	0.39643503264949603
0.6566582063752802	0.4246392934748066	0.3963418522191248
0.6567343450741708	0.4245482872256536	0.3962486888988923
0.656810474946921	0.424457296664483	0.3961555426860749
0.6568865959965997	0.42436632178892264	0.39606241357794936
0.6569627082262737	0.4242753625966007	0.39596930157179294
0.6570388116390081	0.4241844190851454	0.3958762066648831
0.6571149062378664	0.424093491252186	0.395783128854498
0.6571909920259102	0.42400257909535105	0.39569006813791585
0.6572670690061994	0.42391168261227025	0.3955970245124154
0.6573431371817918	0.42382080180057335	0.3955039979752761
0.657419196555744	0.4237299366578904	0.39541098852377704
0.6574952471311104	0.4236390871818517	0.39531799615519847
0.657571288910944	0.4235482533700883	0.3952250208668207
0.6576473218982952	0.42345743522023105	0.3951320626559246
0.657723346096214	0.42336663272991126	0.39503912151979104
0.6577993615077473	0.4232758458967611	0.3949461974557019
0.657875368135941	0.4231850747184121	0.3948532904609387
0.6579513659838392	0.4230943191924969	0.39476040053278405
0.6580273550544841	0.4230035793166483	0.3946675276685206
0.6581033353509158	0.42291285508849913	0.39457467186543144
0.6581793068761734	0.4228221465056829	0.39448183312080004
0.6582552696332936	0.4227314535658334	0.3943890114319104
0.6583312236253116	0.4226407762665844	0.3942962067960468
0.658407168855261	0.42255011460557057	0.39420341921049384
0.6584831053261732	0.42245946858042654	0.3941106486725368
0.6585590330410783	0.4223688381887871	0.3940178951794609
0.6586349520030045	0.42227822342828786	0.39392515872855216
0.6587108622149782	0.4221876242965644	0.39383243931709694
0.6587867636800242	0.42209704079125265	0.3937397369423817
0.6588626564011654	0.42200647290998905	0.39364705160169366
0.6589385403814229	0.4219159206504102	0.3935543832923202
0.6590144156238162	0.4218253840101531	0.3934617320115491
0.6590902821313633	0.4217348629868551	0.3933690977566688
0.6591661399070798	0.421644357578154	0.39327648052496783
0.6592419889539805	0.42155386778168724	0.3931838803137351
0.6593178292750773	0.42146339359509377	0.3930912971202602
0.6593936608733815	0.42137293501601186	0.39299873094183285
0.6594694837519018	0.4212824920420807	0.3929061817757433
0.6595452979136459	0.42119206467093917	0.3928136496192821
0.6596211033616193	0.4211016529002274	0.3927211344697404
0.6596969000988258	0.4210112567275848	0.39262863632440936
0.6597726881282675	0.42092087615065205	0.39253615518058094
0.6598484674529449	0.4208305111670697	0.3924436910355473
0.6599242380758568	0.42074016177447854	0.392351243886601
0.66	0.4206498279705199	0.39225881373103494
0.66007575322837	0.4205595097528352	0.3921664005661425
0.6601514977639602	0.42046920711906677	0.3920740043892176
0.6602272336097625	0.4203789200668563	0.391981625197554
0.6603029607687672	0.4202886485938468	0.39188926298844673
0.6603786792439622	0.4201983926976809	0.3917969177591902
0.6604543890383348	0.4201081523760019	0.3917045895070801
0.6605300901548695	0.42001792762645346	0.39161227822941214
0.6606057825965498	0.4199277184466791	0.39151998392348225
0.6606814663663572	0.41983752483432346	0.39142770658658704
0.6607571414672716	0.4197473467870308	0.3913354462160233
0.6608328079022712	0.4196571843024462	0.3912432028090886
0.6609084656743323	0.4195670373782145	0.39115097636308027
0.6609841147864296	0.4194769060119816	0.39105876687529667
0.6610597552415364	0.4193867902013929	0.39096657434303606
0.6611353870426238	0.4192966899440952	0.39087439876359736
0.6612110101926616	0.4192066052377343	0.3907822401342799
0.6612866246946176	0.41911653607995736	0.39069009845238317
0.661362230551458	0.41902648246841157	0.3905979737152073
0.6614378277661477	0.41893644440074423	0.3905058659200528
0.6615134163416491	0.4188464218746034	0.3904137750642205
0.6615889962809237	0.418756414887637	0.3903217011450113
0.6616645675869307	0.4186664234374934	0.3902296441597272
0.6617401302626281	0.4185764475218215	0.39013760410566994
0.6618156843109718	0.41848648713827047	0.39004558098014197
0.6618912297349164	0.41839654228448975	0.38995357478044623
0.6619667665374146	0.418306612958129	0.3898615855038857
0.6620422947214173	0.4182166991568383	0.38976961314776404
0.662117814289874	0.4181268008782681	0.38967765770938506
0.6621933252457322	0.41803691812006927	0.38958571918605345
0.662268827591938	0.4179470508798925	0.3894937975750735
0.6623443213314356	0.4178571991553897	0.38940189287375077
0.6624198064671678	0.4177673629442122	0.3893100050793905
0.6624952830020754	0.41767754224401205	0.3892181341892986
0.6625707509390978	0.417587737052442	0.38912628020078166
0.6626462102811725	0.4174979473671543	0.38903444311114616
0.6627216610312356	0.4174081731858022	0.38894262291769915
0.6627971031922213	0.417318414506039	0.38885081961774814
0.662872536767062	0.41722867132551844	0.3887590332086012
0.6629479617586889	0.4171389436418944	0.3886672636875663
0.663023378170031	0.4170492314528214	0.3885755110519525
0.6630987860040162	0.4169595347559539	0.3884837752990684
0.6631741852635701	0.4168698535489468	0.3883920564262236
0.6632495759516172	0.41678018782945586	0.3883003544307281
0.6633249580710799	0.41669053759513625	0.38820866930989195
0.6634003316248794	0.416600902843644	0.3881170010610257
0.6634756966159349	0.41651128357263556	0.38802534968144053
0.6635510530471638	0.4164216797797675	0.38793371516844777
0.6636264009214823	0.4163320914626966	0.38784209751935916
0.6637017402418047	0.4162425186190804	0.38775049673148704
0.6637770710110437	0.41615296124657625	0.38765891280214365
0.66385239323211	0.41606341934284213	0.38756734572864215
0.6639277069079133	0.4159738929055363	0.387475795508296
0.6640030120413611	0.4158843819323172	0.38738426213841876
0.6640783086353597	0.41579488642084395	0.38729274561632454
0.6641535966928133	0.4157054063687755	0.3872012459393281
0.6642288762166246	0.41561594177377154	0.38710976310474404
0.6643041472096949	0.41552649263349195	0.3870182971098878
0.6643794096749236	0.415437058945597	0.38692684795207516
0.6644546636152087	0.4153476407077469	0.38683541562862206
0.664529909033446	0.41525823791760286	0.38674400013684507
0.6646051459325304	0.4151688505728257	0.38665260147406094
0.6646803743153546	0.41507947867107725	0.3865612196375871
0.6647555941848101	0.4149901222100188	0.38646985462474087
0.6648308055437864	0.4149007811873132	0.3863785064328407
0.6649060083951716	0.4148114556006224	0.3862871750592046
0.664981202741852	0.4147221454476094	0.38619586050115184
0.6650563885867122	0.4146328507259373	0.3861045627560012
0.6651315659326357	0.41454357143326936	0.3860132818210724
0.6652067347825036	0.41445430756726953	0.3859220176936856
0.6652818951391959	0.4143650591256018	0.38583077037116087
0.6653570470055908	0.41427582610593067	0.3857395398508192
0.665432190384565	0.41418660850592076	0.38564832612998157
0.6655073252789935	0.41409740632323744	0.38555712920596974
0.6655824516917495	0.4140082195555457	0.38546594907610543
0.6656575696257048	0.41391904820051123	0.38537478573771095
0.6657326790837295	0.41382989225580064	0.3852836391881093
0.6658077800686922	0.41374075171907965	0.38519250942462324
0.6658828725834597	0.4136516265880152	0.38510139644457636
0.6659579566308973	0.4135625168602744	0.3850103002452926
0.6660330322138684	0.4134734225335245	0.3849192208240962
0.6661080993352355	0.413384343605433	0.3848281581783116
0.6661831579978587	0.4132952800736682	0.3847371123052644
0.6662582082045969	0.41320623193589806	0.38464608320227933
0.6663332499583072	0.4131171991897915	0.3845550708666826
0.6664082832618454	0.41302818183301737	0.38446407529580057
0.6664833081180653	0.41293917986324485	0.38437309648695933
0.6665583245298193	0.41285019327814365	0.3842821344374863
0.6666333324999584	0.4127612220753837	0.38419118914470873
0.6667083320313314	0.41267226625263514	0.3841002606059543
0.6667833231267861	0.41258332580756873	0.3840093488185514
0.6668583057891684	0.4124944007378552	0.3839184537798283
0.6669332800213227	0.4124054910411659	0.38382757548711405
0.6670082458260916	0.41231659671517223	0.3837367139377378
0.6670832032063166	0.41222771775754624	0.3836458691290296
0.6671581521648372	0.41213885416595986	0.3835550410583192
0.667233092704491	0.4120500059380859	0.3834642297229373
0.6673080248281149	0.411961173071597	0.38337343512021466
0.6673829485385434	0.4118723555641665	0.38328265724748267
0.6674578638386097	0.4117835534134677	0.38319189610207277
0.6675327707311455	0.4116947666171746	0.3831011516813172
0.6676076692189807	0.4116059951729611	0.3830104239825483
0.6676825593049439	0.41151723907850174	0.3829197130030988
0.667757440991862	0.4114284983314715	0.382829018740302
0.66783231428256	0.4113397729295453	0.3827383411914915
0.6679071791798618	0.41125106287039853	0.3826476803540011
0.6679820356865894	0.41116236815170704	0.3825570362251654
0.6680568838055634	0.411073688771147	0.38246640880231914
0.6681317235396026	0.4109850247263945	0.3823757980827972
0.6682065548915246	0.4108963760151265	0.3822852040639353
0.6682813778641449	0.4108077426350199	0.3821946267430694
0.6683561924602779	0.4107191245837522	0.38210406611753567
0.6684309986827361	0.4106305218590011	0.38201352218467083
0.6685057965343307	0.41054193445844456	0.38192299494181203
0.6685805860178712	0.4104533623797608	0.3818324843862965
0.6686553671361654	0.41036480562062866	0.38174199051546237
0.6687301398920195	0.41027626417872703	0.3816515133266478
0.6688049042882386	0.4101877380517352	0.3815610528171914
0.6688796603276257	0.41009922723733283	0.38147060898443214
0.6689544080129826	0.41001073173319985	0.3813801818257094
0.6690291473471093	0.4099222515370166	0.38128977133836306
0.6691038783328042	0.4098337866464635	0.38119937751973315
0.6691786009728643	0.4097453370592218	0.3811090003671605
0.6692533152700851	0.4096569027729723	0.3810186398779857
0.6693280212272605	0.40956848378539684	0.38092829604955025
0.6694027188471825	0.4094800800941773	0.380837968879196
0.669477408132642	0.40939169169699574	0.3807476583642648
0.6695520890864279	0.40930331859153485	0.3806573645020994
0.6696267617113283	0.4092149607754773	0.38056708729004246
0.6697014260101288	0.4091266182465064	0.38047682672543737
0.6697760819856141	0.40903829100230576	0.3803865828056277
0.669850729640567	0.4089499790405589	0.38029635552795765
0.6699253689777691	0.40886168235895015	0.38020614488977145
0.6699999999999999	0.4087734009551641	0.38011595088841416
0.6700746227100381	0.4086851348268852	0.38002577352123057
0.6701492371106603	0.4085968839717986	0.37993561278556653
0.6702238432046416	0.40850864838759	0.37984546867876817
0.6702984409947558	0.4084204280719449	0.3797553411981815
0.6703730304837747	0.4083322230225496	0.3796652303411535
0.6704476116744693	0.4082440332370903	0.37957513610503113
0.6705221845696084	0.4081558587132539	0.3794850584871622
0.6705967491719595	0.40806769944872706	0.3793949974848942
0.6706713054842887	0.4079795554411976	0.3793049530955758
0.6707458535093601	0.40789142668835293	0.3792149253165554
0.6708203932499369	0.40780331318788104	0.37912491414518207
0.6708949247087803	0.40771521493747037	0.3790349195788054
0.6709694478886502	0.40762713193480954	0.3789449416147752
0.6710439627923047	0.4075390641775874	0.3788549802504415
0.6711184694225008	0.4074510116634934	0.37876503548315527
0.6711929677819933	0.4073629743902172	0.37867510731026716
0.6712674578735365	0.4072749523554483	0.3785851957291286
0.671341939699882	0.4071869455568776	0.3784953007370914
0.6714164132637808	0.4070989539921951	0.37840542233150765
0.6714908785679817	0.4070109776590919	0.37831556050973
0.6715653356152326	0.40692301655525936	0.3782257152691112
0.6716397844082794	0.4068350706783888	0.37813588660700465
0.6717142249498665	0.40674714002617224	0.3780460745207641
0.6717886572427374	0.4066592245963017	0.37795627900774337
0.671863081289633	0.40657132438646987	0.37786650006529726
0.6719374970932936	0.4064834393943695	0.3777767376907802
0.6720119046564577	0.40639556961769374	0.37768699188154786
0.6720863039818622	0.4063077150541358	0.37759726263495547
0.6721606950722424	0.40621987570138984	0.3775075499483592
0.6722350779303323	0.40613205155714976	0.37741785381911547
0.6723094525588645	0.40604424261911004	0.3773281742445808
0.6723838189605695	0.40595644888496535	0.3772385112221125
0.6724581771381771	0.40586867035241075	0.3771488647490682
0.6725325270944149	0.4057809070191418	0.3770592348228058
0.6726068688320095	0.405693158882854	0.37696962144068324
0.6726812023536854	0.40560542594124366	0.3768800246000598
0.6727555276621664	0.4055177081920067	0.376790444298294
0.6728298447601742	0.40543000563284015	0.37670088053274564
0.6729041536504289	0.40534231826144085	0.3766113333007744
0.6729784543356495	0.4052546460755062	0.3765218025997405
0.6730527468185536	0.4051669890727337	0.37643228842700455
0.6731270311018568	0.40507934725082134	0.37634279077992766
0.6732013071882733	0.4049917206074675	0.37625330965587106
0.6732755750805164	0.40490410914037045	0.3761638450521965
0.673349834781297	0.40481651284722964	0.3760743969662664
0.6734240862933253	0.40472893172574387	0.3759849653954429
0.6734983296193094	0.40464136577361276	0.37589555033708916
0.6735725647619565	0.4045538149885363	0.37580615178856824
0.6736467917239716	0.4044662793682146	0.37571676974724416
0.6737210105080589	0.40437875891034825	0.3756274042104807
0.6737952211169207	0.4042912536126379	0.37553805517564237
0.6738694235532579	0.40420376347278486	0.3754487226400941
0.6739436178197699	0.40411628848849057	0.37535940660120093
0.6740178039191547	0.40402882865745693	0.37527010705632863
0.6740919818541087	0.4039413839773858	0.37518082400284297
0.674166151627327	0.40385395444597966	0.3750915574381105
0.6742403132415029	0.40376654006094137	0.3750023073594979
0.6743144666993286	0.4036791408199742	0.37491307376437244
0.6743886120034946	0.40359175672078107	0.3748238566501013
0.6744627491566899	0.40350438776106584	0.37473465601405254
0.6745368781616021	0.4034170339385328	0.37464547185359465
0.6746109990209173	0.403329695250886	0.374556304166096
0.67468511173732	0.4032423716958305	0.3744671529489258
0.6747592163134936	0.4031550632710707	0.37437801819945327
0.6748333127521196	0.4030677699743123	0.37428889991504843
0.6749074010558782	0.40298049180326073	0.3741997980930814
0.6749814812274482	0.4028932287556224	0.37411071273092283
0.6750555532695068	0.40280598082910285	0.37402164382594355
0.67512961718473	0.40271874802140917	0.37393259137551504
0.6752036729757919	0.402631530330248	0.37384355537700875
0.6752777206453653	0.40254432775332677	0.37375453582779705
0.6753517601961218	0.40245714028835294	0.3736655327252525
0.6754257916307312	0.40236996793303426	0.3735765460667476
0.6754998149518622	0.40228281068507915	0.3734875758496561
0.6755738301621815	0.4021956685421958	0.37339862207135105
0.6756478372643547	0.4021085415020933	0.37330968472920706
0.6757218362610461	0.40202142956248055	0.3732207638205981
0.6757958271549181	0.4019343327210672	0.3731318593428991
0.6758698099486321	0.40184725097556284	0.3730429712934853
0.6759437846448475	0.4017601843236778	0.3729540996697322
0.6760177512462229	0.4016731327631222	0.37286524446901564
0.6760917097554148	0.4015860962916069	0.37277640568871195
0.6761656601750787	0.40149907490684317	0.372687583326198
0.6762396025078685	0.40141206860654194	0.3725987773788506
0.6763135367564367	0.40132507738841533	0.3725099878440475
0.6763874629234342	0.40123810125017495	0.3724212147191663
0.6764613810115104	0.4011511401895333	0.3723324580015853
0.6765352910233139	0.4010641942042031	0.3722437176886831
0.6766091929614909	0.4009772632918972	0.3721549937778387
0.6766830868286867	0.4008903474503289	0.3720662862664315
0.6767569726275453	0.40080344667721163	0.3719775951518411
0.6768308503607087	0.4007165609702597	0.3718889204314478
0.6769047200308179	0.40062969032718687	0.37180026210263195
0.6769785816405125	0.4005428347457082	0.3717116201627747
0.6770524351924303	0.400455994223538	0.371622994609257
0.6771262806892079	0.40036916875839185	0.37153438543946077
0.6772001181334806	0.4002823583479851	0.37144579265076794
0.6772739475278818	0.40019556299003345	0.37135721624056073
0.677347768875044	0.40010878268225336	0.3712686562062223
0.677421582177598	0.40002201742236104	0.3711801125451355
0.677495387438173	0.3999352672080734	0.3710915852546841
0.677569184659397	0.39984853203710724	0.371003074332252
0.6776429738438966	0.3997618119071805	0.3709145797752237
0.6777167549942971	0.39967510681601043	0.37082610158098345
0.6777905281132217	0.3995884167613153	0.37073763974691665
0.677864293203293	0.3995017417408133	0.37064919427040877
0.6779380502671317	0.39941508175222334	0.3705607651488455
0.6780117993073572	0.39932843679326424	0.37047235237961323
0.6780855403265874	0.3992418068616554	0.3703839559600985
0.678159273327439	0.39915519195511634	0.3702955758876882
0.6782329983125268	0.399068592071367	0.3702072121597698
0.6783067152844648	0.39898200720812804	0.37011886477373107
0.6783804242458652	0.3988954373631195	0.3700305337269601
0.6784541251993387	0.3988088825340627	0.3699422190168455
0.678527818147495	0.3987223427186785	0.3698539206407759
0.6786015030929419	0.39863581791468866	0.3697656385961407
0.6786751800382861	0.39854930811981504	0.36967737288032965
0.6787488489861326	0.3984628133317797	0.3695891234907328
0.6788225099390857	0.3983763335483052	0.36950089042474027
0.6788961628997472	0.39828986876711425	0.36941267367974306
0.6789698078707183	0.39820341898593026	0.36932447325313245
0.6790434448545984	0.39811698420247627	0.3692362891422997
0.6791170738539858	0.39803056441447643	0.36914812134463715
0.6791906948714772	0.39794415961965435	0.36905996985753664
0.6792643079096677	0.3978577698157348	0.36897183467839123
0.6793379129711516	0.39777139500044223	0.36888371580459367
0.6794115100585211	0.3976850351715019	0.3687956132335377
0.6794850991743675	0.3975986903266389	0.3687075269626169
0.6795586803212803	0.3975123604635792	0.3686194569892257
0.6796322535018479	0.39742604558004857	0.36853140331075857
0.6797058187186572	0.39733974567377317	0.36844336592461047
0.6797793759742936	0.3972534607424799	0.3683553448281769
0.6798529252713413	0.39716719078389556	0.36826734001885325
0.679926466612383	0.39708093579574727	0.3681793514940359
0.68	0.39699469577576263	0.3680913792511213
0.6800735254367721	0.3969084707216696	0.36800342328750624
0.6801470429252781	0.3968222606311964	0.36791548360058796
0.6802205524680947	0.3967360655020714	0.3678275601877642
0.680294054067798	0.3966498853320235	0.3677396530464328
0.6803675477269621	0.39656372011878177	0.36765176217399226
0.68044103344816	0.3964775698600758	0.3675638875678414
0.6805145112339633	0.3963914345536352	0.3674760292253791
0.6805879810869422	0.39630531419719006	0.36738818714400506
0.6806614430096655	0.3962192087884709	0.3673003613211191
0.6807348970047004	0.3961331183252084	0.36721255175412165
0.680808343074613	0.3960470428051335	0.3671247584404132
0.6808817812219681	0.39596098222597775	0.3670369813773949
0.6809552114493287	0.3958749365854725	0.36694922056246787
0.6810286337592569	0.3957889058813499	0.3668614759930343
0.6811020481543129	0.39570289011134246	0.3667737476664962
0.6811754546370561	0.39561688927318245	0.36668603558025603
0.6812488532100439	0.39553090336460295	0.3665983397317168
0.681322243875833	0.39544493238333717	0.36651066011828165
0.6813956266369781	0.3953589763271187	0.36642299673735457
0.6814690014960328	0.3952730351936814	0.3663353495863394
0.6815423684555495	0.3951871089807594	0.3662477186626406
0.681615727518079	0.3951011976860873	0.366160103963663
0.6816890786861705	0.3950153013074	0.3660725054868118
0.6817624219623725	0.39492941984243246	0.3659849232294926
0.6818357573492314	0.39484355328892	0.36589735718911126
0.6819090848492928	0.3947577016445988	0.3658098073630741
0.6819824044651006	0.3946718649072045	0.365722273748788
0.6820557161991974	0.39458604307447387	0.36563475634366
0.6821290200541243	0.39450023614414353	0.3655472551450974
0.6822023160324215	0.3944144441139504	0.3654597701505082
0.6822756041366275	0.39432866698163166	0.3653723013573003
0.6823488843692792	0.3942429047449253	0.3652848487628828
0.6824221567329126	0.3941571574015692	0.36519741236466424
0.6824954212300622	0.3940714249493016	0.36510999216005424
0.6825686778632608	0.39398570738586114	0.36502258814646243
0.6826419266350405	0.3939000047089866	0.3649352003212988
0.6827151675479314	0.39381431691641755	0.3648478286819741
0.6827884006044626	0.39372864400589314	0.3647604732258989
0.6828616258071616	0.3936429859751535	0.3646731339504846
0.6829348431585549	0.3935573428219386	0.3645858108531426
0.6830080526611674	0.3934717145439891	0.3644985039312853
0.6830812543175226	0.3933861011390457	0.36441121318232467
0.6831544481301428	0.3933005026048498	0.3643239386036738
0.6832276341015489	0.39321491893914234	0.36423668019274535
0.6833008122342604	0.3931293501396653	0.36414943794695326
0.6833739825307955	0.3930437962041611	0.36406221186371124
0.6834471449936711	0.3929582571303715	0.3639750019404334
0.6835202996254025	0.39287273291603964	0.36388780817453464
0.6835934464285041	0.39278722355890827	0.3638006305634297
0.6836665854054884	0.3927017290567209	0.36371346910453417
0.6837397165588672	0.3926162494072211	0.36362632379526366
0.6838128398911503	0.3925307846081529	0.3635391946330345
0.6838859554048468	0.39244533465726034	0.3634520816152629
0.6839590631024638	0.392359899552288	0.36336498473936596
0.6840321629865075	0.3922744792909812	0.363277904002761
0.6841052550594828	0.39218907387108476	0.36319083940286545
0.6841783393238929	0.39210368329034423	0.36310379093709744
0.6842514157822401	0.39201830754650546	0.3630167586028754
0.684324484437025	0.3919329466373148	0.3629297423976181
0.6843975452907469	0.39184760056051837	0.3628427423187445
0.6844705983459041	0.3917622693138635	0.3627557583636745
0.6845436436049932	0.3916769528950965	0.3626687905298276
0.6846166810705098	0.3915916513019654	0.36258183881462425
0.6846897107449476	0.3915063645322178	0.3624949032154851
0.6847627326307997	0.3914210925836015	0.36240798372983113
0.6848357467305572	0.39133583545386513	0.36232108035508387
0.6849087530467106	0.391250593140757	0.36223419308866484
0.6849817515817483	0.3911653656420265	0.36214732192799653
0.685054742338158	0.3910801529554226	0.36206046687050114
0.6851277253184256	0.39099495507869514	0.3619736279136018
0.685200700525036	0.3909097720095938	0.3618868050547217
0.6852736679604725	0.3908246037458691	0.36179999829128456
0.6853466276272175	0.390739450285271	0.3617132076207143
0.6854195795277518	0.39065431162555103	0.36162643304043535
0.6854925236645546	0.3905691877644601	0.36153967454787267
0.6855654600401044	0.39048407869974955	0.3614529321404511
0.6856383886568779	0.3903989844291714	0.36136620581559636
0.6857113095173507	0.39031390495047746	0.36127949557073447
0.6857842226239971	0.39022884026142063	0.36119280140329163
0.6858571279792899	0.39014379035975316	0.3611061233106943
0.6859300255857007	0.3900587552432283	0.3610194612903698
0.6860029154456998	0.3899737349095995	0.36093281533974536
0.6860757975617563	0.3898887293566201	0.36084618545624875
0.6861486719363377	0.38980373858204453	0.36075957163730826
0.6862215385719105	0.3897187625836269	0.36067297388035235
0.6862943974709396	0.38963380135912173	0.3605863921828099
0.6863672486358888	0.389548854906284	0.36049982654211016
0.6864400920692205	0.38946392322286894	0.360413276955683
0.686512927773396	0.3893790063066322	0.36032674342095816
0.6865857557508749	0.38929410415532956	0.3602402259353664
0.6866585760041157	0.38920921676671705	0.3601537244963381
0.6867313885355758	0.38912434413855135	0.36006723910130467
0.686804193347711	0.38903948626858925	0.35998076974769755
0.6868769904429759	0.38895464315458783	0.3598943164329487
0.6869497798238238	0.38886981479430444	0.35980787915449025
0.6870225614927068	0.38878500118549697	0.3597214579097551
0.6870953354520754	0.3887002023259234	0.3596350526961761
0.6871681017043791	0.38861541821334206	0.3595486635111868
0.6872408602520662	0.3885306488455116	0.3594622903522209
0.6873136110975834	0.3884458942201911	0.35937593321671246
0.687386354243376	0.38836115433513974	0.35928959210209593
0.6874590896918885	0.38827642918811717	0.35920326700580646
0.6875318174455638	0.38819171877688347	0.35911695792527926
0.6876045375068434	0.38810702309919864	0.35903066485795
0.6876772498781678	0.38802234215282333	0.35894438780125437
0.687749954561976	0.3879376759355186	0.3588581267526293
0.6878226515607058	0.3878530244450452	0.3587718817095111
0.6878953408767936	0.38776838767916505	0.3586856526693372
0.6879680225126746	0.38768376563563955	0.358599439629545
0.6880406964707829	0.3875991583122311	0.35851324258757233
0.688113362753551	0.3875145657067019	0.35842706154085746
0.6881860213634101	0.387429987816815	0.3583408964868392
0.6882586723027906	0.3873454246403332	0.3582547474229565
0.688331315574121	0.3872608761750197	0.3581686143466485
0.6884039511798287	0.3871763424186386	0.35808249725535524
0.6884765791223403	0.38709182336895337	0.3579963961465167
0.6885491994040803	0.38700731902372887	0.3579103110175736
0.6886218120274727	0.38692282938072925	0.3578242418659665
0.6886944169949398	0.38683835443771947	0.35773818868913687
0.6887670143089026	0.3867538941924649	0.35765215148452617
0.6888396039717809	0.38666944864273123	0.3575661302495766
0.6889121859859935	0.3865850177862839	0.3574801249817302
0.6889847603539574	0.38650060162088945	0.3573941356784301
0.6890573270780886	0.386416200144314	0.3573081623371192
0.6891298861608021	0.38633181335432454	0.357222204955241
0.689202437604511	0.3862474412486883	0.35713626353023953
0.6892749814116279	0.3861630838251723	0.35705033805955866
0.6893475175845634	0.3860787410815446	0.3569644285406433
0.6894200461257274	0.3859944130155729	0.3568785349709383
0.6894925670375279	0.3859100996250261	0.3567926573478892
0.6895650803223725	0.3858258009076722	0.35670679566894137
0.6896375859826668	0.3857415168612804	0.3566209499315411
0.6897100840208152	0.38565724748362007	0.356535120133135
0.6897825744392214	0.3855729927724608	0.3564493062711698
0.6898550572402873	0.38548875272557237	0.35636350834309255
0.6899275324264136	0.38540452734072506	0.356277726346351
0.69	0.38532031661568933	0.35619196027839317
0.6900724599634447	0.38523612054823597	0.35610621013666716
0.6901449123191448	0.3851519391361362	0.3560204759186219
0.6902173570694959	0.38506777237716133	0.3559347576217063
0.6902897942168926	0.38498362026908334	0.35584905524336996
0.6903622237637282	0.38489948280967407	0.3557633687810625
0.6904346457123948	0.38481535999670596	0.3556776982322343
0.6905070600652827	0.3847312518279519	0.3555920435943359
0.6905794668247819	0.38464715830118457	0.355506404864818
0.6906518659932803	0.38456307941417756	0.3554207820411322
0.690724257573165	0.38447901516470423	0.35533517512073
0.6907966415668217	0.38439496555053876	0.3552495841010636
0.690869017976635	0.38431093056945503	0.35516400897958517
0.690941386804988	0.38422691021922806	0.3550784497537478
0.6910137480542627	0.38414290449763233	0.3549929064210044
0.6910861017268398	0.38405891340244325	0.3549073789788087
0.6911584478250989	0.38397493693143614	0.3548218674246144
0.6912307863514183	0.3838909750823869	0.35473637175587597
0.6913031173081747	0.3838070278530715	0.354650891970048
0.6913754406977443	0.38372309524126647	0.35456542806458535
0.6914477565225011	0.3836391772447486	0.35447998003694386
0.6915200647848189	0.38355527386129473	0.3543945478845787
0.6915923654870693	0.3834713850886822	0.3543091316049464
0.6916646586316233	0.38338751092468887	0.3542237311955033
0.6917369442208504	0.38330365136709255	0.3541383466537064
0.6918092222571192	0.3832198064136715	0.35405297797701285
0.6918814927427963	0.3831359760622042	0.3539676251628802
0.6919537556802478	0.3830521603104698	0.35388228820876666
0.6920260110718383	0.38296835915624733	0.3537969671121303
0.692098258919931	0.3828845725973164	0.35371166187043024
0.6921704992268884	0.38280080063145666	0.3536263724811251
0.6922427319950711	0.38271704325644834	0.35354109894167474
0.6923149572268391	0.382633300470072	0.3534558412495389
0.6923871749245504	0.3825495722701081	0.3533705994021775
0.6924593850905626	0.3824658586543379	0.35328537339705157
0.6925315877272314	0.38238215962054284	0.3532001632316218
0.6926037828369117	0.3822984751665043	0.35311496890334965
0.6926759704219572	0.38221480529000446	0.3530297904096967
0.6927481504847198	0.3821311499888257	0.3529446277481251
0.6928203230275509	0.38204750926075043	0.3528594809160971
0.6928924880528002	0.3819638831035617	0.3527743499110759
0.6929646455628166	0.3818802715150426	0.35268923473052416
0.6930367955599471	0.3817966744929768	0.3526041353719058
0.6931089380465383	0.38171309203514797	0.3525190518326846
0.6931810730249348	0.38162952413934037	0.35243398411032484
0.6932532004974806	0.3815459708033384	0.3523489322022913
0.6933253204665182	0.38146243202492697	0.35226389610604875
0.6933974329343886	0.3813789078018911	0.3521788758190629
0.6934695379034324	0.38129539813201596	0.3520938713387993
0.6935416353759881	0.38121190301308755	0.3520088826627241
0.6936137253543935	0.3811284224428916	0.35192390978830385
0.693685807840985	0.38104495641921454	0.35183895271300547
0.6937578828380979	0.380961504939843	0.351754011434296
0.6938299503480662	0.38087806800256396	0.35166908594964336
0.6939020103732226	0.38079464560516435	0.3515841762565152
0.6939740629158989	0.38071123774543214	0.35149928235238015
0.6940461079784254	0.38062784442115516	0.35141440423470693
0.6941181455631311	0.38054446563012106	0.3513295419009643
0.6941901756723441	0.38046110137011896	0.3512446953486222
0.6942621983083913	0.38037775163893717	0.35115986457515
0.694334213473598	0.38029441643436496	0.3510750495780182
0.6944062211702888	0.3802110957541916	0.3509902503546972
0.6944782214007866	0.3801277895962069	0.35090546690265806
0.6945502141674135	0.38004449795820083	0.3508206992193719
0.6946221994724903	0.3799612208379639	0.3507359473023107
0.6946941773183363	0.37987795823328646	0.35065121114894626
0.69476614770727	0.3797947101419594	0.35056649075675095
0.6948381106416084	0.37971147656177456	0.35048178612319786
0.6949100661236676	0.3796282574905227	0.35039709724575985
0.6949820141557621	0.37954505292599605	0.3503124241219105
0.6950539547402058	0.3794618628659868	0.3502277667491237
0.6951258878793106	0.3793786873082874	0.35014312512487383
0.695197813575388	0.3792955262506906	0.35005849924663524
0.6952697318307478	0.3792123796909896	0.3499738891118834
0.6953416426476987	0.3791292476269775	0.3498892947180931
0.6954135460285484	0.3790461300564482	0.34980471606274033
0.6954854419756031	0.3789630269771958	0.34972015314330135
0.6955573304911681	0.3788799383870145	0.3496356059572524
0.6956292115775472	0.37879686428369913	0.3495510745020704
0.6957010852370434	0.37871380466504423	0.3494665587752325
0.6957729514719583	0.37863075952884534	0.34938205877421635
0.6958448102845921	0.37854772887289806	0.3492975744964999
0.6959166616772442	0.37846471269499804	0.3492131059395614
0.6959885056522126	0.37838171099294154	0.3491286531008795
0.6960603422117942	0.3782987237645249	0.34904421597793317
0.6961321713582845	0.37821575100754523	0.34895979456820214
0.6962039930939782	0.3781327927197994	0.34887538886916586
0.6962758074211685	0.37804984889908466	0.34879099887830456
0.6963476143421474	0.3779669195431989	0.3487066245930988
0.6964194138592059	0.3778840046499402	0.3486222660110296
0.696491205974634	0.3778011042171068	0.34853792312957793
0.6965629906907199	0.37771821824249735	0.34845359594622566
0.6966347680097513	0.3776353467239106	0.3483692844584545
0.6967065379340142	0.377552489659146	0.3482849886637471
0.6967783004657938	0.37746964704600294	0.34820070855958585
0.6968500556073739	0.3773868188822815	0.3481164441434542
0.696921803361037	0.37730400516578155	0.3480321954128354
0.696993543729065	0.3772212058943037	0.34794796236521325
0.6970652767137379	0.3771384210656487	0.3478637449980721
0.6971370023173351	0.37705565067761776	0.3477795433088963
0.6972087205421343	0.3769728947280122	0.347695357295171
0.6972804313904127	0.3768901532146334	0.34761118695438126
0.6973521348644456	0.37680742613528384	0.3475270322840129
0.6974238309665077	0.3767247134877655	0.3474428932815518
0.6974955196988724	0.37664201526988117	0.3473587699444846
0.6975672010638114	0.3765593314794336	0.34727466227029785
0.6976388750635962	0.37647666211422615	0.34719057025647865
0.6977105417004963	0.37639400717206245	0.34710649390051473
0.6977822009767805	0.37631136665074605	0.3470224331998937
0.697853852894716	0.37622874054808125	0.346938388152104
0.6979254974565695	0.37614612886187265	0.34685435875463394
0.6979971346646059	0.37606353158992467	0.34677034500497267
0.6980687645210892	0.3759809487300425	0.34668634690060945
0.6981403870282825	0.37589838028003175	0.3466023644390342
0.698212002188447	0.37581582623769794	0.3465183976177367
0.6982836100038436	0.3757332866008468	0.34643444643420734
0.6983552104767315	0.37565076136728504	0.3463505108859373
0.6984268036093689	0.375568250534819	0.3462665909704174
0.6984983894040129	0.3754857541012556	0.3461826866851392
0.6985699678629192	0.37540327206440205	0.3460987980275945
0.6986415389883427	0.37532080442206595	0.3460149249952759
0.698713102782537	0.375238351172055	0.34593106758567577
0.6987846592477542	0.37515591231217754	0.3458472257962872
0.698856208386246	0.37507348784024175	0.3457633996246034
0.6989277502002621	0.37499107775405643	0.3456795890681182
0.6989992846920517	0.37490868205143063	0.34559579412432573
0.6990708118638627	0.3748263007301738	0.3455120147907203
0.6991423317179414	0.3747439337880954	0.34542825106479685
0.6992138442565337	0.3746615812230055	0.3453445029440506
0.6992853494818835	0.3745792430327144	0.345260770425977
0.6993568473962345	0.37449691921503264	0.345177053508072
0.6994283380018285	0.37441460976777113	0.34509335218783194
0.6994998213009064	0.37433231468874084	0.34500966646275333
0.6995712972957081	0.37425003397575346	0.3449259963303332
0.6996427659884722	0.37416776762662085	0.3448423417880692
0.6997142273814361	0.3740855156391549	0.3447587028334586
0.6997856814768362	0.3740032780111681	0.344675079464
0.6998571282769077	0.3739210547404732	0.34459147167719156
0.6999285677838847	0.373838845824883	0.3445078794705322
0.7000000000000001	0.37375665126221125	0.34442430284152115
0.7000714249274855	0.3736744710502712	0.344340741787658
0.7001428425685718	0.3735923051868768	0.34425719630644247
0.7002142529254884	0.3735101536698424	0.3441736663953754
0.7002856560004639	0.37342801649698254	0.34409015205195675
0.7003570517957252	0.3733458936661119	0.344006653273688
0.7004284403134984	0.373263785175046	0.3439231700580705
0.7004998215560087	0.37318169102159987	0.3438397024026059
0.7005711955254798	0.37309961120358953	0.34375625030479645
0.7006425622241343	0.37301754571883083	0.3436728137621445
0.700713921654194	0.37293549456514025	0.3435893927721531
0.7007852738178793	0.3728534577403344	0.3435059873323252
0.7008566187174092	0.3727714352422306	0.3434225974401646
0.7009279563550023	0.37268942706864566	0.3433392230931751
0.7009992867328754	0.37260743321739725	0.34325586428886107
0.7010706098532444	0.3725254536863035	0.3431725210247273
0.7011419257183242	0.3724434884731826	0.34308919329827875
0.7012132343303283	0.3723615375758527	0.3430058811070208
0.7012845356914695	0.3722796009921329	0.34292258444845924
0.701355829803959	0.3721976787198422	0.34283930332010015
0.7014271166700073	0.37211577075679997	0.34275603771945007
0.7014983962918233	0.3720338771008262	0.34267278764401604
0.7015696686716153	0.3719519977497405	0.3425895530913049
0.70164093381159	0.37187013270136343	0.3425063340588246
0.7017121917139534	0.37178828195351565	0.34242313054408285
0.7017834423809101	0.37170644550401805	0.3423399425445882
0.7018546858146635	0.3716246233506917	0.34225677005784916
0.7019259220174163	0.37154281549135837	0.3421736130813748
0.7019971509913697	0.37146102192383984	0.3420904716126746
0.702068372738724	0.3713792426459582	0.34200734564925833
0.7021395872616784	0.37129747765553595	0.34192423518863607
0.7022107945624305	0.3712157269503958	0.3418411402283183
0.7022819946431775	0.3711339905283608	0.341758060765816
0.7023531875061151	0.37105226838725447	0.34167499679864016
0.7024243731534379	0.3709705605249003	0.3415919483243027
0.7024955515873392	0.37088886693912243	0.3415089153403155
0.7025667228100119	0.370807187627745	0.3414258978441907
0.7026378868236468	0.37072552258859254	0.34134289583344113
0.7027090436304346	0.37064387181949005	0.3412599093055797
0.702780193232564	0.37056223531826277	0.34117693825812007
0.7028513356322232	0.37048061308273605	0.34109398268857577
0.7029224708315989	0.3703990051107357	0.341011042594461
0.702993598832877	0.3703174114000878	0.34092811797329026
0.7030647196382421	0.37023583194861887	0.3408452088225785
0.7031358332498778	0.3701542667541556	0.3407623151398409
0.7032069396699666	0.3700727158145248	0.3406794369225929
0.7032780389006896	0.3699911791275541	0.34059657416835076
0.7033491309442275	0.36990965669107084	0.34051372687463044
0.7034202158027589	0.3698281485029032	0.3404308950389491
0.7034912934784623	0.3697466545608791	0.3403480786588232
0.7035623639735145	0.3696651748628272	0.3402652777317705
0.7036334272900912	0.3695837094065762	0.34018249225530856
0.7037044834303672	0.3695022581899556	0.3400997222269559
0.7037755323965164	0.36942082121079445	0.3400169676442305
0.7038465741907111	0.3693393984669226	0.33993422850465155
0.7039176088151227	0.3692579899561702	0.33985150480573817
0.7039886362719217	0.36917659567636735	0.33976879654500997
0.7040596565632773	0.36909521562534503	0.3396861037199867
0.7041306696913578	0.369013849800934	0.3396034263281891
0.7042016756583301	0.36893249820096546	0.3395207643671374
0.7042726744663603	0.36885116082327096	0.33943811783435274
0.7043436661176133	0.36876983766568255	0.33935548672735666
0.7044146506142529	0.3686885287260322	0.33927287104367077
0.7044856279584418	0.36860723400215223	0.33919027078081715
0.7045565981523415	0.3685259534918759	0.3391076859363185
0.7046275611981127	0.3684446871930358	0.33902511650769745
0.7046985170979148	0.3683634351034655	0.33894256249247723
0.704769465853906	0.3682821972209987	0.3388600238881814
0.7048404074682438	0.36820097354346937	0.33877750069233403
0.7049113419430844	0.3681197640687115	0.3386949929024591
0.7049822692805827	0.3680385687945601	0.3386125005160817
0.7050531894828929	0.3679573877188497	0.33853002353072636
0.7051241025521677	0.3678762208394159	0.3384475619439188
0.7051950084905593	0.3677950681540937	0.33836511575318456
0.7052659073002183	0.36771392966071903	0.3382826849560498
0.7053367989832943	0.3676328053571283	0.33820026955004107
0.705407683541936	0.36755169524115744	0.338117869532685
0.7054785609782908	0.3674705993106436	0.3380354849015089
0.7055494312945054	0.3673895175634232	0.3379531156540401
0.705620294492725	0.3673084499973342	0.337870761787807
0.705691150575094	0.3672273966102138	0.3377884233003373
0.7057619995437555	0.36714635739989987	0.33770610018916
0.7058328414008518	0.3670653323642307	0.3376237924518038
0.7059036761485239	0.36698432150104493	0.33754150008579825
0.7059745037889117	0.3669033248081812	0.33745922308867304
0.7060453243241541	0.36682234228347865	0.33737696145795804
0.7061161377563892	0.3667413739247768	0.337294715191184
0.7061869440877536	0.3666604197299152	0.3372124842858814
0.7062577433203829	0.36657947969673405	0.3371302687395817
0.706328535456412	0.3664985538230734	0.3370480685498161
0.7063993204979744	0.3664176421067741	0.3369658837141167
0.7064700984472025	0.366336744545677	0.3368837142300156
0.7065408693062277	0.3662558611376232	0.33680156009504536
0.7066116330771806	0.36617499188045444	0.33671942130673904
0.7066823897621902	0.36609413677201236	0.3366372978626299
0.7067531393633848	0.3660132958101392	0.3365551897602518
0.7068238818828917	0.3659324689926774	0.3364730969971384
0.7068946173228369	0.36585165631746963	0.3363910195708245
0.7069653456853455	0.3657708577823589	0.3363089574788447
0.7070360669725413	0.36569007338518855	0.33622691071873395
0.7071067811865476	0.3656093031238022	0.3361448792880279
0.7071774883294858	0.3655285469960438	0.3360628631842623
0.7072481884034769	0.3654478049997576	0.3359808624049734
0.7073188814106407	0.36536707713278815	0.3358988769476977
0.7073895673530958	0.36528636339298015	0.3358169068099722
0.7074602462329598	0.3652056637781789	0.33573495198933423
0.7075309180523491	0.36512497828623	0.33565301248332136
0.7076015828133796	0.36504430691497863	0.3355710882894715
0.7076722405181654	0.36496364966227146	0.3354891794053231
0.7077428911688198	0.36488300652595423	0.33540728582841484
0.7078135347674556	0.36480237750387406	0.3353254075562858
0.7078841713161836	0.3647217625938777	0.3352435445864753
0.7079548008171144	0.3646411617938124	0.3351616969165234
0.7080254232723567	0.3645605751015257	0.33507986454397015
0.7080960386840193	0.36448000251486545	0.3349980474663559
0.7081666470542085	0.36439944403167984	0.3349162456812218
0.708237248385031	0.3643188996498171	0.3348344591861089
0.7083078426785913	0.36423836936712634	0.3347526879785588
0.7083784299369935	0.36415785318145644	0.3346709320561135
0.7084490101623405	0.36407735109065664	0.33458919141631527
0.708519583356734	0.36399686309257656	0.3345074660567068
0.708590149522275	0.3639163891850664	0.3344257559748312
0.708660708661063	0.36383592936597614	0.33434406116823173
0.7087312607751969	0.3637554836331566	0.3342623816344522
0.708801805866774	0.3636750519844584	0.3341807173710368
0.7088723439378913	0.36359463441773265	0.3340990683755298
0.708942874990644	0.363514230930831	0.3340174346454762
0.709013399027127	0.3634338415216051	0.33393581617842116
0.7090839160494334	0.36335346618790704	0.33385421297191004
0.709154426059656	0.363273104927589	0.33377262502348903
0.7092249290598858	0.36319275773850385	0.3336910523307042
0.7092954250522133	0.3631124246185044	0.3336094948911022
0.7093659140387281	0.3630321055654439	0.33352795270223007
0.7094363960215179	0.3629518005771761	0.3334464257616351
0.7095068710026705	0.36287150965155457	0.333364914066865
0.7095773389842717	0.36279123278643355	0.33328341761546787
0.7096477999684069	0.3627109699796675	0.33320193640499207
0.7097182539571602	0.3626307212291113	0.3331204704329863
0.7097887009526145	0.3625504865326198	0.3330390196969999
0.7098591409568521	0.3624702658880484	0.33295758419458205
0.7099295739719539	0.3623900592932527	0.33287616392328284
0.71	0.3623098667460889	0.33279475888065246
0.7100704190430692	0.3622296882444129	0.33271336906424137
0.7101408311032398	0.3621495237860813	0.3326319944716004
0.7102112361825881	0.36206937336895123	0.33255063510028116
0.7102816342831906	0.3619892369908796	0.3324692909478351
0.7103520254071216	0.36190911464972386	0.3323879620118142
0.7104224095564554	0.36182900634334186	0.3323066482897707
0.7104927867332644	0.3617489120695914	0.3322253497792576
0.7105631569396207	0.3616688318263311	0.3321440664778276
0.7106335201775947	0.36158876561141956	0.33206279838303454
0.7107038764492565	0.3615087134227154	0.33198154549243186
0.7107742257566745	0.36142867525807826	0.3319003078035739
0.7108445681019163	0.36134865111536757	0.33181908531401505
0.7109149034870489	0.361268640992443	0.3317378780213102
0.7109852319141375	0.3611886448871649	0.3316566859230148
0.7110555533852472	0.3611086627973936	0.3315755090166839
0.711125867902441	0.3610286947209897	0.3314943472998739
0.7111961754677819	0.36094874065581456	0.3314132007701409
0.7112664760833313	0.3608688005997293	0.3313320694250417
0.7113367697511496	0.36078887455059533	0.33125095326213294
0.7114070564732965	0.360708962506275	0.3311698522789722
0.7114773362518303	0.36062906446463033	0.33108876647311736
0.7115476090888087	0.3605491804235237	0.33100769584212625
0.7116178749862878	0.36046931038081836	0.33092664038355757
0.7116881339463235	0.360389454334377	0.3308456000949697
0.7117583859709697	0.3603096122820634	0.3307645749739222
0.7118286310622803	0.36022978422174085	0.33068356501797425
0.7118988692223075	0.3601499701512737	0.33060257022468587
0.7119691004531026	0.36007017006852626	0.33052159059161723
0.7120393247567159	0.3599903839713629	0.33044062611632896
0.7121095421351971	0.3599106118576488	0.3303596767963819
0.7121797525905943	0.3598308537252491	0.3302787426293374
0.7122499561249548	0.3597511095720292	0.3301978236127571
0.7123201527403251	0.35967137939585503	0.33011691974420304
0.7123903424387503	0.35959166319459274	0.3300360310212376
0.7124605252222751	0.35951196096610843	0.32995515744142323
0.7125307010929424	0.3594322727082691	0.32987429900232335
0.7126008700527947	0.3593525984189417	0.32979345570150104
0.7126710321038733	0.35927293809599353	0.3297126275365204
0.7127411872482184	0.3591932917372921	0.3296318145049454
0.7128113354878696	0.3591136593407053	0.32955101660434055
0.7128814768248646	0.35903404090410157	0.32947023383227075
0.7129516112612413	0.358954436425349	0.32938946618630116
0.7130217387990355	0.35887484590231683	0.3293087136639975
0.7130918594402829	0.35879526933287376	0.3292279762629253
0.7131619731870172	0.3587157067148894	0.3291472539806513
0.7132320800412725	0.3586361580462332	0.3290665468147418
0.7133021800050804	0.35855662332477545	0.32898585476276393
0.7133722730804724	0.3584771025483862	0.32890517782228484
0.7134423592694787	0.3583975957149362	0.3288245159908727
0.7135124385741288	0.35831810282229604	0.328743869266095
0.713582510996451	0.3582386238683372	0.3286632376455205
0.7136525765384722	0.35815915885093114	0.328582621126718
0.7137226352022192	0.35807970776794923	0.32850201970725634
0.7137926869897169	0.358000270617264	0.3284214333847052
0.7138627319029899	0.35792084739674757	0.32834086215663444
0.7139327699440613	0.35784143810427255	0.32826030602061407
0.7140028011149536	0.3577620427377121	0.3281797649742147
0.714072825417688	0.3576826612949394	0.3280992390150074
0.714142842854285	0.3576032937738278	0.32801872814056315
0.7142128534267638	0.3575239401722513	0.3279382323484537
0.7142828571371428	0.35744460048808435	0.3278577516362513
0.7143528539874395	0.3573652747192008	0.32777728600152767
0.71442284397967	0.3572859628634758	0.327696835441856
0.71449282711585	0.3572066649187842	0.32761639995480907
0.7145628033979938	0.35712738088300144	0.3275359795379602
0.7146327728281149	0.3570481107540031	0.3274555741888834
0.7147027354082255	0.3569688545296651	0.3273751839051526
0.7147726911403373	0.3568896122078637	0.32729480868434213
0.7148426400264607	0.3568103837864754	0.3272144485240271
0.7149125820686051	0.356731169263377	0.32713410342178245
0.7149825172687791	0.3566519686364456	0.3270537733751837
0.7150524456289902	0.35657278190355857	0.32697345838180686
0.715122367151245	0.3564936090625937	0.32689315843922795
0.7151922818375489	0.356414450111429	0.3268128735450238
0.7152621896899067	0.3563353050479428	0.3267326036967711
0.7153320907103217	0.35625617387001374	0.32665234889204736
0.7154019849007969	0.3561770565755204	0.32657210912843004
0.7154718722633336	0.35609795316234233	0.3264918844034972
0.7155417527999327	0.35601886362835866	0.3264116747148272
0.7156116265125938	0.3559397879714496	0.3263314800599987
0.7156814934033155	0.35586072618949494	0.32625130043659084
0.7157513534740958	0.35578167828037505	0.32617113584218294
0.7158212067269312	0.3557026442419708	0.326090986274355
0.7158910531638177	0.3556236240721629	0.32601085173068683
0.7159608927867499	0.3555446177688329	0.3259307322087591
0.7160307255977219	0.3554656253298621	0.32585062770615253
0.7161005515987262	0.3553866467531325	0.32577053822044844
0.7161703707917552	0.35530768203652624	0.3256904637492283
0.7162401831787993	0.3552287311779257	0.3256104042900739
0.7163099887618488	0.3551497941752136	0.3255303598405676
0.7163797875428927	0.3550708710262731	0.32545033039829196
0.7164495795239187	0.35499196172898756	0.32537031596083005
0.7165193647069144	0.3549130662812405	0.325290316525765
0.7165891430938651	0.3548341846809159	0.3252103320906807
0.7166589146867567	0.3547553169258979	0.3251303626531608
0.7167286794875729	0.3546764630140712	0.3250504082107901
0.7167984374982971	0.3545976229433204	0.324970468761153
0.7168681887209113	0.35451879671153075	0.32489054430183467
0.7169379331573968	0.35443998431658763	0.32481063483042066
0.717007670809734	0.3543611857563767	0.32473074034449656
0.7170774016799023	0.35428240102878417	0.32465086084164874
0.71714712576988	0.354203630131696	0.32457099631946335
0.7172168430816442	0.354124873062999	0.32449114677552754
0.717286553617172	0.35404612982057976	0.3244113122074283
0.7173562573784381	0.3539674004023259	0.32433149261275335
0.7174259543674176	0.3538886848061248	0.32425168798909054
0.7174956445860838	0.353809983029864	0.32417189833402804
0.7175653280364095	0.3537312950714316	0.3240921236451545
0.7176350047203662	0.3536526209287161	0.32401236392005894
0.7177046746399246	0.35357396059960616	0.3239326191563307
0.7177743377970545	0.35349531408199064	0.32385288935155926
0.7178439941937245	0.3534166813737589	0.32377317450333487
0.7179136438319027	0.3533380624728003	0.3236934746092477
0.7179832867135557	0.3532594573770048	0.3236137896668886
0.7180529228406497	0.35318086608426263	0.32353411967384865
0.7181225522151494	0.3531022885924641	0.32345446462771915
0.718192174839019	0.35302372489949974	0.32337482452609195
0.7182617907142214	0.35294517500326095	0.32329519936655937
0.7183313998427189	0.3528666389016388	0.3232155891467136
0.7184010022264724	0.35278811659252496	0.32313599386414765
0.7184705978674423	0.35270960807381135	0.3230564135164547
0.7185401867675879	0.35263111334339015	0.3229768481012283
0.7186097689288672	0.35255263239915374	0.3228972976160622
0.718679344353238	0.352474165238995	0.32281776205855084
0.7187489130426563	0.35239571186080726	0.3227382414262888
0.7188184749990779	0.3523172722624834	0.3226587357168709
0.7188880302244571	0.35223884644191755	0.3225792449278927
0.7189575787207476	0.35216043439700334	0.32249976905694944
0.719027120489902	0.35208203612563516	0.3224203081016375
0.7190966555338719	0.3520036516257077	0.3223408620595531
0.7191661838546081	0.35192528089511554	0.322261430928293
0.7192357054540605	0.35184692393175404	0.32218201470545427
0.7193052203341778	0.35176858073351847	0.3221026133886342
0.7193747284969079	0.3516902512983047	0.3220232269754307
0.719444229944198	0.3516119356240087	0.32194385546344184
0.7195137246779939	0.351533633708527	0.32186449885026613
0.7195832127002408	0.35145534554975566	0.32178515713350225
0.7196526940128828	0.35137707114559213	0.32170583031074956
0.7197221686178633	0.3512988104939334	0.3216265183796075
0.7197916365171243	0.351220563592677	0.32154722133767594
0.7198610977126073	0.3511423304397207	0.32146793918255506
0.7199305522062527	0.3510641110329625	0.32138867191184556
0.72	0.350985905370301	0.32130941952314834
0.7200694410957877	0.3509077134496346	0.3212301820140646
0.7201388754955532	0.3508295352688627	0.3211509593821962
0.7202083032012336	0.3507513708258839	0.3210717516251448
0.7202777242147642	0.3506732201185984	0.32099255874051297
0.7203471385380802	0.3505950831449057	0.32091338072590325
0.720416546173115	0.35051695990270587	0.3208342175789188
0.7204859471218019	0.35043885038989964	0.3207550692971629
0.7205553413860728	0.3503607546043874	0.32067593587823934
0.7206247289678588	0.3502826725440706	0.3205968173197523
0.7206941098690901	0.35020460420685023	0.3205177136193061
0.7207634840916957	0.350126549590628	0.3204386247745057
0.720832851637604	0.3500485086933057	0.32035955078295597
0.7209022125087423	0.34997048151278576	0.32028049164226263
0.7209715667070373	0.34989246804697055	0.3202014473500314
0.7210409142344143	0.3498144682937627	0.32012241790386853
0.7211102550927979	0.3497364822510655	0.32004340330138065
0.7211795892841116	0.34965850991678227	0.3199644035401744
0.7212489168102785	0.34958055128881665	0.31988541861785735
0.72131823767322	0.34950260636507247	0.3198064485320368
0.7213875518748574	0.3494246751434544	0.3197274932803211
0.7214568594171104	0.34934675762186634	0.31964855286031807
0.7215261603018979	0.3492688537982137	0.3195696272696366
0.7215954545311383	0.34919096367040137	0.31949071650588573
0.7216647421067486	0.34911308723633483	0.3194118205666747
0.7217340230306453	0.3490352244939196	0.3193329394496132
0.7218032973047436	0.3489573754410619	0.31925407315231136
0.7218725649309579	0.34887954007566807	0.31917522167237966
0.7219418259112018	0.3488017183956446	0.31909638500742865
0.7220110802473879	0.34872391039889833	0.3190175631550695
0.722080327941428	0.34864611608333645	0.31893875611291367
0.7221495689952324	0.3485683354468666	0.318859963878573
0.7222188034107115	0.34849056848739635	0.3187811864496596
0.722288031189774	0.34841281520283396	0.31870242382378594
0.722357252334328	0.3483350755910875	0.31862367599856495
0.7224264668462805	0.3482573496500657	0.3185449429716096
0.7224956747275377	0.3481796373776778	0.3184662247405338
0.722564875980005	0.34810193877183265	0.3183875213029512
0.7226340706055867	0.34802425383044	0.31830883265647614
0.7227032586061861	0.3479465825514094	0.3182301587987231
0.7227724399837061	0.34786892493265137	0.31815149972730716
0.722841614740048	0.34779128097207596	0.3180728554398434
0.7229107828771126	0.347713650667594	0.3179942259339478
0.7229799443968	0.3476360340171164	0.31791561120723605
0.7230490993010087	0.3475584310185545	0.3178370112573248
0.723118247591637	0.34748084166981985	0.31775842608183025
0.7231873892705818	0.34740326596882426	0.3176798556783699
0.7232565243397394	0.34732570391348006	0.317601300044561
0.723325652801005	0.3472481555016994	0.31752275917802125
0.723394774656273	0.3471706207313954	0.3174442330763687
0.7234638899074369	0.3470930996004807	0.31736572173722183
0.7235329985563892	0.34701559210686894	0.31728722515819957
0.7236021006050218	0.34693809824847344	0.31720874333692073
0.723671196055225	0.34686061802320833	0.317130276271005
0.7237402849088892	0.3467831514289877	0.3170518239580723
0.7238093671679029	0.34670569846372606	0.3169733863957426
0.7238784428341544	0.34662825912533823	0.31689496358163655
0.7239475119095307	0.34655083341173915	0.31681655551337495
0.724016574395918	0.34647342132084435	0.3167381621885791
0.724085630295202	0.34639602285056936	0.3166597836048705
0.7241546796092669	0.3463186379988303	0.31658141975987125
0.7242237223399963	0.34624126676354317	0.31650307065120337
0.7242927584892728	0.3461639091426247	0.3164247362764897
0.7243617880589782	0.34608656513399155	0.31634641663335306
0.7244308110509933	0.346009234735561	0.3162681117194168
0.7244998274671982	0.3459319179452503	0.31618982153230457
0.724568837309472	0.34585461476097706	0.3161115460696403
0.7246378405796926	0.3457773251806597	0.31603328532904856
0.7247068372797375	0.34570004920221603	0.31595503930815394
0.7247758274114832	0.345622786823565	0.31587680800458157
0.7248448109768049	0.3455455380426251	0.3157985914159567
0.7249137879775773	0.3454683028573157	0.31572038953990517
0.7249827584156744	0.3453910812655563	0.31564220237405305
0.7250517222929685	0.34531387326526647	0.31556402991602683
0.7251206796113321	0.34523667885436626	0.3154858721634533
0.7251896303726357	0.34515949803077606	0.31540772911395965
0.7252585745787499	0.34508233079241646	0.3153296007651732
0.7253275122315436	0.3450051771372083	0.3152514871147219
0.7253964433328853	0.34492803706307296	0.31517338816023405
0.7254653678846427	0.34485091056793177	0.315095303899338
0.7255342858886822	0.34477379764970645	0.31501723432966267
0.7256031973468694	0.3446966983063191	0.31493917944883726
0.7256721022610694	0.3446196125356921	0.31486113925449144
0.7257410006331461	0.34454254033574816	0.3147831137442551
0.7258098924649622	0.34446548170441016	0.3147051029157585
0.7258787777583803	0.3443884366396012	0.3146271067666322
0.7259476565152615	0.344311405139245	0.3145491252945072
0.7260165287374661	0.34423438720126537	0.31447115849701496
0.7260853944268539	0.34415738282358616	0.31439320637178686
0.7261542535852833	0.34408039200413204	0.31431526891645517
0.7262231062146123	0.34400341474082746	0.31423734612865206
0.7262919523166975	0.3439264510315976	0.3141594380060103
0.7263607918933951	0.3438495008743675	0.3140815445461629
0.72642962494656	0.3437725642670629	0.3140036657467433
0.7264984514780469	0.3436956412076094	0.3139258016053852
0.7265672714897087	0.34361873169393353	0.31384795211972266
0.726636084983398	0.3435418357239614	0.31377011728739024
0.7267048919609665	0.34346495329561977	0.3136922971060226
0.7267736924242649	0.3433880844068357	0.31361449157325494
0.726842486375143	0.34331122905553646	0.3135367006867226
0.72691127381545	0.3432343872396496	0.3134589244440616
0.7269800547470336	0.343157558957103	0.3133811628429079
0.7270488291717414	0.34308074420582485	0.3133034158808982
0.7271175970914197	0.34300394298374354	0.3132256835556692
0.7271863585079137	0.34292715528878803	0.3131479658648582
0.7272551134230684	0.34285038111888705	0.3130702628061028
0.7273238618387272	0.34277362047197	0.31299257437704064
0.7273926037567333	0.3426968733459667	0.3129149005753104
0.7274613391789284	0.34262013973880684	0.31283724139855024
0.7275300681071539	0.3425434196484206	0.3127595968443993
0.7275987905432498	0.3424667130727386	0.31268196691049677
0.7276675064890558	0.3423900200096916	0.31260435159448247
0.7277362159464101	0.34231334045721057	0.3125267508939962
0.7278049189171505	0.34223667441322686	0.3124491648066783
0.7278736154031138	0.3421600218756721	0.3123715933301694
0.7279423054061359	0.3420833828424783	0.31229403646211057
0.7280109889280518	0.3420067573115777	0.3122164942001433
0.7280796659706958	0.34193014528090265	0.31213896654190904
0.7281483365359012	0.34185354674838625	0.31206145348505004
0.7282170006255003	0.3417769617119611	0.3119839550272085
0.728285658241325	0.34170039016956105	0.3119064711660274
0.7283543093852057	0.3416238321191195	0.3118290018991496
0.7284229540589725	0.3415472875585706	0.3117515472242187
0.7284915922644544	0.34147075648584835	0.3116741071388783
0.7285602240034794	0.3413942388988875	0.31159668164077264
0.7286288492778749	0.3413177347956227	0.31151927072754626
0.7286974680894672	0.3412412441739892	0.3114418743968438
0.728766080440082	0.3411647670319224	0.3113644926463106
0.7288346863315439	0.34108830336735785	0.31128712547359194
0.7289032857656769	0.3410118531782317	0.3112097728763339
0.7289718787443038	0.34093541646248	0.31113243485218245
0.7290404652692469	0.34085899321803953	0.3110551113987843
0.7291090453423273	0.340782583442847	0.3109778025137862
0.7291776189653657	0.3407061871348397	0.31090050819483533
0.7292461861401813	0.340629804291955	0.31082322843957966
0.7293147468685931	0.34055343491213025	0.3107459632456667
0.7293833011524188	0.34047707899330404	0.31066871261074486
0.7294518489934754	0.3404007365334143	0.31059147653246266
0.7295203903935791	0.3403244075303998	0.31051425500846924
0.7295889253545451	0.3402480919821991	0.3104370480364136
0.7296574538781879	0.3401717898867517	0.31035985561394563
0.7297259759663212	0.34009550124199667	0.31028267773871515
0.7297944916207576	0.34001922604587426	0.31020551440837274
0.729863000843309	0.339942964296324	0.31012836562056884
0.7299315036357864	0.3398667159912865	0.31005123137295454
0.73	0.33979048112870236	0.30997411166318123
0.7300684899377592	0.3397142597065122	0.3098970064889005
0.7301369734508725	0.3396380517226575	0.30981991584776464
0.7302054505411474	0.3395618571750794	0.3097428397374258
0.7302739212103907	0.33948567606172003	0.3096657781555368
0.7303423854604085	0.3394095083805211	0.3095887310997507
0.7304108432930059	0.3393333541294252	0.3095116985677211
0.730479294709987	0.3392572133063748	0.30943468055710155
0.7305477397131552	0.33918108590931273	0.3093576770655463
0.7306161783043132	0.33910497193618244	0.3092806880907098
0.7306846104852627	0.33902887138492716	0.30920371363024673
0.7307530362578044	0.3389527842534907	0.30912675368181236
0.7308214556237386	0.3388767105398172	0.30904980824306216
0.7308898685848642	0.338800650241851	0.308972877311652
0.7309582751429797	0.33872460335753674	0.30889596088523796
0.7310266752998826	0.33864856988481923	0.30881905896147666
0.7310950690573695	0.3385725498216438	0.3087421715380249
0.7311634564172365	0.33849654316595595	0.30866529861254
0.7312318373812781	0.3384205499157013	0.3085884401826793
0.7313002119512889	0.338344570068826	0.3085115962461008
0.7313685801290619	0.33826860362327665	0.308434766800463
0.7314369419163897	0.33819265057699954	0.308357951843424
0.7315052973150639	0.3381167109279419	0.3082811513726431
0.7315736463268753	0.3380407846740507	0.3082043653857795
0.7316419889536139	0.33796487181327356	0.30812759388049266
0.7317103251970687	0.3378889723435582	0.3080508368544427
0.7317786550590281	0.33781308626285284	0.30797409430528994
0.7318469785412794	0.33773721356910574	0.30789736623069475
0.7319152956456095	0.33766135426026556	0.3078206526283184
0.731983606373804	0.33758550833428136	0.307743953495822
0.7320519107276479	0.33750967578910246	0.3076672688308677
0.7321202087089251	0.3374338566226781	0.3075905986311168
0.7321885003194192	0.3373580508329581	0.30751394289423223
0.7322567855609123	0.3372822584178928	0.30743730161787647
0.7323250644351864	0.33720647937543247	0.3073606747997126
0.7323933369440222	0.33713071370352765	0.30728406243740397
0.7324616030891995	0.33705496140012947	0.30720746452861425
0.7325298628724974	0.33697922246318923	0.3071308810710077
0.7325981162956945	0.33690349689065824	0.30705431206224854
0.7326663633605681	0.33682778468048835	0.3069777575000016
0.7327346040688948	0.33675208583063176	0.306901217381932
0.7328028384224504	0.33667640033904095	0.30682469170570525
0.73287106642301	0.3366007282036685	0.3067481804689871
0.7329392880723478	0.3365250694224671	0.3066716836694435
0.733007503372237	0.3364494239933905	0.30659520130474105
0.7330757123244501	0.33637379191439193	0.3065187333725466
0.733143914930759	0.33629817318342525	0.3064422798705273
0.7332121111929344	0.33622256779844467	0.30636584079635043
0.7332803011127464	0.3361469757574044	0.3062894161476841
0.7333484846919642	0.33607139705825934	0.3062130059221965
0.7334166619323562	0.33599583169896435	0.306136610117556
0.73348483283569	0.33592027967747473	0.30606022873143157
0.7335529974037323	0.33584474099174594	0.30598386176149234
0.733621155638249	0.33576921563973394	0.3059075092054079
0.7336893075410054	0.3356937036193947	0.305831171060848
0.7337574531137656	0.3356182049286849	0.3057548473254831
0.7338255923582933	0.33554271956556087	0.3056785379969836
0.733893725276351	0.3354672475279797	0.3056022430730205
0.7339618518697003	0.3353917888138988	0.3055259625512651
0.7340299721401028	0.3353163434212756	0.30544969642938874
0.7340980860893183	0.3352409113480679	0.3053734447050637
0.7341661937191061	0.3351654925922339	0.30529720737596205
0.7342342950312251	0.335090087151732	0.3052209844397564
0.7343023900274328	0.33501469502452086	0.30514477589412
0.7343704787094862	0.33493931620855943	0.3050685817367258
0.7344385610791416	0.334863950701807	0.3049924019652476
0.7345066371381541	0.3347885985022232	0.30491623657735933
0.7345747068882783	0.3347132596077678	0.30484008557073544
0.7346427703312679	0.33463793401640085	0.3047639489430504
0.7347108274688756	0.334562621726083	0.30468782669197964
0.7347788783028538	0.3344873227347746	0.3046117188151979
0.7348469228349535	0.3344120370404369	0.3045356253103814
0.7349149610669251	0.33433676464103107	0.3044595461752058
0.7349829930005184	0.3342615055345187	0.3043834814073479
0.735051018637482	0.33418625971886146	0.3043074310044838
0.7351190379795642	0.33411102719202174	0.30423139496429125
0.735187051028512	0.3340358079519618	0.30415537328444714
0.735255057786072	0.33396060199664424	0.3040793659626294
0.7353230582539895	0.3338854093240322	0.3040033729965161
0.7353910524340095	0.33381022993208886	0.30392739438378563
0.7354590403278758	0.33373506381877777	0.3038514301221168
0.7355270219373317	0.3336599109820629	0.30377548020918865
0.7355949972641196	0.3335847714199081	0.3036995446426806
0.7356629663099808	0.333509645130278	0.3036236234202726
0.7357309290766564	0.33343453211113727	0.30354771653964463
0.7357988855658861	0.3333594323604509	0.30347182399847716
0.7358668357794091	0.33328434587618405	0.30339594579445106
0.7359347797189639	0.3332092726563022	0.3033200819252474
0.736002717386288	0.33313421269877136	0.3032442323885477
0.7360706487831178	0.33305916600155766	0.3031683971820338
0.7361385739111896	0.3329841325626273	0.3030925763033878
0.7362064927722385	0.33290911237994725	0.3030167697502923
0.7362744053679987	0.3328341054514841	0.30294097752043003
0.7363423117002037	0.33275911177520556	0.30286519961148434
0.7364102117705865	0.3326841313490787	0.30278943602113845
0.7364781055808788	0.3326091641710718	0.3027136867470766
0.7365459931328118	0.3325342102391526	0.3026379517869827
0.7366138744281159	0.3324592695512897	0.3025622311385415
0.7366817494685205	0.3323843421054516	0.3024865247994378
0.7367496182557546	0.33230942789960755	0.30241083276735664
0.7368174807915459	0.3322345269317266	0.3023351550399839
0.7368853370776216	0.3321596391997783	0.3022594916150054
0.7369531871157082	0.3320847647017326	0.3021838424901073
0.7370210309075311	0.33200990343555936	0.3021082076629762
0.7370888684548152	0.3319350553992293	0.3020325871312991
0.7371566997592846	0.3318602205907127	0.30195698089276307
0.7372245248226621	0.3317853990079808	0.3018813889450559
0.7372923436466704	0.33171059064900477	0.3018058112858655
0.7373601562330311	0.33163579551175615	0.30173024791287995
0.7374279625834648	0.3315610135942067	0.3016546988237882
0.7374957626996917	0.33148624489432843	0.3015791640162789
0.737563556583431	0.33141148941009396	0.30150364348804165
0.7376313442364011	0.33133674713947575	0.30142813723676576
0.7376991256603196	0.3312620180804469	0.30135264526014144
0.7377669008569034	0.3311873022309806	0.30127716755585904
0.7378346698278687	0.33111259958905004	0.3012017041216088
0.7379024325749306	0.3310379101526295	0.3011262549550823
0.7379701890998037	0.33096323391969273	0.3010508200539704
0.7380379394042016	0.33088857088821444	0.300975399415965
0.7381056834898374	0.330813921056169	0.3008999930387581
0.738173421358423	0.3307392844215314	0.300824600920042
0.73824115301167	0.33066466098227676	0.30074922305750934
0.7383088784512889	0.3305900507363808	0.30067385944885333
0.7383765976789893	0.3305154536818192	0.3005985100917671
0.7384443106964803	0.3304408698165681	0.3005231749839445
0.7385120175054702	0.3303662991386037	0.30044785412307945
0.7385797181076665	0.33029174164590275	0.3003725475068665
0.7386474125047755	0.3302171973364421	0.3002972551330002
0.7387151006985034	0.3301426662081991	0.3002219769991757
0.7387827826905551	0.33006814825915104	0.30014671310308844
0.7388504584826351	0.3299936434872758	0.30007146344243396
0.7389181280764466	0.3299191518905515	0.29999622801490844
0.7389857914736927	0.3298446734669563	0.29992100681820844
0.7390534486760751	0.329770208214469	0.2998457998500304
0.7391210996852952	0.32969575613106833	0.29977060710807163
0.7391887445030532	0.32962131721473376	0.2996954285900296
0.7392563831310488	0.32954689146344446	0.29962026429360183
0.7393240155709809	0.3294724788751802	0.2995451142164866
0.7393916418245475	0.32939807944792127	0.2994699783563823
0.739459261893446	0.3293236931796478	0.2993948567109877
0.7395268757793728	0.3292493200683405	0.299319749278002
0.7395944834840239	0.3291749601119802	0.2992446560551244
0.7396620850090939	0.3291006133085481	0.299169577040055
0.7397296803562772	0.3290262796560255	0.2990945122304937
0.7397972695272672	0.32895195915239434	0.29901946162414117
0.7398648525237566	0.32887765179563655	0.29894442521869785
0.7399324293474372	0.3288033575837344	0.2988694030118653
0.74	0.32872907651467065	0.29879439500134486
0.7400675644831356	0.32865480858642787	0.2987194011848381
0.7401351227985333	0.32858055379698947	0.29864442156004745
0.7402026749478822	0.3285063121443389	0.29856945612467534
0.7402702209328699	0.3284320836264596	0.2984945048764245
0.740337760755184	0.3283578682413358	0.29841956781299817
0.7404052944165108	0.3282836659869518	0.2983446449320999
0.740472821918536	0.3282094768612919	0.2982697362314334
0.7405403432629447	0.32813530086234133	0.298194841708703
0.740607858451421	0.32806113798808495	0.298119961361613
0.7406753674856482	0.32798698823650824	0.2980450951878684
0.740742870367309	0.3279128516055969	0.29797024318517445
0.7408103670980855	0.32783872809333703	0.29789540535123643
0.7408778576796583	0.32776461769771476	0.2978205816837605
0.7409453421137082	0.3276905204167164	0.2977457721804527
0.7410128204019145	0.32761643624832937	0.2976709768390195
0.7410802925459562	0.32754236519054014	0.2975961956571678
0.7411477585475112	0.3274683072413366	0.29752142863260495
0.7412152184082569	0.32739426239870606	0.2974466757630382
0.7412826721298699	0.32732023066063654	0.2973719370461757
0.7413501197140255	0.32724621202511656	0.29729721247972557
0.7414175611623993	0.3271722064901343	0.2972225020613964
0.741484996476665	0.32709821405367884	0.29714780578889705
0.7415524256584966	0.327024234713739	0.29707312365993666
0.7416198487095662	0.3269502684683044	0.2969984556722251
0.7416872656315464	0.3268763153153645	0.29692380182347183
0.7417546764261079	0.32680237525290917	0.29684916211138745
0.7418220810949213	0.3267284482789289	0.2967745365336823
0.7418894796396563	0.32665453439141373	0.29669992508806736
0.7419568720619818	0.32658063358835504	0.2966253277722539
0.742024258363566	0.3265067458677432	0.2965507445839534
0.7420916385460761	0.3264328712275703	0.29647617552087807
0.7421590126111789	0.32635900966582726	0.29640162058073977
0.7422263805605402	0.3262851611805064	0.2963270797612513
0.7422937423958255	0.3262113257695998	0.29625255306012555
0.7423610981186985	0.32613750343109993	0.29617804047507584
0.7424284477308234	0.32606369416299946	0.29610354200381567
0.7424957912338628	0.3259898979632915	0.29602905764405896
0.7425631286294789	0.3259161148299693	0.29595458739352
0.7426304599193331	0.32584234476102647	0.2958801312499134
0.7426977851050857	0.32576858775445694	0.2958056892109543
0.7427651041883969	0.3256948438082548	0.2957312612743576
0.7428324171709255	0.3256211129204146	0.2956568474378392
0.7428997240543302	0.3255473950889308	0.29558244769911485
0.7429670248402683	0.3254736903117986	0.295508062055901
0.743034319530397	0.32539999858701324	0.2954336905059141
0.7431016081263719	0.3253263199125702	0.29535933304687123
0.7431688906298487	0.3252526542864654	0.2952849896764896
0.7432361670424819	0.3251790017066949	0.2952106603924868
0.7433034373659253	0.32510536217125535	0.29513634519258103
0.743370701601832	0.325031735678143	0.2950620440744902
0.7434379597518544	0.32495812222535525	0.2949877570359334
0.7435052118176443	0.32488452181088895	0.2949134840746291
0.7435724578008521	0.32481093443274195	0.2948392251882968
0.7436396977031283	0.32473736008891185	0.29476498037465626
0.743706931526122	0.3246637987773969	0.29469074963142733
0.743774159271482	0.3245902504961951	0.2946165329563303
0.7438413809408563	0.3245167152433056	0.2945423303470858
0.7439085965358916	0.3244431930167271	0.294468141801415
0.7439758060582348	0.32436968381445885	0.29439396731703893
0.744043009509531	0.32429618763450035	0.2943198068916793
0.7441102068914255	0.32422270447485113	0.2942456605230581
0.7441773982055623	0.32414923433351167	0.2941715282088979
0.7442445834535849	0.32407577720848185	0.2940974099469209
0.7443117626371357	0.32400233309776266	0.29402330573485036
0.7443789357578572	0.32392890199935476	0.2939492155704095
0.74444610281739	0.32385548391125957	0.2938751394513221
0.7445132638173748	0.32378207883147825	0.2938010773753119
0.7445804187594514	0.3237086867580126	0.2937270293401034
0.7446475676452586	0.3236353076888649	0.29365299534342126
0.7447147104764348	0.3235619416220371	0.2935789753829903
0.7447818472546173	0.32348858855553186	0.29350496945653604
0.7448489779814429	0.3234152484873523	0.2934309775617841
0.7449161026585477	0.3233419214155012	0.29335699969646034
0.744983221287567	0.32326860733798224	0.29328303585829113
0.7450503338701352	0.3231953062527989	0.2932090860450032
0.7451174404078863	0.3231220181579553	0.29313515025432346
0.7451845409024532	0.32304874305145587	0.2930612284839794
0.7452516353554683	0.3229754809313047	0.2929873207316984
0.7453187237685633	0.322902231795507	0.29291342699520867
0.7453858061433689	0.3228289956420677	0.29283954727223854
0.7454528824815154	0.32275577246899206	0.2927656815605165
0.745519952784632	0.322682562274286	0.29269182985777165
0.7455870170543476	0.3226093650559552	0.2926179921617334
0.7456540752922899	0.32253618081200625	0.2925441684701312
0.7457211275000863	0.3224630095404451	0.29247035878069516
0.7457881736793631	0.32238985123927905	0.2923965630911558
0.7458552138317464	0.3223167059065148	0.2923227813992434
0.7459222479588606	0.3222435735401598	0.2922490137026891
0.7459892760623306	0.32217045413822165	0.29217525999922433
0.7460562981437796	0.32209734769870835	0.29210152028658076
0.7461233142048304	0.32202425421962805	0.2920277945624904
0.7461903242471053	0.32195117369898907	0.2919540828246853
0.7462573282722254	0.3218781061348002	0.29188038507089853
0.7463243262818117	0.3218050515250706	0.29180670129886277
0.7463913182774836	0.3217320098678095	0.2917330315063115
0.7464583042608609	0.32165898116102615	0.29165937569097833
0.7465252842335617	0.32158596540273066	0.2915857338505972
0.7465922581972037	0.32151296259093337	0.2915121059829026
0.746659226153404	0.3214399727236444	0.29143849208562905
0.7467261881037788	0.3213669957988745	0.29136489215651157
0.7467931440499438	0.3212940318146345	0.2912913061932854
0.7468600939935136	0.3212210807689359	0.29121773419368646
0.7469270379361026	0.32114814265979014	0.2911441761554504
0.7469939758793239	0.32107521748520895	0.29107063207631384
0.7470609078247904	0.3210023052432046	0.29099710195401335
0.7471278337741138	0.3209294059317892	0.29092358578628574
0.7471947537289056	0.3208565195489754	0.29085008357086856
0.7472616676907762	0.32078364609277626	0.2907765953054993
0.7473285756613351	0.32071078556120514	0.2907031209879161
0.7473954776421918	0.3206379379522753	0.29062966061585727
0.7474623736349543	0.3205651032640004	0.2905562141870614
0.7475292636412304	0.3204922814943946	0.29048278169926733
0.7475961476626267	0.3204194726414723	0.2904093631502147
0.7476630257007498	0.32034667670324785	0.2903359585376428
0.7477298977572048	0.32027389367773645	0.29026256785929194
0.7477967638335967	0.32020112356295294	0.2901891911129022
0.7478636239315294	0.32012836635691283	0.2901158282962142
0.7479304780526062	0.320055622057632	0.29004247940696926
0.7479973261984296	0.3199828906631263	0.2899691444429083
0.7480641683706017	0.3199101721714119	0.2898958234017731
0.7481310045707236	0.3198374665805055	0.2898225162813056
0.7481978348003955	0.3197647738884239	0.28974922307924833
0.7482646590612175	0.31969209409318416	0.2896759437933436
0.7483314773547882	0.3196194271928036	0.2896026784213345
0.7483982896827064	0.31954677318529995	0.28952942696096434
0.7484650960465691	0.31947413206869124	0.28945618940997697
0.7485318964479737	0.3194015038409953	0.289382965766116
0.748598690888516	0.3193288885002312	0.28930975602712583
0.7486654793697917	0.3192562860444173	0.2892365601907513
0.7487322618933954	0.31918369647157263	0.28916337825473704
0.7487990384609211	0.3191111197797168	0.28909021021682857
0.7488658090739623	0.3190385559668691	0.28901705607477146
0.7489325737341113	0.3189660050310497	0.28894391582631157
0.7489993324429602	0.3188934669702784	0.2888707894691953
0.7490660852021002	0.31882094178257614	0.2887976770011694
0.7491328320131218	0.3187484294659631	0.28872457841998034
0.7491995728776145	0.31867593001846045	0.2886514937233758
0.7492663077971676	0.31860344343808966	0.28857842290910335
0.7493330367733696	0.31853096972287215	0.2885053659749108
0.7493997598078078	0.3184585088708297	0.2884323229185465
0.7494664769020694	0.3183860608799844	0.2883592937377589
0.7495331880577404	0.3183136257483587	0.28828627843029736
0.7495998932764065	0.3182412034739752	0.2882132769939107
0.7496665925596524	0.31816879405485704	0.2881402894263487
0.7497332859090625	0.31809639748902707	0.28806731572536115
0.7497999733262198	0.3180240137745091	0.28799435588869865
0.7498666548127073	0.3179516429093266	0.28792140991411125
0.749933330370107	0.3178792848915039	0.2878484777993503
0.75	0.3178069397190652	0.28777555954216705
0.750066663703967	0.3177346073900351	0.28770265514031274
0.750133321483588	0.31766228790243844	0.2876297645915396
0.7501999733404421	0.3175899812543005	0.28755688789359973
0.7502666192761077	0.3175176874436466	0.28748402504424575
0.7503332592921629	0.31744540646850244	0.2874111760412305
0.7503998933901843	0.31737313832689407	0.28733834088230714
0.7504665215717488	0.3173008830168478	0.28726551956522955
0.7505331438384317	0.31722864053638994	0.2871927120877513
0.7505997601918082	0.3171564108835475	0.28711991844762674
0.7506663706334525	0.3170841940563476	0.28704713864261033
0.7507329751649384	0.3170119900528176	0.2869743726704572
0.7507995737878386	0.316939798870985	0.2869016205289223
0.7508661665037252	0.3168676205088779	0.28682888221576125
0.75093275331417	0.3167954549645244	0.28675615772873
0.7509993342207435	0.3167233022359531	0.2866834470655847
0.751065909225016	0.31665116232119245	0.2866107502240817
0.7511324783285569	0.31657903521827174	0.2865380672019783
0.7511990415329349	0.3165069209252204	0.2864653979970313
0.751265598839718	0.31643481944006774	0.2863927426069984
0.7513321502504734	0.3163627307608438	0.28632010102963734
0.751398695766768	0.3162906548855786	0.28624747326270633
0.7514652353901676	0.3162185918123027	0.2861748593039641
0.7515317691222375	0.3161465415390466	0.28610225915116916
0.7515982969645421	0.31607450406384135	0.2860296728020808
0.7516648189186454	0.31600247938471837	0.28595710025445875
0.7517313349861106	0.3159304674997088	0.28588454150606246
0.7517978451685001	0.31585846840684473	0.2858119965546522
0.7518643494673757	0.3157864821041582	0.2857394653979886
0.7519308478842984	0.31571450858968164	0.2856669480338325
0.7519973404208289	0.31564254786144746	0.285594444459945
0.7520638270785266	0.31557059991748876	0.2855219546740874
0.7521303078589507	0.3154986647558386	0.2854494786740217
0.7521967827636595	0.31542674237453044	0.28537701645751
0.7522632517942107	0.31535483277159804	0.2853045680223146
0.752329714952161	0.3152829359450755	0.2852321333661986
0.7523961722390672	0.31521105189299686	0.2851597124869249
0.7524626236564844	0.3151391806133969	0.28508730538225685
0.7525290692059676	0.3150673221043104	0.28501491204995866
0.7525955088890712	0.31499547636377245	0.28494253248779394
0.7526619427073485	0.3149236433898185	0.2848701666935275
0.7527283706623525	0.314851823180484	0.28479781466492377
0.7527947927556353	0.31478001573380526	0.2847254763997481
0.7528612089887485	0.31470822104781826	0.284653151895766
0.7529276193632426	0.31463643912055944	0.2845808411507429
0.752994023880668	0.3145646699500656	0.28450854416244503
0.7530604225425739	0.314492913534374	0.284436260928639
0.7531268153505093	0.3144211698715217	0.2843639914470912
0.7531932023060219	0.3143494389595463	0.28429173571556887
0.7532595834106594	0.3142777207964858	0.2842194937318394
0.7533259586659682	0.3142060153803785	0.28414726549367064
0.7533923280734945	0.3141343227092624	0.28407505099883046
0.7534586916347836	0.3140626427811765	0.28400285024508726
0.7535250493513802	0.3139909755941598	0.2839306632302099
0.7535914012248283	0.31391932114625126	0.28385848995196705
0.7536577472566709	0.3138476794354907	0.2837863304081285
0.7537240874484509	0.31377605045991763	0.2837141845964637
0.7537904218017101	0.31370443421757244	0.2836420525147428
0.7538567503179898	0.31363283070649534	0.28356993416073617
0.7539230729988305	0.3135612399247269	0.28349782953221425
0.7539893898457724	0.313489661870308	0.2834257386269482
0.7540557008603542	0.31341809654128	0.28335366144270946
0.7541220060441148	0.31334654393568423	0.28328159797726954
0.754188305398592	0.3132750040515622	0.2832095482284005
0.7542545989253231	0.3132034768869565	0.2831375121938747
0.7543208866258444	0.3131319624399087	0.28306548987146457
0.7543871685016919	0.3130604607084618	0.28299348125894325
0.7544534445544007	0.31298897169065854	0.2829214863540841
0.7545197147855052	0.3129174953845418	0.28284950515466056
0.7545859791965392	0.3128460317881553	0.28277753765844676
0.7546522377890362	0.3127745808995425	0.2827055838632169
0.7547184905645283	0.3127031427167474	0.2826336437667457
0.7547847375245474	0.3126317172378141	0.28256171736680785
0.7548509786706248	0.31256030446078703	0.2824898046611788
0.7549172140042907	0.31248890438371113	0.2824179056476342
0.7549834435270749	0.31241751700463133	0.2823460203239497
0.7550496672405068	0.3123461423215929	0.2822741486879019
0.7551158851461145	0.3122747803326413	0.28220229073726705
0.755182097245426	0.3122034310358227	0.28213044646982216
0.7552483035399683	0.31213209442918294	0.28205861588334463
0.7553145040312678	0.31206077051076847	0.2819867989756118
0.7553806987208503	0.311989459278626	0.28191499574440165
0.7554468876102409	0.3119181607308026	0.2818432061874924
0.7555130707009641	0.3118468748653453	0.2817714303026625
0.7555792479945436	0.3117756016803016	0.2816996680876909
0.7556454194925025	0.3117043411737194	0.28162791954035676
0.7557115851963632	0.31163309334364653	0.28155618465843957
0.7557777451076474	0.31156185818813154	0.28148446343971917
0.7558438992278763	0.3114906357052229	0.28141275588197573
0.7559100475585703	0.3114194258929695	0.28134106198298986
0.7559761901012492	0.3113482287494205	0.2812693817405422
0.756042326857432	0.31127704427262526	0.2811977151524141
0.7561084578286371	0.3112058724606334	0.2811260622163868
0.7561745830163825	0.311134713311495	0.28105442293024224
0.7562407024221851	0.31106356682326036	0.2809827972917626
0.7563068160475614	0.3109924329939798	0.2809111852987302
0.7563729238940273	0.3109213118217041	0.28083958694892786
0.7564390259630978	0.31085020330448454	0.28076800224013876
0.7565051222562872	0.3107791074403723	0.28069643117014637
0.7565712127751095	0.310708024227419	0.2806248737367343
0.7566372975210778	0.3106369536636765	0.2805533299376868
0.7567033764957045	0.31056589574719706	0.280481799770788
0.7567694497005015	0.31049485047603304	0.28041028323382305
0.75683551713698	0.3104238178482369	0.2803387803245767
0.7569015788066503	0.3103527978618621	0.28026729104083437
0.7569676347110226	0.3102817905149614	0.2801958153803819
0.7570336848516056	0.3102107958055886	0.28012435334100516
0.757099729229908	0.3101398137317975	0.28005290492049084
0.7571657678474377	0.31006884429164194	0.2799814701166252
0.7572318007057021	0.3099978874831766	0.2799100489271957
0.7572978278062074	0.30992694330445575	0.2798386413499893
0.7573638491504595	0.3098560117535345	0.2797672473827938
0.7574298647399639	0.3097850928284678	0.27969586702339727
0.757495874576225	0.3097141865273115	0.2796245002695882
0.7575618786607468	0.30964329284812075	0.2795531471191548
0.7576278769950324	0.30957241178895195	0.27948180756988633
0.7576938695805847	0.30950154334786123	0.27941048161957205
0.7577598564189053	0.30943068752290503	0.27933916926600155
0.7578258375114958	0.3093598443121403	0.2792678705069648
0.7578918128598566	0.3092890137136239	0.2791965853402521
0.757957782465488	0.3092181957254135	0.279125313763654
0.7580237463298891	0.3091473903455664	0.2790540557749615
0.7580897044545586	0.3090765975721406	0.27898281137196573
0.7581556568409946	0.3090058174031944	0.27891158055245835
0.7582216034906946	0.30893504983678605	0.2788403633142313
0.7582875444051551	0.30886429487097417	0.2787691596550766
0.7583534795858723	0.30879355250381796	0.278697969572787
0.7584194090343417	0.3087228227333768	0.27862679306515536
0.7584853327520579	0.30865210555770983	0.2785556301299748
0.7585512507405152	0.30858140097487696	0.27848448076503884
0.7586171630012071	0.30851070898293853	0.27841334496814135
0.7586830695356264	0.30844002957995476	0.27834222273707676
0.7587489703452651	0.30836936276398613	0.27827111406963906
0.758814865431615	0.30829870853309366	0.2782000189636235
0.7588807547961669	0.3082280668853385	0.2781289374168251
0.758946638440411	0.30815743781878197	0.2780578694270393
0.759012516365837	0.3080868213314859	0.2779868149920618
0.7590783885739338	0.3080162174215122	0.2779157741096888
0.7591442550661897	0.3079456260869232	0.2778447467777169
0.7592101158440923	0.3078750473257814	0.27777373299394276
0.7592759709091287	0.30780448113614955	0.2777027327561635
0.7593418202627852	0.30773392751609085	0.2776317460621764
0.7594076639065476	0.3076633864636684	0.2775607729097794
0.759473501841901	0.307592857976946	0.2774898132967703
0.7595393340703297	0.30752234205398754	0.27741886722094766
0.7596051605933177	0.3074518386928572	0.2773479346801105
0.759670981412348	0.3073813478916193	0.27727701567205737
0.7597367965289031	0.30731086964833854	0.27720611019458774
0.759802605944465	0.3072404039610798	0.2771352182455014
0.7598684096605148	0.3071699508279088	0.27706433982259854
0.7599342076785331	0.3070995102468907	0.27699347492367915
0.76	0.30702908221609126	0.2769226235465441
0.7600657866263946	0.3069586667335765	0.2768517856889943
0.7601315675591956	0.3068882637974131	0.2767809613488311
0.7601973427998812	0.30681787340566713	0.276710150523856
0.7602631123499285	0.3067474955564059	0.2766393532118711
0.7603288762108145	0.3066771302476965	0.27656856941067876
0.7603946343840151	0.3066067774776062	0.2764977991180813
0.7604603868710059	0.30653643724420293	0.276427042331882
0.7605261336732617	0.30646610954555425	0.27635629904988374
0.7605918747922568	0.30639579437972886	0.2762855692698904
0.7606576102294645	0.3063254917447949	0.2762148529897056
0.760723339986358	0.30625520163882136	0.27614415020713373
0.7607890640644094	0.3061849240598773	0.2760734609199794
0.7608547824650903	0.30611465900603174	0.2760027851260473
0.7609204951898719	0.3060444064753548	0.2759321228231427
0.7609862022402246	0.30597416646591585	0.2758614740090712
0.761051903617618	0.30590393897578544	0.27579083868163856
0.7611175993235211	0.3058337240030336	0.27572021683865083
0.7611832893594026	0.30576352154573144	0.27564960847791475
0.7612489737267303	0.3056933316019493	0.2755790135972368
0.7613146524269713	0.305623154169759	0.2755084321944244
0.7613803254615922	0.3055529892472318	0.2754378642672848
0.7614459928320589	0.30548283683243926	0.2753673098136259
0.7615116545398369	0.3054126969234538	0.27529676883125564
0.7615773105863909	0.30534256951834743	0.27522624131798257
0.7616429609731845	0.3052724546151929	0.27515572727161564
0.7617086057016818	0.30520235221206293	0.2750852266899633
0.7617742447733449	0.3051322623070307	0.2750147395708356
0.7618398781896364	0.3050621848981697	0.27494426591204196
0.7619055059520177	0.3049921199835533	0.27487380571139225
0.7619711280619496	0.3049220675612557	0.2748033589666971
0.7620367445208925	0.3048520276293511	0.2747329256757672
0.762102355330306	0.30478200018591384	0.2746625058364132
0.7621679604916491	0.3047119852290188	0.27459209944644686
0.7622335600063802	0.304641982756741	0.2745217065036796
0.762299153875957	0.30457199276715546	0.2744513270059233
0.7623647421018367	0.30450201525833803	0.2743809609509905
0.7624303246854758	0.3044320502283643	0.2743106083366936
0.76249590162833	0.30436209767531064	0.27424026916084565
0.7625614729318548	0.3042921575972531	0.2741699434212598
0.7626270385975048	0.30422222999226867	0.27409963111574975
0.7626925986267338	0.304152314858434	0.2740293322421293
0.7627581530209953	0.3040824121938264	0.27395904679821276
0.762823701781742	0.30401252199652323	0.2738887747818145
0.7628892449104261	0.3039426442646022	0.27381851619074965
0.7629547824084989	0.30387277899614146	0.2737482710228332
0.7630203142774117	0.30380292618921917	0.2736780392758808
0.7630858405186143	0.30373308584191366	0.273607820947708
0.7631513611335565	0.30366325795230403	0.2735376160361313
0.7632168761236874	0.3035934425184693	0.2734674245389671
0.7632823854904554	0.30352363953848877	0.27339724645403196
0.7633478892353079	0.3034538490104419	0.27332708177914333
0.7634133873596926	0.3033840709324088	0.27325693051211836
0.7634788798650557	0.3033143053024695	0.27318679265077495
0.763544366752843	0.3032445521187045	0.2731166681929313
0.7636098480245	0.3031748113791944	0.2730465571364056
0.7636753236814714	0.3031050830820203	0.27297645947901666
0.763740793725201	0.30303536722526314	0.2729063752185835
0.7638062581571324	0.3029656638070048	0.2728363043529255
0.7638717169787084	0.30289597282532676	0.27276624687986234
0.7639371701913712	0.30282629427831137	0.27269620279721424
0.7640026177965623	0.3027566281640405	0.2726261721028011
0.7640680597957227	0.302686974480597	0.27255615479444395
0.7641334961902927	0.30261733322606377	0.27248615086996364
0.7641989269817121	0.3025477043985237	0.27241616032718136
0.7642643521714197	0.30247808799606046	0.27234618316391884
0.7643297717608546	0.3024084840167576	0.27227621937799806
0.7643951857514542	0.302338892458699	0.27220626896724126
0.7644605941446557	0.30226931331996876	0.2721363319294709
0.764525996941896	0.30219974659865156	0.2720664082625099
0.7645913941446111	0.30213019229283206	0.27199649796418157
0.7646567857542362	0.30206065040059527	0.27192660103230953
0.7647221717722065	0.30199112092002633	0.2718567174647174
0.7647875521999558	0.30192160384921096	0.27178684725922947
0.7648529270389177	0.301852099186235	0.2717169904136704
0.7649182962905254	0.3017826069291843	0.2716471469258648
0.7649836599562111	0.3017131270761455	0.2715773167936379
0.7650490180374065	0.30164365962520495	0.2715075000148151
0.7651143705355429	0.3015742045744497	0.2714376965872223
0.7651797174520506	0.3015047619219669	0.2713679065086855
0.7652450587883597	0.30143533166584396	0.27129812977703116
0.7653103945458992	0.30136591380416855	0.271228366390086
0.7653757247260982	0.3012965083350287	0.27115861634567723
0.7654410493303844	0.30122711525651263	0.27108887964163203
0.7655063683601856	0.30115773456670875	0.2710191562757782
0.7655716818169283	0.30108836626370594	0.2709494462459439
0.765636989702039	0.30101901034559314	0.2708797495499572
0.7657022920169432	0.30094966681045987	0.270810066185647
0.7657675887630659	0.3008803356563954	0.27074039615084217
0.7658328799418317	0.3008110168814899	0.27067073944337205
0.7658981655546643	0.30074171048383325	0.2706010960610662
0.765963445602987	0.30067241646151605	0.27053146600175476
0.7660287200882223	0.3006031348126287	0.27046184926326766
0.7660939890117923	0.30053386553526223	0.2703922458434358
0.7661592523751182	0.3004646086275079	0.27032265574009
0.766224510179621	0.3003953640874571	0.2702530789510614
0.7662897624267206	0.3003261319132015	0.27018351547418157
0.766355009117837	0.3002569121028333	0.27011396530728243
0.7664202502543889	0.30018770465444455	0.2700444284481961
0.7664854858377946	0.3001185095661279	0.2699749048947552
0.766550715869472	0.3000493268359761	0.26990539464479235
0.7666159403508382	0.29998015646208226	0.26983589769614086
0.7666811592833099	0.2999109984425399	0.2697664140466343
0.7667463726683028	0.29984185277544223	0.26969694369410613
0.7668115805072326	0.29977271945888323	0.2696274866363906
0.7668767828015136	0.29970359849095735	0.26955804287132223
0.7669419795525605	0.29963448986975877	0.26948861239673566
0.7670071707617864	0.29956539359338213	0.269419195210466
0.7670723564306043	0.29949630965992236	0.2693497913103485
0.7671375365604267	0.29942723806747495	0.26928040069421894
0.7672027111526654	0.2993581788141351	0.2692110233599133
0.7672678802087313	0.2992891318979986	0.269141659305268
0.7673330437300351	0.29922009731716165	0.2690723085281197
0.7673982017179869	0.2991510750697204	0.26900297102630527
0.7674633541739957	0.2990820651537712	0.268933646797662
0.7675285010994706	0.29901306756741125	0.26886433584002756
0.7675936424958195	0.2989440823087374	0.2687950381512398
0.7676587783644502	0.2988751093758472	0.26872575372913704
0.7677239087067694	0.2988061487668381	0.2686564825715579
0.7677890335241837	0.29873720047980806	0.2685872246763411
0.7678541528180987	0.2986682645128553	0.2685179800413261
0.7679192665899196	0.2985993408640781	0.2684487486643521
0.7679843748410511	0.2985304295315754	0.26837953054325914
0.768049477572897	0.29846153051344587	0.26831032567588736
0.7681145747868608	0.2983926438077889	0.2682411340600771
0.7681796664843453	0.29832376941270405	0.2681719556936693
0.7682447526667527	0.2982549073262909	0.2681027905745051
0.7683098333354845	0.2981860575466498	0.26803363870042585
0.7683749084919419	0.29811722007188063	0.26796450006927325
0.7684399781375251	0.2980483949000843	0.26789537467888946
0.768505042273634	0.2979795820293614	0.26782626252711683
0.7685701009016679	0.29791078145781325	0.267757163611798
0.7686351540230254	0.29784199318354115	0.26768807793077615
0.7687002016391046	0.29777321720464667	0.26761900548189443
0.7687652437513027	0.29770445351923175	0.2675499462629966
0.7688302803610171	0.2976357021253986	0.2674809002719267
0.7688953114696434	0.2975669630212496	0.26741186750652896
0.7689603370785778	0.29749823620488747	0.2673428479646479
0.7690253571892152	0.29742952167441533	0.26727384164412865
0.7690903718029501	0.29736081942793613	0.26720484854281623
0.7691553809211764	0.2972921294635538	0.2671358686585564
0.7692203845452875	0.2972234517793716	0.2670669019891948
0.7692853826766761	0.2971547863734939	0.26699794853257786
0.7693503753167343	0.29708613324402483	0.266929008286552
0.7694153624668538	0.2970174923890692	0.2668600812489641
0.7694803441284254	0.2969488638067318	0.26679116741766135
0.7695453203028396	0.2968802474951175	0.266722266790491
0.7696102909914861	0.2968116434523319	0.2666533793653012
0.7696752561957543	0.2967430516764805	0.2665845051399396
0.7697402159170327	0.29667447216566933	0.266515644112255
0.7698051701567092	0.2966059049180045	0.2664467962800959
0.7698701189161715	0.2965373499315926	0.26637796164131156
0.7699350621968063	0.29646880720453994	0.2663091401937511
0.77	0.2964002767349539	0.26624033193526453
0.7700649323271382	0.2963317585209416	0.2661715368637016
0.7701298591796062	0.29626325256061053	0.2661027549769127
0.7701947805587882	0.2961947588520686	0.2660339862727486
0.7702596964660685	0.2961262773934235	0.26596523074906
0.7703246069028302	0.2960578081827839	0.26589648840369845
0.7703895118704563	0.29598935121825803	0.26582775923451535
0.7704544113703289	0.2959209064979551	0.26575904323936267
0.7705193054038296	0.2958524740199838	0.2656903404160925
0.7705841939723395	0.29578405378245404	0.2656216507625578
0.7706490770772388	0.295715645783475	0.265552974276611
0.7707139547199078	0.29564725002115666	0.2654843109561054
0.7707788269017254	0.29557886649360937	0.2654156607988946
0.7708436936240707	0.2955104951989434	0.26534702380283215
0.7709085548883213	0.2954421361352695	0.2652783999657724
0.7709734106958553	0.29537378930069863	0.26520978928556976
0.7710382610480494	0.2953054546933422	0.2651411917600791
0.7711031059462801	0.2952371323113114	0.26507260738715516
0.771167945391923	0.2951688221527182	0.2650040361646537
0.7712327793863536	0.29510052421567445	0.26493547809043005
0.7712976079309465	0.29503223849829285	0.2648669331623406
0.7713624310270756	0.2949639649986855	0.26479840137824157
0.7714272486761147	0.2948957037149653	0.26472988273598946
0.7714920608794363	0.2948274546452458	0.2646613772334414
0.7715568676384134	0.29475921778763975	0.2645928848684546
0.771621668954417	0.2946909931402611	0.26452440563888674
0.771686464828819	0.29462278070122366	0.2644559395425956
0.7717512552629895	0.29455458046864164	0.26438748657743966
0.7718160402582989	0.2944863924406294	0.2643190467412772
0.7718808198161164	0.29441821661530154	0.2642506200319672
0.7719455939378111	0.2943500529907734	0.26418220644736895
0.7720103626247513	0.29428190156515965	0.26411380598534173
0.7720751258783046	0.29421376233657615	0.2640454186437454
0.7721398836998384	0.2941456353031384	0.26397704442044023
0.7722046360907191	0.2940775204629629	0.26390868331328676
0.772269383052313	0.2940094178141653	0.2638403353201455
0.7723341245859852	0.2939413273548626	0.26377200043887755
0.7723988606931007	0.2938732490831714	0.26370367866734445
0.772463591375024	0.29380518299720865	0.26363537000340775
0.7725283166331186	0.29373712909509203	0.26356707444492966
0.772593036468748	0.2936690873749389	0.26349879198977233
0.7726577508832743	0.29360105783486734	0.26343052263579847
0.77272245987806	0.29353304047299517	0.26336226638087107
0.7727871634544663	0.2934650352874411	0.2632940232228536
0.7728518616138542	0.29339704227632357	0.26322579315960926
0.7729165543575839	0.2933290614377616	0.2631575761890022
0.7729812416870153	0.29326109276987444	0.2630893723088967
0.7730459236035075	0.2931931362707813	0.26302118151715714
0.7731106001084191	0.29312519193860226	0.26295300381164854
0.7731752712031082	0.29305725977145713	0.262884839190236
0.7732399368889323	0.29298933976746616	0.262816687650785
0.7733045971672482	0.2929214319247498	0.2627485491911613
0.7733692520394123	0.29285353624142907	0.26268042380923123
0.7734339015067804	0.29278565271562473	0.26261231150286096
0.7734985455707075	0.2927177813454584	0.26254421226991753
0.7735631842325487	0.29264992212905133	0.2624761261082676
0.7736278174936575	0.29258207506452555	0.26240805301577896
0.773692445355388	0.29251424015000316	0.262339992990319
0.7737570678190927	0.29244641738360644	0.26227194602975595
0.7738216848861241	0.29237860676345817	0.26220391213195793
0.7738862965578343	0.29231080828768113	0.26213589129479364
0.7739509028355739	0.2922430219543985	0.26206788351613225
0.7740155037206943	0.29217524776173365	0.26199988879384273
0.7740800992145451	0.29210748570781053	0.2619319071257948
0.7741446893184762	0.2920397357907527	0.26186393850985823
0.7742092740338363	0.2919719980086847	0.2617959829439035
0.7742738533619743	0.2919042723597309	0.2617280404258008
0.7743384273042376	0.291836558842016	0.2616601109534213
0.7744029958619737	0.29176885745366504	0.26159219452463583
0.7744675590365293	0.29170116819280345	0.26152429113731607
0.7745321168292506	0.2916334910575565	0.26145640078933363
0.7745966692414834	0.2915658260460502	0.26138852347856084
0.7746612162745725	0.29149817315641063	0.26132065920287006
0.7747257579298626	0.291430532386764	0.2612528079601337
0.7747902942086975	0.2913629037352369	0.2611849697482252
0.7748548251124207	0.29129528719995623	0.26111714456501756
0.7749193506423748	0.2912276827790492	0.2610493324083848
0.7749838707999025	0.29116009047064306	0.26098153327620055
0.7750483855863451	0.2910925102728655	0.2609137471663393
0.775112895003044	0.2910249421838446	0.26084597407667576
0.7751773990513398	0.29095738620170836	0.26077821400508455
0.7752418977325722	0.29088984232458526	0.2607104669494411
0.7753063910480811	0.2908223105506039	0.2606427329076209
0.7753708789992051	0.2907547908778934	0.26057501187749976
0.7754353615872828	0.290687283304583	0.260507303856954
0.7754998388136518	0.29061978782880205	0.2604396088438599
0.7755643106796496	0.2905523044486805	0.2603719268360945
0.7756287771866126	0.2904848331623483	0.26030425783153466
0.7756932383358772	0.29041737396793565	0.2602366018280581
0.7757576941287788	0.2903499268635732	0.26016895882354224
0.7758221445666525	0.29028249184739185	0.26010132881586545
0.775886589650833	0.2902150689175224	0.26003371180290574
0.7759510293826537	0.29014765807209636	0.25996610778254203
0.7760154637634485	0.29008025930924536	0.2598985167526533
0.7760798927945498	0.29001287262710124	0.25983093871111884
0.7761443164772902	0.2899454980237961	0.2597633736558182
0.7762087348130011	0.28987813549746244	0.25969582158463134
0.776273147803014	0.2898107850462326	0.25962828249543846
0.7763375554486592	0.2897434466682399	0.25956075638612014
0.7764019577512669	0.2896761203616174	0.2594932432545574
0.7764663547121665	0.2896088061244984	0.25942574309863115
0.776530746332687	0.2895415039550167	0.2593582559162231
0.776595132614157	0.28947421385130623	0.25929078170521497
0.776659513557904	0.28940693581150134	0.2592233204634889
0.7767238891652555	0.2893396698337365	0.2591558721889274
0.776788259437538	0.28927241591614644	0.2590884368794131
0.7768526243760782	0.2892051740568659	0.25902101453282894
0.7769169839822013	0.28913794425403067	0.25895360514705856
0.7769813382572326	0.2890707265057761	0.25888620871998563
0.7770456872024964	0.28900352081023784	0.25881882524949384
0.7771100308193171	0.2889363271655522	0.25875145473346783
0.7771743691090179	0.2888691455698552	0.25868409716979207
0.7772387020729217	0.2888019760212837	0.2586167525563514
0.777303029712351	0.2887348185179746	0.2585494208910313
0.7773673520286274	0.28866767305806496	0.25848210217171713
0.7774316690230725	0.28860053963969184	0.2584147963962947
0.7774959806970065	0.28853341826099344	0.25834750356265046
0.7775602870517501	0.2884663089201072	0.2582802236686707
0.7776245880886227	0.2883992116151716	0.25821295671224226
0.7776888838089432	0.28833212634432503	0.2581457026912523
0.7777531742140305	0.2882650531057061	0.2580784616035882
0.7778174593052023	0.28819799189745376	0.2580112334471378
0.7778817390837762	0.2881309427177072	0.25794401821978896
0.777946013551069	0.2880639055646061	0.2578768159194303
0.7780102827083971	0.28799688043628996	0.2578096265439502
0.7780745465570763	0.2879298673308991	0.2577424500912379
0.778138805098422	0.28786286624657337	0.2576752865591825
0.7782030583337488	0.28779587718145355	0.25760813594567367
0.7782673062643709	0.28772890013368063	0.25754099824860155
0.7783315488916018	0.2876619351013953	0.25747387346585604
0.7783957862167549	0.287594982082739	0.25740676159532794
0.7784600182411425	0.28752804107585345	0.25733966263490793
0.7785242449660769	0.2874611120788803	0.25727257658248737
0.7785884663928693	0.2873941950899617	0.25720550343595744
0.7786526825228306	0.28732729010724	0.2571384431932101
0.7787168933572715	0.2872603971288579	0.25707139585213745
0.7787810988975015	0.2871935161529585	0.25700436141063215
0.7788452991448301	0.2871266471776845	0.25693733986658646
0.7789094941005662	0.28705979020117944	0.2568703312178937
0.7789736837660178	0.28699294522158736	0.2568033354624472
0.7790378681424928	0.2869261122370517	0.25673635259814054
0.7791020472312982	0.286859291245717	0.25666938262286776
0.7791662210337407	0.2867924822457277	0.25660242553452306
0.7792303895511262	0.28672568523522823	0.2565354813310011
0.7792945527847607	0.28665890021236384	0.2564685500101967
0.7793587107359485	0.2865921271752796	0.25640163157000523
0.7794228634059948	0.2865253661221212	0.25633472600832197
0.7794870107962031	0.2864586170510342	0.2562678333230429
0.7795511529078769	0.2863918799601648	0.25620095351206423
0.779615289742319	0.2863251548476592	0.2561340865732823
0.7796794213008318	0.28625844171166415	0.25606723250459396
0.7797435475847171	0.286191740550326	0.2560003913038961
0.7798076685952761	0.28612505136179217	0.25593356296908637
0.7798717843338097	0.28605837414421015	0.2558667474980623
0.7799358948016176	0.28599170889572717	0.255799944888722
0.78	0.2859250556144912	0.25573315513896366
0.7800640999302557	0.28585841429865044	0.2556663782466859
0.7801281945936834	0.28579178494635327	0.2555996142097879
0.7801922839915811	0.28572516755574817	0.2555328630261687
0.7802563681252463	0.2856585621249842	0.25546612469372787
0.7803204469959761	0.2855919686522105	0.25539939921036536
0.7803845206050668	0.2855253871355764	0.2553326865739813
0.7804485889538144	0.28545881757323166	0.2552659867824761
0.7805126520435143	0.28539225996332623	0.25519929983375067
0.7805767098754612	0.28532571430401016	0.25513262572570605
0.7806407624509496	0.28525918059343425	0.2550659644562438
0.7807048097712733	0.2851926588297489	0.25499931602326553
0.7807688518377254	0.2851261490111051	0.2549326804246732
0.7808328886515987	0.2850596511356543	0.2548660576583693
0.7808969202141856	0.284993165201548	0.25479944772225643
0.7809609465267774	0.2849266912069378	0.25473285061423767
0.7810249675906654	0.2848602291499758	0.2546662663322161
0.7810889834071404	0.2847937790288143	0.2545996948740954
0.7811529939774923	0.2847273408416058	0.25453313623777957
0.7812169993030106	0.28466091458650333	0.2544665904211727
0.7812809993849844	0.28459450026165956	0.2544000574221793
0.7813449942247023	0.28452809786522815	0.2543335372387042
0.7814089838234521	0.28446170739536264	0.25426702986865274
0.7814729681825213	0.28439532885021673	0.25420053530993
0.7815369473031969	0.2843289622279447	0.25413405356044205
0.7816009211867653	0.28426260752670085	0.25406758461809476
0.7816648898345121	0.2841962647446398	0.25400112848079465
0.781728853247723	0.2841299338799164	0.2539346851464482
0.7817928114276825	0.28406361493068594	0.25386825461296264
0.7818567643756752	0.2839973078951037	0.2538018368782451
0.7819207120929845	0.28393101277132526	0.25373543194020326
0.781984654580894	0.2838647295575068	0.253669039796745
0.7820485918406861	0.2837984582518044	0.2536026604457786
0.7821125238736432	0.2837321988523746	0.25353629388521265
0.7821764506810468	0.2836659513573738	0.2534699401129558
0.7822403722641782	0.2835997157649594	0.2534035991269174
0.7823042886243179	0.2835334920732883	0.2533372709250068
0.782368199762746	0.2834672802805183	0.25327095550513395
0.7824321056807422	0.28340108038480677	0.25320465286520866
0.7824960063795853	0.2833348923843121	0.2531383630031416
0.7825599018605541	0.2832687162771922	0.25307208591684316
0.7826237921249264	0.2832025520616057	0.25300582160422447
0.7826876771739798	0.2831363997357117	0.25293957006319706
0.7827515570089912	0.283070259297669	0.2528733312916723
0.7828154316312371	0.28300413074563685	0.2528071052875623
0.7828793010419933	0.28293801407777486	0.2527408920487791
0.7829431652425354	0.282871909292243	0.25267469157323547
0.783007024234138	0.2828058163872011	0.2526085038588441
0.7830708780180757	0.28273973536080965	0.2525423289035181
0.7831347265956223	0.28267366621122925	0.25247616670517115
0.7831985699680509	0.2826076089366209	0.252410017261717
0.7832624081366346	0.28254156353514553	0.25234388057106966
0.7833262411026456	0.2824755300049646	0.25227775663114355
0.7833900688673555	0.2824095083442398	0.2522116454398534
0.7834538914320357	0.2823434985511329	0.25214554699511427
0.7835177087979569	0.28227750062380613	0.2520794612948413
0.7835815209663893	0.282211514560422	0.2520133883369503
0.7836453279386025	0.2821455403591431	0.2519473281193573
0.7837091297158659	0.2820795780181323	0.2518812806399783
0.7837729262994481	0.2820136275355529	0.25181524589672993
0.783836717690617	0.2819476889095684	0.2517492238875292
0.7839005038906405	0.2818817621383424	0.251683214610293
0.7839642849007855	0.28181584722003894	0.25161721806293913
0.7840280607223188	0.2817499441528223	0.2515512342433852
0.7840918313565064	0.2816840529348568	0.2514852631495494
0.7841555968046138	0.28161817356430735	0.25141930477935
0.7842193570679061	0.2815523060393389	0.2513533591307057
0.7842831121476479	0.28148645035811665	0.2512874262015357
0.7843468620451031	0.28142060651880635	0.2512215059897593
0.7844106067615354	0.2813547745195736	0.2511555984932959
0.7844743462982076	0.28128895435858436	0.2510897037100656
0.7845380806563822	0.28122314603400533	0.2510238216379888
0.7846018098373213	0.28115734954400257	0.25095795227498574
0.7846655338422862	0.2810915648867433	0.2508920956189777
0.784729252672538	0.2810257920603943	0.2508262516678853
0.784792966329337	0.2809600310631232	0.2507604204196305
0.7848566748139434	0.28089428189309734	0.2506946018721348
0.7849203781276162	0.28082854454848466	0.25062879602332044
0.7849840762716146	0.2807628190274533	0.25056300287110983
0.7850477692471968	0.2806971053281717	0.25049722241342554
0.7851114570556209	0.2806314034488083	0.2504314546481906
0.7851751396981441	0.28056571338753217	0.2503656995733284
0.7852388171760233	0.2805000351425123	0.25029995718676257
0.7853024894905147	0.28043436871191835	0.25023422748641705
0.7853661566428745	0.28036871409391967	0.25016851047021604
0.7854298186343577	0.2803030712866863	0.2501028061360841
0.7854934754662193	0.2802374402883886	0.2500371144819461
0.7855571271397135	0.2801718210971967	0.24997143550572715
0.7856207736560942	0.2801062137112815	0.24990576920535276
0.7856844150166147	0.2800406181288139	0.2498401155787487
0.7857480512225278	0.2799750343479651	0.24977447462384106
0.7858116822750856	0.2799094623669066	0.24970884633855617
0.7858753081755401	0.27984390218381006	0.2496432307208208
0.7859389289251424	0.2797783537968476	0.24957762776856193
0.7860025445251434	0.27971281720419133	0.24951203747970682
0.7860661549767933	0.27964729240401387	0.24944645985218325
0.7861297602813418	0.27958177939448775	0.24938089488391882
0.7861933604400383	0.2795162781737862	0.24931534257284202
0.7862569554541314	0.27945078874008245	0.24924980291688126
0.7863205453248694	0.27938531109155	0.24918427591396547
0.7863841300535	0.27931984522636266	0.2491187615620237
0.7864477096412704	0.2792543911426945	0.24905325985898544
0.7865112840894274	0.27918894883871975	0.2489877708027804
0.7865748533992172	0.27912351831261306	0.2489222943913388
0.7866384175718855	0.2790580995625492	0.24885683062259084
0.7867019766086774	0.27899269258670323	0.2487913794944673
0.7867655305108378	0.27892729738325056	0.24872594100489914
0.7868290792796108	0.2788619139503667	0.24866051515181745
0.7868926229162401	0.27879654228622747	0.24859510193315412
0.7869561614219689	0.2787311823890091	0.24852970134684088
0.78701969479804	0.27866583425688785	0.2484643133908099
0.7870832230456954	0.2786004978880405	0.24839893806299393
0.7871467461661771	0.27853517328064364	0.24833357536132547
0.787210264160726	0.2784698604328748	0.24826822528373793
0.787273777030583	0.2784045593429109	0.2482028878281644
0.7873372847769881	0.27833927000893	0.24813756299253895
0.7874007874011811	0.27827399242910983	0.2480722507747954
0.7874642849044012	0.2782087266016285	0.24800695117286808
0.7875277772878871	0.2781434725246644	0.2479416641846918
0.7875912645528771	0.2780782301963965	0.24787638980820145
0.7876547467006088	0.2780129996150035	0.2478111280413322
0.7877182237323191	0.2779477807786645	0.24774587888201965
0.7877816956492453	0.27788257368555935	0.24768064232819983
0.787845162452623	0.2778173783338672	0.2476154183778087
0.7879086241436883	0.27775219472176854	0.2475502070287829
0.7879720807236764	0.2776870228474433	0.24748500827905898
0.7880355321938218	0.2776218627090719	0.24741982212657432
0.7880989785553588	0.2775567143048352	0.2473546485692661
0.7881624198095212	0.27749157763291427	0.24728948760507216
0.7882258559575421	0.27742645269149013	0.24722433923193038
0.7882892870006544	0.2773613394787444	0.24715920344777914
0.78835271294009	0.277296237992859	0.24709408025055707
0.788416133777081	0.2772311482320157	0.24702896963820306
0.7884795495128584	0.2771660701943968	0.24696387160865632
0.7885429601486529	0.2771010038781851	0.24689878615985647
0.788606365685695	0.277035949281563	0.24683371328974313
0.7886697661252141	0.27697090640271377	0.24676865299625658
0.7887331614684399	0.2769058752398206	0.24670360527733734
0.7887965517166007	0.2768408557910672	0.24663857013092605
0.7888599368709251	0.2767758480546372	0.24657354755496377
0.7889233169326407	0.27671085202871487	0.24650853754739194
0.788986691902975	0.27664586771148425	0.246443540106152
0.7890500617831546	0.2765808951011303	0.24637855522918625
0.7891134265744058	0.27651593419583753	0.2463135829144367
0.7891767862779543	0.2764509849937911	0.24624862315984597
0.7892401408950257	0.2763860474931764	0.24618367596335697
0.7893034904268447	0.27632112169217915	0.24611874132291284
0.7893668348746354	0.27625620758898495	0.24605381923645717
0.789430174239622	0.2761913051817802	0.24598890970193368
0.7894935085230277	0.276126414468751	0.2459240127172864
0.7895568377260753	0.27606153544808415	0.2458591282804598
0.7896201618499873	0.27599666811796647	0.24579425638939853
0.7896834808959854	0.27593181247658527	0.24572939704204774
0.789746794865291	0.27586696852212766	0.24566455023635259
0.7898101037591252	0.2758021362527814	0.24559971597025873
0.7898734075787082	0.2757373156667346	0.2455348942417122
0.7899367063252599	0.27567250676217514	0.24547008504865894
0.79	0.2756077095372915	0.24540528838904577
0.7900632886041472	0.2755429239902724	0.24534050426081933
0.7901265721389201	0.27547815011930693	0.24527573266192693
0.7901898506055364	0.2754133879225841	0.24521097359031582
0.790253124005214	0.27534863739829324	0.24514622704393382
0.7903163923391695	0.27528389854462426	0.24508149302072899
0.7903796556086196	0.275219171359767	0.2450167715186496
0.7904429138147802	0.2751544558419118	0.24495206253564447
0.7905061669588669	0.27508975198924884	0.24488736606966233
0.7905694150420949	0.2750250597999692	0.24482268211865263
0.7906326580656784	0.2749603792722635	0.2447580106805647
0.7906958960308318	0.27489571040432326	0.24469335175334864
0.7907591289387685	0.2748310531943398	0.24462870533495448
0.7908223567907018	0.2747664076405049	0.2445640714233328
0.7908855795878441	0.2747017737410107	0.24449945001643436
0.7909487973314075	0.27463715149404905	0.2444348411122101
0.7910120100226039	0.274572540897813	0.2443702447086116
0.7910752176626443	0.2745079419504948	0.24430566080359034
0.7911384202527394	0.2744433546502879	0.24424108939509842
0.7912016177940993	0.27437877899538515	0.2441765304810881
0.7912648102879338	0.2743142149839805	0.244111984059512
0.7913279977354523	0.2742496626142675	0.24404745012832296
0.7913911801378634	0.2741851218844401	0.24398292868547422
0.7914543574963752	0.27412059279269274	0.24391841972891934
0.7915175298121957	0.27405607533721993	0.24385392325661195
0.7915806970865321	0.27399156951621645	0.24378943926650634
0.7916438593205912	0.2739270753278774	0.24372496775655675
0.7917070165155795	0.2738625927703981	0.24366050872471812
0.7917701686727027	0.27379812184197394	0.2435960621689452
0.7918333157931662	0.27373366254080095	0.24353162808719345
0.7918964578781749	0.27366921486507517	0.24346720647741846
0.7919595949289332	0.27360477881299283	0.2434027973375762
0.7920227269466451	0.2735403543827505	0.24333840066562276
0.7920858539325141	0.2734759415725452	0.2432740164595148
0.7921489758877429	0.2734115403805739	0.2432096447172092
0.7922120928135344	0.27334715080503397	0.24314528543666283
0.7922752047110903	0.2732827728441229	0.2430809386158334
0.7923383115816123	0.2732184064960388	0.24301660425267851
0.7924014134263012	0.2731540517589795	0.24295228234515626
0.792464510246358	0.27308970863114357	0.24288797289122493
0.7925276020429824	0.27302537711072955	0.2428236758888432
0.7925906888173744	0.2729610571959363	0.24275939133596988
0.7926537705707329	0.2728967488849629	0.2426951192305644
0.7927168473042565	0.27283245217600893	0.24263085957058628
0.7927799190191437	0.27276816706727375	0.24256661235399524
0.792842985716592	0.27270389355695746	0.2425023775787516
0.7929060473977986	0.2726396316432601	0.24243815524281562
0.7929691040639604	0.2725753813243821	0.2423739453441482
0.7930321557162736	0.27251114259852416	0.24230974788071044
0.7930952023559341	0.27244691546388716	0.24224556285046364
0.7931582439841371	0.2723826999186722	0.2421813902513693
0.7932212806020777	0.27231849596108065	0.24211723008138958
0.79328431221095	0.2722543035893145	0.2420530823384868
0.7933473388119482	0.2721901228015753	0.2419889470206233
0.7934103604062654	0.2721259535960655	0.2419248241257621
0.7934733769950949	0.2720617959709872	0.24186071365186632
0.793536388579629	0.27199764992454345	0.24179661559689938
0.7935993951610598	0.2719335154549369	0.24173252995882513
0.7936623967405789	0.27186939256037096	0.2416684567356077
0.7937253933193772	0.27180528123904896	0.24160439592521124
0.7937883848986453	0.2717411814891746	0.24154034752560066
0.7938513714795736	0.27167709330895184	0.24147631153474075
0.7939143530633516	0.2716130166965849	0.24141228795059697
0.7939773296511683	0.27154895165027815	0.2413482767711347
0.7940403012442127	0.2714848981682366	0.24128427799432
0.7941032678436728	0.2714208562486649	0.24122029161811892
0.7941662294507366	0.27135682588976834	0.24115631764049802
0.7942291860665912	0.27129280708975256	0.24109235605942406
0.7942921376924236	0.27122879984682297	0.24102840687286403
0.79435508432942	0.271164804159186	0.24096447007878558
0.7944180259787664	0.2711008200250475	0.24090054567515606
0.7944809626416482	0.27103684744261397	0.24083663365994368
0.7945438943192503	0.2709728864100925	0.24077273403111668
0.7946068210127573	0.2709089369256897	0.2407088467866436
0.7946697427233529	0.270844998987613	0.24064497192449336
0.7947326594522212	0.2707810725940698	0.24058110944263503
0.7947955712005447	0.2707171577432681	0.2405172593390384
0.7948584779695063	0.2706532544334156	0.24045342161167296
0.794921379760288	0.27058936266272077	0.240389596258509
0.7949842765740717	0.27052548242939195	0.2403257832775167
0.7950471684120383	0.270461613731638	0.24026198266666687
0.7951100552753688	0.27039775656766796	0.24019819442393048
0.7951729371652434	0.27033391093569104	0.24013441854727885
0.7952358140828417	0.2702700768339169	0.24007065503468375
0.7952986860293434	0.27020625426055517	0.24000690388411663
0.7953615530059269	0.27014244321381603	0.23994316509355013
0.7954244150137711	0.27007864369190954	0.23987943866095643
0.7954872720540537	0.27001485569304645	0.23981572458430855
0.7955501241279521	0.26995107921543743	0.2397520228615794
0.7956129712366434	0.26988731425729356	0.23968833349074253
0.7956758133813042	0.26982356081682607	0.23962465646977144
0.7957386505631105	0.2697598188922466	0.23956099179664025
0.7958014827832378	0.26969608848176696	0.23949733946932328
0.7958643100428615	0.26963236958359915	0.23943369948579504
0.7959271323431562	0.2695686621959555	0.23937007184403056
0.795989949685296	0.2695049663170484	0.2393064565420048
0.7960527620704547	0.2694412819450908	0.23924285357769337
0.7961155694998058	0.269377609078296	0.23917926294907224
0.7961783719745218	0.26931394771487693	0.2391156846541172
0.7962411694957753	0.26925029785304727	0.23905211869080478
0.7963039620647383	0.26918665949102094	0.2389885650571117
0.7963667496825818	0.26912303262701204	0.23892502375101501
0.7964295323504774	0.2690594172592347	0.23886149477049176
0.7964923100695951	0.26899581338590367	0.2387979781135198
0.7965550828411052	0.2689322210052337	0.23873447377807688
0.7966178506661773	0.2688686401154398	0.2386709817621412
0.7966806135459805	0.2688050707147374	0.23860750206369125
0.7967433714816836	0.26874151280134223	0.23854403468070592
0.7968061244744545	0.2686779663734698	0.23848057961116406
0.7968688725254613	0.2686144314293364	0.2384171368530453
0.7969316156358712	0.26855090796715836	0.23835370640432918
0.796994353806851	0.2684873959851522	0.2382902882629957
0.797057087039567	0.2684238954815349	0.23822688242702525
0.7971198153351854	0.26836040645452336	0.23816348889439828
0.7971825386948713	0.2682969289023351	0.23810010766309567
0.79724525711979	0.26823346282318766	0.23803673873109876
0.7973079706111058	0.26817000821529885	0.23797338209638882
0.797370679169983	0.26810656507688674	0.23791003775694775
0.7974333827975851	0.2680431334061699	0.23784670571075772
0.7974960814950754	0.26797971320136676	0.2377833859558008
0.7975587752636166	0.2679163044606962	0.23772007849005994
0.7976214641043707	0.26785290718237736	0.2376567833115181
0.7976841480185	0.2677895213646296	0.23759350041815838
0.7977468270071651	0.26772614700567254	0.23753022980796445
0.7978095010715278	0.2676627841037259	0.23746697147892015
0.7978721702127478	0.26759943265701014	0.23740372542900984
0.7979348344319854	0.26753609266374523	0.2373404916562176
0.7979974937304002	0.2674727641221521	0.23727727015852862
0.798060148109151	0.26740944703045144	0.23721406093392758
0.7981227975693966	0.2673461413868644	0.2371508639804001
0.7981854421122951	0.26728284718961237	0.23708767929593164
0.7982480817390043	0.267219564436917	0.23702450687850832
0.7983107164506812	0.2671562931270001	0.23696134672611632
0.798373346248483	0.267093033258084	0.2368981988367423
0.7984359711335656	0.26702978482839085	0.23683506320837305
0.7984985911070852	0.2669665478361433	0.2367719398389956
0.798561206170197	0.2669033222795645	0.23670882872659763
0.7986238163240563	0.26684010815687714	0.23664572986916663
0.7986864215698174	0.266776905466305	0.23658264326469086
0.7987490219086343	0.26671371420607143	0.2365195689111585
0.7988116173416608	0.2666505343744005	0.2364565068065583
0.79887420787005	0.2665873659695163	0.23639345694887914
0.7989367934949548	0.2665242089896432	0.23633041933611035
0.7989993742175271	0.2664610634330058	0.23626739396624138
0.7990619500389191	0.2663979292978291	0.23620438083726197
0.7991245209602819	0.2663348065823381	0.23614137994716247
0.7991870869827665	0.26627169528475825	0.23607839129393315
0.7992496481075234	0.2662085954033153	0.23601541487556482
0.7993122043357026	0.26614550693623495	0.2359524506900483
0.7993747556684537	0.2660824298817435	0.23588949873537532
0.7994373021069258	0.26601936423806716	0.23582655900953703
0.7994998436522675	0.2659563100034328	0.23576363151052557
0.7995623803056269	0.26589326717606715	0.23570071623633326
0.7996249120681521	0.26583023575419756	0.23563781318495247
0.7996874389409903	0.2657672157360512	0.23557492235437605
0.7997499609252883	0.26570420711985576	0.235512043742597
0.7998124780221924	0.2656412099038393	0.23544917734760898
0.7998749902328488	0.26557822408622966	0.2353863231674053
0.799937497558403	0.2655152496652557	0.2353234811999803
0.8	0.26545228663914544	0.23526065144332808
0.8000624975587844	0.2653893350061284	0.23519783389544338
0.8001249902359006	0.2653263947644334	0.23513502855432103
0.8001874780324921	0.2652634659122899	0.23507223541795605
0.8002499609497022	0.26520054844792756	0.2350094544843442
0.800312438988674	0.2651376423695762	0.2349466857514811
0.8003749121505496	0.265074747675466	0.2348839292173627
0.8004373804364712	0.2650118643638276	0.2348211848799858
0.80049984384758	0.2649489924328913	0.23475845273734655
0.8005623023850174	0.2648861318808882	0.2346957327874422
0.8006247560499238	0.26482328270604927	0.23463302502826994
0.8006872048434395	0.2647604449066062	0.2345703294578275
0.8007496487667042	0.26469761848079043	0.23450764607411248
0.800812087820857	0.26463480342683393	0.23444497487512328
0.800874522007037	0.2645719997429688	0.23438231585885805
0.8009369513263824	0.2645092074274276	0.23431966902331583
0.8009993757800314	0.2644464264784427	0.2342570343664955
0.8010617953691213	0.2643836568942472	0.23419441188639642
0.8011242100947893	0.2643208986730743	0.23413180158101823
0.8011866199581719	0.26425815181315715	0.23406920344836094
0.8012490249604052	0.26419541631272964	0.2340066174864246
0.8013114251026251	0.26413269217002544	0.2339440436932099
0.8013738203859669	0.2640699793832791	0.2338814820667177
0.8014362108115656	0.26400727795072454	0.23381893260494893
0.8014985963805551	0.26394458787059666	0.23375639530590508
0.8015609770940699	0.26388190914113047	0.23369387016758802
0.8016233529532432	0.26381924176056076	0.23363135718799938
0.8016857239592083	0.26375658572712324	0.23356885636514177
0.8017480901130978	0.26369394103905347	0.23350636769701785
0.8018104514160439	0.26363130769458726	0.23344389118163023
0.8018728078691783	0.26356868569196085	0.23338142681698226
0.8019351594736323	0.2635060750294107	0.2333189746010775
0.8019975062305369	0.2634434757051732	0.23325653453191955
0.8020598481410225	0.26338088771748547	0.2331941066075127
0.8021221852062191	0.26331831106458464	0.23313169082586108
0.8021845174272563	0.263255745744708	0.2330692871849696
0.8022468448052632	0.26319319175609324	0.233006895682843
0.8023091673413685	0.2631306490969782	0.23294451631748672
0.8023714850367004	0.2630681177656011	0.23288214908690608
0.8024337978923868	0.26300559776020027	0.2328197939891073
0.8024961059095552	0.26294308907901437	0.23275745102209616
0.8025584090893323	0.2628805917202823	0.23269512018387928
0.8026207074328446	0.26281810568224306	0.2326328014724634
0.8026830009412185	0.2627556309631362	0.2325704948858555
0.8027452896155791	0.2626931675612013	0.23250820042206302
0.8028075734570521	0.2626307154746783	0.2324459180790934
0.8028698524667619	0.2625682747018074	0.2323836478549548
0.802932126645833	0.2625058452408286	0.2323213897476552
0.8029943959953892	0.26244342708998286	0.2322591437552032
0.8030566605165541	0.26238102024751103	0.23219690987560762
0.8031189202104505	0.2623186247116541	0.2321346881068776
0.8031811750782012	0.26225624048065366	0.23207247844702242
0.8032434251209281	0.26219386755275104	0.23201028089405185
0.8033056703397531	0.2621315059261884	0.23194809544597586
0.8033679107357974	0.2620691555992076	0.2318859221008047
0.8034301463101817	0.26200681657005126	0.23182376085654902
0.8034923770640267	0.26194448883696175	0.2317616117112196
0.803554602998452	0.2618821723981821	0.23169947466282761
0.8036168241145777	0.2618198672519555	0.2316373497093847
0.8036790404135222	0.26175757339652506	0.2315752368489023
0.8037412518964048	0.2616952908301345	0.23151313607939264
0.8038034585643433	0.26163301955102775	0.23145104739886802
0.8038656604184558	0.2615707595574489	0.23138897080534118
0.8039278574598594	0.2615085108476423	0.23132690629682506
0.8039900496896712	0.26144627341985255	0.23126485387133275
0.8040522371090078	0.2613840472723244	0.23120281352687777
0.804114419718985	0.2613218324033031	0.23114078526147408
0.8041765975207187	0.2612596288110339	0.2310787690731356
0.804238770515324	0.2611974364937624	0.23101676495987694
0.8043009387039157	0.26113525544973454	0.23095477291971261
0.8043631020876082	0.2610730856771962	0.2308927929506576
0.8044252606675153	0.26101092717439417	0.23083082505072758
0.8044874144447507	0.26094877993957444	0.23076886921793763
0.8045495634204272	0.2608866439709843	0.2307069254503039
0.8046117075956577	0.26082451926687067	0.2306449937458424
0.8046738469715541	0.26076240582548077	0.23058307410256973
0.8047359815492284	0.26070030364506236	0.23052116651850268
0.8047981113297918	0.2606382127238632	0.23045927099165825
0.8048602363143554	0.2605761330601315	0.23039738752005368
0.8049223565040295	0.26051406465211535	0.2303355161017067
0.8049844718999243	0.2604520074980634	0.2302736567346353
0.8050465825031493	0.26038996159622463	0.23021180941685754
0.8051086883148137	0.26032792694484796	0.2301499741463922
0.8051707893360265	0.26026590354218265	0.23008815092125787
0.8052328855678959	0.2602038913864783	0.23002633973947376
0.8052949770115296	0.2601418904759849	0.22996454059905924
0.8053570636680354	0.2600799008089523	0.2299027534980341
0.8054191455385202	0.2600179223836308	0.22984097843441811
0.8054812226240907	0.25995595519827114	0.22977921540623178
0.8055432949258532	0.2598939992511239	0.22971746441149551
0.8056053624449132	0.2598320545404402	0.2296557254482303
0.8056674251823763	0.25977012106447156	0.22959399851445736
0.8057294831393474	0.2597081988214691	0.22953228360819797
0.805791536316931	0.25964628780968485	0.22947058072747395
0.8058535847162313	0.25958438802737094	0.22940888987030733
0.8059156283383515	0.25952249947277956	0.22934721103472064
0.8059776671843955	0.25946062214416316	0.2292855442187363
0.8060397012554654	0.25939875603977464	0.2292238894203773
0.8061017305526642	0.25933690115786684	0.22916224663766677
0.8061637550770935	0.2592750574966932	0.22910061586862823
0.806225774829855	0.2592132250545074	0.22903899711128575
0.8062877898120497	0.2591514038295628	0.22897739036366307
0.8063498000247783	0.25908959382011376	0.2289157956237849
0.8064118054691412	0.2590277950244143	0.2288542128896756
0.8064738061462381	0.25896600744071907	0.22879264215936046
0.8065358020571685	0.2589042310672827	0.22873108343086443
0.8065977932030313	0.25884246590236043	0.22866953670221335
0.8066597795849252	0.25878071194420726	0.22860800197143288
0.8067217612039481	0.2587189691910789	0.2285464792365494
0.8067837380611982	0.2586572376412307	0.228484968495589
0.8068457101577724	0.25859551729291913	0.2284234697465787
0.8069076774947677	0.2585338081444002	0.22836198298754534
0.8069696400732805	0.25847211019393035	0.22830050821651637
0.8070315978944071	0.25841042343976645	0.2282390454315194
0.8070935509592428	0.2583487478801653	0.22817759463058235
0.8071554992688831	0.25828708351338436	0.2281161558117333
0.8072174428244226	0.2582254303376807	0.22805472897300075
0.8072793816269557	0.2581637883513126	0.22799331411241364
0.8073413156775764	0.2581021575525375	0.22793191122800083
0.8074032449773781	0.25804053793961385	0.22787052031779179
0.807465169527454	0.2579789295108001	0.2278091413798162
0.8075270893288967	0.25791733226435487	0.22774777441210395
0.8075890043827987	0.25785574619853724	0.22768641941268528
0.8076509146902515	0.25779417131160637	0.2276250763795908
0.8077128202523468	0.25773260760182154	0.22756374531085127
0.8077747210701757	0.25767105506744253	0.22750242620449776
0.8078366171448284	0.2576095137067293	0.22744111905856182
0.8078985084773953	0.2575479835179421	0.22737982387107508
0.8079603950689662	0.25748646449934126	0.22731854064006954
0.8080222769206304	0.2574249566491874	0.22725726936357743
0.8080841540334769	0.2573634599657415	0.22719601003963127
0.808146026408594	0.2573019744472648	0.22713476266626426
0.80820789404707	0.2572405000920186	0.22707352724150914
0.8082697569499925	0.2571790368982646	0.2270123037633997
0.8083316151184488	0.2571175848642647	0.22695109222996943
0.8083934685535256	0.257056143988281	0.22688989263925255
0.8084553172563095	0.25699471426857595	0.2268287049892832
0.8085171612278863	0.2569332957034122	0.22676752927809626
0.808579000469342	0.25687188829105256	0.22670636550372636
0.8086408349817612	0.25681049202976014	0.22664521366420892
0.8087026647662292	0.2567491069177985	0.2265840737575793
0.80876448982383	0.25668773295343117	0.2265229457818734
0.8088263101556477	0.2566263701349219	0.2264618297351271
0.8088881257627658	0.2565650184605349	0.226400725615377
0.8089499366462674	0.2565036779285345	0.22633963342065955
0.8090117428072351	0.2564423485371854	0.22627855314901196
0.8090735442467514	0.2563810302847523	0.22621748479847126
0.809135340965898	0.2563197231695003	0.22615642836707497
0.8091971329657563	0.2562584271896949	0.226095383852861
0.8092589202474076	0.2561971423436017	0.22603435125386756
0.8093207028119322	0.25613586862948634	0.22597333056813285
0.8093824806604106	0.2560746060456151	0.2259123217936958
0.8094442537939225	0.256013354590254	0.2258513249285951
0.8095060222135472	0.2559521142616699	0.22579033997087025
0.8095677859203638	0.2558908850581295	0.22572936691856077
0.8096295449154508	0.2558296669779	0.22566840576970654
0.8096912991998865	0.25576846001924836	0.22560745652234765
0.8097530487747483	0.2557072641804425	0.22554651917452462
0.809814793641114	0.25564607945975004	0.2254855937242781
0.8098765338000602	0.2555849058554389	0.2254246801696491
0.8099382692526635	0.25552374336577766	0.22536377850867909
0.81	0.25546259198903454	0.22530288873940946
0.8100617260431454	0.25540145172347867	0.2252420108598823
0.8101234473831751	0.25534032256737865	0.22518114486813967
0.8101851640211637	0.25527920451900415	0.22512029076222417
0.8102468759581859	0.2552180975766245	0.2250594485401784
0.8103085831953157	0.25515700173850936	0.2249986182000456
0.8103702857336269	0.25509591700292883	0.22493779973986894
0.8104319835741924	0.25503484336815313	0.2248769931576922
0.8104936767180853	0.2549737808324528	0.2248161984515593
0.8105553651663778	0.25491272939409854	0.22475541561951431
0.8106170489201421	0.2548516890513613	0.2246946446596019
0.8106787279804497	0.2547906598025123	0.2246338855698668
0.810740402348372	0.25472964164582323	0.22457313834835418
0.8108020720249794	0.2546686345795654	0.22451240299310926
0.8108637370113427	0.2546076386020111	0.22445167950217787
0.8109253973085317	0.25454665371143237	0.2243909678736058
0.8109870529176159	0.25448567990610166	0.2243302681054395
0.8110487038396647	0.2544247171842917	0.22426958019572535
0.8111103500757465	0.25436376554427553	0.22420890414251027
0.8111719916269299	0.2543028249843261	0.2241482399438413
0.8112336284942828	0.25424189550271703	0.22408758759776595
0.8112952606788727	0.2541809770977219	0.22402694710233187
0.8113568881817668	0.2541200697676147	0.22396631845558707
0.8114185110040317	0.2540591735106695	0.22390570165557971
0.811480129146734	0.2539982883251607	0.2238450967003585
0.8115417426109393	0.25393741420936317	0.22378450358797236
0.8116033513977133	0.2538765511615514	0.22372392231647015
0.811664955508121	0.25381569918000074	0.22366335288390157
0.8117265549432272	0.25375485826298666	0.22360279528831628
0.8117881497040962	0.25369402840878463	0.2235422495277643
0.8118497397917918	0.25363320961567065	0.2234817156002959
0.8119113252073775	0.2535724018819207	0.2234211935039616
0.8119729059519166	0.2535116052058113	0.2233606832368125
0.8120344820264715	0.2534508195856188	0.22330018479689956
0.8120960534321048	0.25339004501962026	0.2232396981822743
0.8121576201698781	0.2533292815060927	0.22317922339098858
0.8122191822408531	0.25326852904331343	0.2231187604210943
0.8122807396460906	0.25320778762956003	0.22305830927064385
0.8123422923866516	0.2531470572631103	0.22299786993768986
0.812403840463596	0.2530863379422425	0.22293744242028526
0.8124653838779841	0.2530256296652347	0.2228770267164832
0.812526922630875	0.25296493243036555	0.2228166228243372
0.812588456723328	0.2529042462359137	0.22275623074190096
0.8126499861564017	0.2528435710801585	0.22269585046722873
0.8127115109311545	0.25278290696137884	0.2226354819983746
0.812773031048644	0.2527222538778546	0.22257512533339338
0.8128345465099278	0.25266161182786534	0.22251478047034
0.8128960573160631	0.252600980809691	0.22245444740726963
0.8129575634681063	0.2525403608216121	0.22239412614223775
0.8130190649671138	0.25247975186190896	0.22233381667330027
0.8130805618141416	0.25241915392886244	0.22227351899851322
0.8131420540102449	0.25235856702075343	0.22221323311593286
0.813203541556479	0.25229799113586304	0.22215295902361595
0.8132650244538984	0.252237426272473	0.22209269671961948
0.8133265027035576	0.25217687242886494	0.22203244620200072
0.8133879763065102	0.25211632960332075	0.22197220746881707
0.8134494452638099	0.25205579779412274	0.22191198051812636
0.8135109095765096	0.25199527699955326	0.22185176534798684
0.8135723692456621	0.251934767217895	0.22179156195645675
0.8136338242723197	0.25187426844743094	0.22173137034159487
0.8136952746575342	0.2518137806864443	0.22167119050146006
0.8137567204023571	0.25175330393321843	0.2216110224341117
0.8138181615078396	0.25169283818603694	0.22155086613760921
0.8138795979750322	0.2516323834431838	0.22149072161001254
0.8139410298049853	0.2515719397029432	0.22143058884938174
0.8140024569987488	0.2515115069635995	0.22137046785377726
0.8140638795573722	0.2514510852234373	0.22131035862125978
0.8141252974819049	0.2513906744807414	0.22125026114989021
0.8141867107733951	0.2513302747337972	0.22119017543772995
0.8142481194328913	0.25126988598088984	0.22113010148284057
0.8143095234614416	0.25120950822030486	0.22107003928328375
0.8143709228600933	0.25114914145032824	0.22100998883712175
0.8144323176298937	0.2510887856692462	0.22094995014241708
0.8144937077718895	0.25102844087534476	0.22088992319723227
0.8145550932871268	0.2509681070669108	0.22082990799963048
0.8146164741766521	0.2509077842422309	0.22076990454767484
0.8146778504415104	0.2508474723995922	0.22070991283942903
0.8147392220827472	0.25078717153728214	0.22064993287295695
0.8148005891014071	0.2507268816535881	0.2205899646463226
0.8148619514985346	0.2506666027467979	0.2205300081575906
0.8149233092751734	0.25060633481519956	0.2204700634048255
0.8149846624323676	0.25054607785708155	0.2204101303860925
0.8150460109711598	0.25048583187073215	0.22035020909945668
0.8151073548925932	0.25042559685444016	0.2202902995429838
0.8151686941977102	0.2503653728064947	0.22023040171473965
0.8152300288875527	0.2503051597251848	0.22017051561279044
0.8152913589631623	0.25024495760880017	0.2201106412352026
0.8153526844255804	0.25018476645563037	0.2200507785800428
0.8154140052758476	0.2501245862639655	0.2199909276453782
0.8154753215150046	0.2500644170320958	0.21993108842927603
0.8155366331440912	0.25000425875831156	0.21987126092980389
0.8155979401641473	0.2499441114409036	0.2198114451450297
0.8156592425762121	0.2498839750781629	0.21975164107302164
0.8157205403813245	0.24982384966838045	0.21969184871184802
0.8157818335805229	0.24976373520984793	0.2196320680595778
0.8158431221748456	0.24970363170085672	0.21957229911427975
0.8159044061653302	0.24964353913969892	0.2195125418740235
0.815965685553014	0.2495834575246667	0.21945279633687845
0.816026960338934	0.24952338685405231	0.21939306250091448
0.8160882305241266	0.24946332712614863	0.2193333403642019
0.8161494961096282	0.24940327833924825	0.2192736299248111
0.8162107570964745	0.2493432404916444	0.2192139311808128
0.8162720134857008	0.24928321358163047	0.21915424413027818
0.816333265278342	0.24922319760750003	0.21909456877127836
0.816394512475433	0.24916319256754693	0.2190349051018851
0.8164557550780079	0.24910319846006523	0.21897525312017022
0.8165169930871004	0.2490432152833493	0.21891561282420594
0.8165782265037441	0.24898324303569375	0.2188559842120647
0.816639455328972	0.24892328171539324	0.21879636728181934
0.8167006795638168	0.24886333132074293	0.21873676203154288
0.8167618992093106	0.24880339185003825	0.2186771684593086
0.8168231142664855	0.2487434633015744	0.21861758656319005
0.816884324736373	0.24868354567364737	0.21855801634126132
0.8169455306200041	0.2486236389645532	0.21849845779159643
0.8170067319184096	0.24856374317258806	0.21843891091226997
0.8170679286326199	0.24850385829604837	0.2183793757013566
0.817129120763665	0.24844398433323103	0.21831985215693137
0.8171903083125741	0.24838412128243306	0.21826034027706975
0.817251491280377	0.24832426914195158	0.2182008400598472
0.817312669668102	0.24826442791008405	0.21814135150333966
0.8173738434767778	0.24820459758512817	0.21808187460562345
0.8174350127074324	0.24814477816538194	0.21802240936477482
0.8174961773610933	0.24808496964914337	0.21796295577887068
0.8175573374387878	0.2480251720347112	0.21790351384598808
0.817618492941543	0.24796538532038398	0.21784408356420434
0.8176796438703853	0.24790560950446056	0.217784664931597
0.8177407902263406	0.24784584458524006	0.21772525794624412
0.8178019320104349	0.247786090561022	0.21766586260622373
0.8178630692236935	0.24772634743010585	0.21760647890961443
0.8179242018671412	0.2476666151907917	0.21754710685449485
0.8179853299418028	0.2476068938413795	0.21748774643894417
0.8180464534487024	0.24754718338016965	0.21742839766104158
0.8181075723888638	0.24748748380546276	0.21736906051886684
0.8181686867633104	0.24742779511555965	0.2173097350104997
0.8182297965730654	0.24736811730876151	0.21725042113402054
0.8182909018191513	0.2473084503833694	0.21719111888750964
0.8183520025025907	0.24724879433768512	0.21713182826904787
0.8184130986244049	0.24718914917001053	0.21707254927671635
0.8184741901856161	0.24712951487864732	0.21701328190859612
0.8185352771872451	0.24706989146189806	0.21695402616276901
0.8185963596303125	0.24701027891806523	0.2168947820373169
0.8186574375158391	0.24695067724545164	0.21683554953032205
0.8187185108448447	0.24689108644236013	0.21677632863986673
0.8187795796183488	0.24683150650709407	0.21671711936403387
0.8188406438373709	0.24677193743795692	0.2166579217009064
0.8189017035029297	0.24671237923325248	0.21659873564856766
0.8189627586160435	0.2466528318912846	0.21653956120510137
0.8190238091777309	0.2465932954103575	0.21648039836859123
0.8190848551890091	0.24653376978877575	0.2164212471371216
0.8191458966508958	0.24647425502484382	0.21636210750877674
0.8192069335644078	0.24641475111686684	0.21630297948164165
0.8192679659305617	0.24635525806314987	0.2162438630538011
0.8193289937503737	0.24629577586199836	0.2161847582233406
0.8193900170248598	0.24623630451171796	0.21612566498834568
0.8194510357550352	0.24617684401061452	0.21606658334690215
0.8195120499419151	0.24611739435699423	0.2160075132970964
0.8195730595865143	0.24605795554916346	0.21594845483701466
0.8196340646898468	0.24599852758542867	0.2158894079647437
0.8196950652529269	0.2459391104640968	0.21583037267837057
0.8197560612767679	0.24587970418347516	0.21577134897598269
0.8198170527623831	0.24582030874187075	0.2157123368556675
0.8198780397107853	0.2457609241375913	0.21565333631551298
0.8199390221229869	0.24570155036894456	0.2155943473536072
0.82	0.24564218743423866	0.21553536996803863
0.8200609733428362	0.2455828353317818	0.21547640415689606
0.820121942152507	0.24552349405988244	0.21541744991826833
0.820182906430023	0.24546416361684967	0.21535850725024502
0.8202438661763952	0.24540484400099213	0.21529957615091538
0.8203048213926333	0.24534553521061928	0.2152406566183696
0.8203657720797474	0.24528623724404058	0.21518174865069764
0.8204267182387468	0.2452269500995657	0.21512285224598993
0.8204876598706407	0.24516767377550452	0.21506396740233713
0.8205485969764374	0.24510840827016736	0.21500509411783042
0.8206095295571457	0.24504915358186471	0.21494623239056085
0.8206704576137733	0.24498990970890724	0.21488738221862028
0.8207313811473276	0.24493067664960583	0.21482854360010037
0.8207923001588161	0.24487145440227157	0.21476971653309318
0.8208532146492453	0.24481224296521606	0.21471090101569143
0.8209141246196219	0.24475304233675071	0.2146520970459874
0.8209750300709517	0.24469385251518758	0.21459330462207446
0.8210359310042405	0.24463467349883875	0.21453452374204562
0.8210968274204937	0.24457550528601654	0.21447575440399455
0.8211577193207161	0.24451634787503354	0.21441699660601501
0.8212186067059124	0.24445720126420264	0.2143582503462013
0.8212794895770866	0.24439806545183693	0.2142995156226476
0.8213403679352428	0.24433894043624962	0.21424079243344862
0.8214012417813842	0.24427982621575445	0.21418208077669953
0.821462111116514	0.24422072278866497	0.2141233806504953
0.8215229759416348	0.24416163015329542	0.21406469205293166
0.8215838362577492	0.24410254830795994	0.21400601498210445
0.8216446920658589	0.2440434772509732	0.21394734943610957
0.8217055433669656	0.24398441698064977	0.2138886954130436
0.8217663901620703	0.24392536749530477	0.21383005291100307
0.8218272324521743	0.2438663287932533	0.213771421928085
0.8218880702382777	0.24380730087281094	0.21371280246238655
0.8219489035213807	0.24374828373229357	0.21365419451200557
0.8220097323024832	0.2436892773700167	0.2135955980750393
0.8220705565825843	0.24363028178429696	0.21353701314958629
0.8221313763626833	0.24357129697345042	0.2134784397337446
0.8221921916437785	0.24351232293579392	0.213419877825613
0.8222530024268686	0.24345335966964426	0.21336132742329042
0.8223138087129511	0.24339440717331876	0.21330278852487616
0.8223746105030237	0.24333546544513457	0.21324426112846953
0.8224354077980836	0.24327653448340958	0.2131857452321705
0.8224962005991274	0.2432176142864613	0.21312724083407888
0.8225569889071517	0.24315870485260807	0.21306874793229516
0.8226177727231524	0.24309980618016827	0.21301026652492008
0.8226785520481253	0.2430409182674602	0.21295179661005428
0.8227393268830656	0.24298204111280292	0.21289333818579922
0.8228000972289685	0.24292317471451533	0.2128348912502562
0.8228608630868284	0.2428643190709168	0.21277645580152704
0.8229216244576394	0.24280547418032683	0.21271803183771368
0.8229823813423954	0.2427466400410653	0.21265961935691868
0.8230431337420901	0.24268781665145184	0.21260121835724433
0.8231038816577164	0.24262900400980708	0.21254282883679368
0.8231646250902671	0.2425702021144514	0.21248445079366993
0.8232253640407347	0.24251141096370538	0.21242608422597645
0.8232860985101108	0.24245263055589003	0.21236772913181695
0.8233468284993877	0.24239386088932674	0.21230938550929554
0.823407554009556	0.24233510196233668	0.2122510533565164
0.8234682750416072	0.24227635377324158	0.21219273267158417
0.8235289915965315	0.2422176163203634	0.21213442345260372
0.8235897036753191	0.2421588896020243	0.21207612569768008
0.82365041127896	0.24210017361654654	0.2120178394049188
0.8237111144084436	0.24204146836225288	0.21195956457242549
0.8237718130647589	0.24198277383746614	0.21190130119830625
0.8238325072488946	0.2419240900405093	0.2118430492806672
0.8238931969618393	0.2418654169697058	0.21178480881761494
0.8239538822045807	0.24180675462337928	0.21172657980725637
0.8240145629781066	0.24174810299985344	0.21166836224769853
0.8240752392834043	0.24168946209745235	0.21161015613704884
0.8241359111214606	0.2416308319145002	0.2115519614734149
0.8241965784932621	0.24157221244932178	0.2114937782549048
0.8242572413997951	0.24151360370024155	0.21143560647962664
0.8243178998420452	0.2414550056655846	0.21137744614568893
0.8243785538209979	0.24139641834367626	0.21131929725120066
0.8244392033376385	0.24133784173284195	0.2112611597942707
0.8244998483929514	0.24127927583140735	0.21120303377300856
0.8245604889879214	0.24122072063769837	0.21114491918552375
0.824621125123532	0.24116217615004137	0.21108681602992632
0.8246817568007674	0.2411036423667625	0.21102872430432634
0.8247423840206104	0.24104511928618866	0.21097064400683435
0.8248030067840442	0.24098660690664656	0.2109125751355612
0.8248636250920512	0.24092810522646357	0.21085451768861785
0.8249242389456137	0.24086961424396683	0.2107964716641156
0.8249848483457136	0.24081113395748405	0.21073843706016618
0.8250454532933322	0.24075266436534315	0.21068041387488143
0.8251060537894508	0.240694205465872	0.2106224021063734
0.82516664983505	0.2406357572573991	0.2105644017527547
0.8252272414311104	0.24057731973825286	0.21050641281213794
0.8252878285786117	0.24051889290676232	0.21044843528263632
0.825348411278534	0.24046047676125623	0.2103904691623629
0.8254089895318563	0.2404020713000641	0.21033251444943146
0.8254695633395577	0.2403436765215153	0.21027457114195577
0.8255301327026168	0.2402852924239395	0.21021663923804984
0.8255906976220118	0.24022691900566684	0.21015871873582828
0.8256512580987205	0.24016855626502742	0.21010080963340566
0.8257118141337206	0.24011020420035184	0.2100429119288971
0.8257723657279893	0.24005186280997057	0.20998502562041765
0.825832912882503	0.23999353209221463	0.20992715070608295
0.8258934555982388	0.2399352120454153	0.2098692871840089
0.8259539938761723	0.23987690266790387	0.20981143505231153
0.8260145277172793	0.23981860395801194	0.20975359430910723
0.8260750571225354	0.23976031591407151	0.2096957649525126
0.8261355820929153	0.23970203853441469	0.20963794698064478
0.826196102629394	0.23964377181737356	0.20958014039162062
0.8262566187329454	0.23958551576128106	0.20952234518355803
0.8263171304045439	0.23952727036446977	0.20946456135457445
0.8263776376451628	0.2394690356252728	0.20940678890278822
0.8264381404557755	0.2394108115420235	0.20934902782631748
0.8264986388373546	0.2393525981130555	0.20929127812328094
0.826559132790873	0.2392943953367022	0.20923353979179746
0.8266196223173026	0.23923620321129796	0.2091758128299862
0.8266801074176153	0.2391780217351769	0.20911809723596672
0.8267405880927826	0.23911985090667345	0.20906039300785867
0.8268010643437755	0.23906169072412234	0.20900270014378214
0.8268615361715649	0.23900354118585862	0.2089450186418573
0.8269220035771209	0.2389454022902172	0.20888734850020482
0.8269824665614139	0.23888727403553378	0.20882968971694557
0.8270429251254132	0.23882915642014405	0.20877204229020072
0.8271033792700886	0.23877104944238361	0.20871440621809162
0.8271638289964086	0.23871295310058893	0.20865678149873998
0.8272242743053422	0.23865486739309608	0.20859916813026774
0.8272847151978574	0.23859679231824174	0.20854156611079716
0.8273451516749222	0.23853872787436284	0.20848397543845096
0.8274055837375042	0.23848067405979648	0.20842639611135175
0.8274660113865705	0.2384226308728797	0.20836882812762259
0.8275264346230881	0.2383645983119504	0.20831127148538703
0.8275868534480233	0.23830657637534625	0.2082537261827687
0.8276472678623424	0.23824856506140496	0.20819619221789132
0.8277076778670112	0.23819056436846517	0.20813866958887936
0.8277680834629951	0.23813257429486517	0.2080811582938571
0.8278284846512591	0.23807459483894378	0.20802365833094946
0.8278888814327682	0.23801662599903992	0.2079661696982814
0.8279492738084864	0.2379586677734928	0.20790869239397836
0.8280096617793781	0.23790072016064176	0.20785122641616577
0.8280700453464067	0.23784278315882662	0.20779377176296968
0.8281304245105356	0.2377848567663873	0.2077363284325162
0.828190799272728	0.2377269409816636	0.20767889642293166
0.8282511696339462	0.23766903580299634	0.20762147573234307
0.8283115355951528	0.23761114122872584	0.20756406635887711
0.8283718971573094	0.23755325725719306	0.20750666830066122
0.8284322543213778	0.237495383886739	0.20744928155582298
0.8284926070883192	0.237437521115705	0.20739190612249012
0.8285529554590944	0.2373796689424327	0.2073345419987908
0.828613299434664	0.23732182736526378	0.20727718918285343
0.828673639015988	0.23726399638254034	0.2072198476728068
0.8287339742040265	0.23720617599260455	0.20716251746677963
0.8287943049997387	0.23714836619379895	0.2071051985629013
0.8288546314040841	0.2370905669844663	0.2070478909593012
0.828914953418021	0.23703277836294945	0.20699059465410927
0.8289752710425082	0.23697500032759164	0.20693330964545548
0.8290355842785037	0.23691723287673652	0.2068760359314702
0.8290958931269652	0.23685947600872745	0.20681877351028405
0.82915619758885	0.23680172972190838	0.20676152238002793
0.8292164976651152	0.2367439940146237	0.20670428253883302
0.8292767933567176	0.23668626888521746	0.20664705398483074
0.8293370846646133	0.2366285543320345	0.2065898367161529
0.8293973715897586	0.23657085035341954	0.20653263073093145
0.8294576541331088	0.23651315694771777	0.20647543602729873
0.8295179322956195	0.23645547411327428	0.2064182526033872
0.8295782060782455	0.23639780184843487	0.20636108045732984
0.8296384754819415	0.23634014015154517	0.2063039195872597
0.8296987405076616	0.23628248902095123	0.20624676999131017
0.8297590011563598	0.2362248484549994	0.20618963166761503
0.8298192574289898	0.23616721845203603	0.2061325046143081
0.8298795093265046	0.2361095990104079	0.20607538882952378
0.8299397568498572	0.23605199012846192	0.20601828431139638
0.83	0.23599439180454532	0.20596119105806077
0.8300602387778854	0.2359368040370055	0.20590410906765208
0.8301204731844649	0.23587922682419016	0.2058470383383057
0.8301807032206904	0.2358216601644472	0.20578997886815706
0.8302409288875128	0.23576410405612477	0.20573293065534223
0.8303011501858829	0.2357065584975712	0.2056758936979974
0.8303613671167511	0.23564902348713493	0.2056188679942589
0.8304215796810678	0.23559149902316512	0.2055618535422636
0.8304817878797826	0.23553398510401055	0.20550485034014837
0.8305419917138447	0.2354764817280207	0.20544785838605067
0.8306021911842034	0.23541898889354493	0.20539087767810785
0.8306623862918074	0.23536150659893326	0.20533390821445796
0.8307225770376053	0.23530403484253545	0.20527694999323895
0.8307827634225448	0.23524657362270182	0.20522000301258944
0.8308429454475738	0.23518912293778285	0.20516306727064776
0.8309031231136396	0.23513168278612923	0.2051061427655532
0.8309632964216891	0.23507425316609207	0.20504922949544488
0.8310234653726692	0.23501683407602228	0.20499232745846221
0.8310836299675262	0.23495942551427135	0.20493543665274502
0.831143790207206	0.23490202747919098	0.20487855707643343
0.8312039460926541	0.23484463996913318	0.20482168872766784
0.8312640976248162	0.23478726298244973	0.2047648316045886
0.831324244804637	0.2347298965174933	0.2047079857053369
0.8313843876330611	0.23467254057261616	0.2046511510280537
0.8314445261110329	0.23461519514617138	0.20459432757088059
0.8315046602394962	0.23455786023651198	0.20453751533195924
0.8315647900193947	0.23450053584199104	0.20448071430943163
0.8316249154516716	0.23444322196096234	0.20442392450144
0.8316850365372699	0.23438591859177943	0.20436714590612698
0.831745153277132	0.23432862573279636	0.20431037852163533
0.8318052656722005	0.2342713433823673	0.20425362234610822
0.8318653737234168	0.2342140715388467	0.20419687737768896
0.8319254774317228	0.2341568102005894	0.20414014361452118
0.8319855767980596	0.23409955936595014	0.204083421054749
0.8320456718233681	0.2340423190332841	0.20402670969651637
0.8321057625085888	0.23398508920094685	0.20397000953796807
0.8321658488546619	0.23392786986729372	0.20391332057724862
0.8322259308625273	0.23387066103068072	0.20385664281250318
0.8322860085331244	0.23381346268946393	0.20379997624187707
0.8323460818673926	0.2337562748419996	0.2037433208635158
0.8324061508662703	0.23369909748664436	0.20368667667556534
0.8324662155306966	0.23364193062175495	0.20363004367617174
0.832526275861609	0.23358477424568846	0.20357342186348146
0.8325863318599459	0.23352762835680194	0.2035168112356412
0.8326463835266446	0.23347049295345312	0.20346021179079796
0.8327064308626421	0.23341336803399962	0.20340362352709893
0.8327664738688753	0.23335625359679937	0.2033470464426917
0.8328265125462806	0.2332991496402105	0.203290480535724
0.8328865468957942	0.2332420561625915	0.203233925804344
0.8329465769183519	0.23318497316230113	0.20317738224669996
0.8330066026148892	0.23312790063769803	0.20312084986094048
0.8330666239863411	0.23307083858714142	0.2030643286452146
0.8331266410336426	0.23301378700899078	0.20300781859767136
0.8331866537577279	0.23295674590160556	0.2029513197164604
0.8332466621595312	0.2328997152633456	0.2028948319997312
0.8333066662399864	0.23284269509257088	0.20283835544563394
0.8333666660000266	0.23278568538764186	0.202781890052319
0.8334266614405853	0.23272868614691886	0.20272543581793667
0.833486652562595	0.23267169736876286	0.202668992740638
0.8335466393669884	0.2326147190515345	0.20261256081857393
0.8336066218546971	0.2325577511935953	0.20255614004989594
0.8336666000266534	0.23250079379330651	0.20249973043275568
0.8337265738837883	0.23244384684903002	0.20244333196530515
0.8337865434270333	0.2323869103591274	0.20238694464569634
0.8338465086573188	0.23232998432196114	0.20233056847208197
0.8339064695755753	0.23227306873589354	0.20227420344261482
0.8339664261827331	0.23221616359928707	0.2022178495554476
0.8340263784797217	0.2321592689105046	0.20216150680873402
0.8340863264674706	0.23210238466790925	0.2021051752006274
0.8341462701469089	0.2320455108698644	0.20204885472928177
0.8342062095189654	0.23198864751473344	0.20199254539285108
0.8342661445845684	0.23193179460088034	0.2019362471894899
0.8343260753446461	0.23187495212666884	0.20187996011735285
0.8343860018001261	0.23181812009046338	0.20182368417459493
0.834445923951936	0.23176129849062843	0.20176741935937137
0.8345058418010026	0.23170448732552848	0.2017111656698376
0.834565755348253	0.23164768659352883	0.20165492310414956
0.8346256645946133	0.23159089629299426	0.20159869166046318
0.8346855695410098	0.23153411642229033	0.20154247133693481
0.8347454701883682	0.23147734697978273	0.2014862621317211
0.834805366537614	0.23142058796383727	0.20143006404297895
0.8348652585896721	0.23136383937282	0.2013738770688654
0.8349251463454672	0.23130710120509734	0.20131770120753806
0.8349850298059242	0.2312503734590357	0.2012615364571545
0.8350449089719666	0.2311936561330019	0.20120538281587266
0.8351047838445186	0.23113694922536318	0.20114924028185097
0.8351646544245033	0.23108025273448665	0.2010931088532479
0.835224520712844	0.23102356665873966	0.2010369885282222
0.8352843827104635	0.23096689099649007	0.20098087930493297
0.835344240418284	0.23091022574610592	0.20092478118153964
0.835404093837228	0.2308535709059552	0.2008686941562017
0.8354639429682169	0.2307969264744065	0.20081261822707927
0.8355237878121724	0.23074029244982824	0.20075655339233228
0.8355836283700154	0.23068366883058952	0.20070049965012124
0.8356434646426669	0.2306270556150594	0.2006444569986071
0.8357032966310471	0.23057045280160707	0.20058842543595054
0.8357631243360765	0.23051386038860228	0.20053240496031297
0.8358229477586745	0.23045727837441476	0.20047639556985603
0.8358827668997609	0.23040070675741456	0.20042039726274147
0.8359425817602546	0.23034414553597188	0.2003644100371312
0.8360023923410745	0.2302875947084574	0.20030843389118796
0.8360621986431392	0.23023105427324161	0.20025246882307413
0.8361220006673667	0.23017452422869564	0.2001965148309527
0.8361817984146749	0.2301180045731906	0.2001405719129868
0.8362415918859812	0.23006149530509803	0.20008464006734006
0.836301381082203	0.23000499642278946	0.200028719292176
0.8363611660042568	0.22994850792463672	0.19997280958565872
0.8364209466530593	0.22989202980901213	0.19991691094595257
0.8364807230295268	0.22983556207428796	0.1998610233712221
0.8365404951345751	0.22977910471883678	0.1998051468596321
0.8366002629691195	0.2297226577410313	0.1997492814093476
0.8366600265340756	0.22966622113924479	0.19969342701853418
0.8367197858303579	0.22960979491185027	0.19963758368535728
0.8367795408588812	0.22955337905722134	0.19958175140798293
0.8368392916205596	0.229496973573732	0.19952593018457745
0.8368990381163071	0.22944057845975574	0.19947012001330708
0.8369587803470372	0.22938419371366714	0.19941432089233868
0.8370185183136631	0.22932781933384044	0.19935853281983928
0.8370782520170978	0.2292714553186504	0.19930275579397616
0.837137981458254	0.22921510166647183	0.19924698981291686
0.8371977066380437	0.22915875837567987	0.1991912348748292
0.8372574275573792	0.22910242544464984	0.1991354909778813
0.8373171442171717	0.22904610287175745	0.19907975812024165
0.8373768566183329	0.22898979065537853	0.19902403630007892
0.8374365647617735	0.22893348879388892	0.19896832551556184
0.8374962686484042	0.2288771972856652	0.19891262576485985
0.8375559682791354	0.22882091612908345	0.19885693704614216
0.8376156636548769	0.22876464532252078	0.1988012593575788
0.8376753547765388	0.22870838486435405	0.19874559269733957
0.8377350416450299	0.22865213475296053	0.19868993706359503
0.8377947242612596	0.2285958949867174	0.1986342924545154
0.8378544026261364	0.2285396655640026	0.19857865886827175
0.837914076740569	0.2284834464831939	0.1985230363030351
0.837973746605465	0.22842723774266938	0.19846742475697693
0.8380334122217323	0.22837103934080746	0.19841182422826883
0.8380930735902785	0.22831485127598675	0.19835623471508276
0.8381527307120105	0.22825867354658608	0.19830065621559095
0.8382123835878351	0.22820250615098434	0.19824508872796578
0.8382720322186588	0.2281463490875609	0.19818953225038008
0.8383316766053874	0.2280902023546953	0.19813398678100683
0.8383913167489272	0.22803406595076736	0.19807845231801946
0.8384509526501834	0.22797793987415677	0.19802292885959136
0.8385105843100611	0.2279218241232439	0.19796741640389634
0.8385702117294652	0.22786571869640926	0.1979119149491087
0.8386298349093002	0.22780962359203336	0.1978564244934027
0.8386894538504702	0.2277535388084972	0.19780094503495307
0.8387490685538792	0.2276974643441817	0.1977454765719346
0.8388086790204308	0.2276414001974685	0.19769001910252268
0.838868285251028	0.22758534636673886	0.19763457262489262
0.8389278872465737	0.22752930285037495	0.19757913713722025
0.8389874850079707	0.22747326964675843	0.19752371263768154
0.8390470785361213	0.22741724675427172	0.1974682991244527
0.8391066678319271	0.22736123417129744	0.1974128965957105
0.83916625289629	0.22730523189621826	0.19735750504963173
0.8392258337301111	0.22724923992741697	0.1973021244843933
0.8392854103342915	0.22719325826327688	0.1972467548981727
0.8393449827097318	0.22713728690218146	0.19719139628914764
0.8394045508573325	0.22708132584251428	0.19713604865549597
0.8394641147779933	0.22702537508265927	0.1970807119953959
0.8395236744726142	0.22696943462100047	0.19702538630702585
0.8395832299420946	0.2269135044559223	0.19697007158856464
0.8396427811873333	0.22685758458580924	0.19691476783819123
0.8397023282092292	0.22680167500904602	0.1968594750540848
0.8397618710086807	0.2267457757240179	0.1968041932344251
0.8398214095865859	0.22668988672910995	0.1967489223773918
0.8398809439438426	0.22663400802270775	0.196693662481165
0.8399404740813482	0.22657813960319692	0.1966384135439251
0.84	0.22652228146896342	0.19658317556385277
0.8400595217006948	0.22646643361839347	0.19652794853912886
0.840119039184329	0.22641059604987349	0.19647273246793454
0.8401785524517987	0.22635476876179003	0.19641752734845128
0.8402380615040003	0.22629895175252998	0.19636233317886073
0.8402975663418287	0.22624314502048046	0.196307149957345
0.8403570669661796	0.2261873485640288	0.19625197768208633
0.8404165633779477	0.22613156238156246	0.19619681635126712
0.8404760555780277	0.22607578647146934	0.1961416659630704
0.840535543567314	0.22602002083213732	0.19608652651567907
0.8405950273467004	0.2259642654619547	0.19603139800727643
0.8406545069170807	0.22590852035931006	0.1959762804360463
0.8407139822793481	0.22585278552259186	0.19592117380017243
0.8407734534343957	0.22579706095018917	0.195866078097839
0.8408329203831163	0.2257413466404912	0.19581099332723048
0.8408923831264022	0.22568564259188711	0.19575591948653148
0.8409518416651456	0.22562994880276677	0.19570085657392705
0.841011296000238	0.22557426527151977	0.19564580458760236
0.8410707461325712	0.2255185919965365	0.1955907635257431
0.8411301920630361	0.22546292897620684	0.19553573338653477
0.8411896337925236	0.2254072762089217	0.19548071416816365
0.8412490713219243	0.22535163369307168	0.19542570586881597
0.8413085046521281	0.2252960014270476	0.19537070848667826
0.8413679337840253	0.22524037940924088	0.19531572201993752
0.8414273587185053	0.2251847676380429	0.1952607464667808
0.841486779456457	0.22512916611184547	0.1952057818253956
0.8415461959987699	0.2250735748290403	0.19515082809396953
0.8416056083463322	0.22501799378801957	0.19509588527069055
0.8416650165000326	0.2249624229871756	0.19504095335374674
0.8417244204607587	0.2249068624249011	0.19498603234132691
0.8417838202293983	0.22485131209958878	0.19493112223161949
0.841843215806839	0.2247957720096318	0.1948762230228137
0.8419026071939675	0.22474024215342311	0.1948213347130987
0.8419619943916709	0.22468472252935656	0.1947664573006642
0.8420213774008354	0.22462921313582573	0.19471159078369984
0.8420807562223471	0.2245737139712246	0.194656735160396
0.842140130857092	0.22451822503394742	0.1946018904289429
0.8421995013059554	0.2244627463223885	0.1945470565875312
0.8422588675698226	0.22440727783494244	0.19449223363435167
0.8423182296495785	0.2243518195700043	0.1944374215675959
0.8423775875461075	0.22429637152596896	0.1943826203854549
0.842436941260294	0.22424093370123194	0.19432783008612067
0.8424962907930218	0.22418550609418875	0.19427305066778516
0.8425556361451747	0.22413008870323495	0.1942182821286405
0.8426149773176359	0.22407468152676674	0.19416352446687934
0.8426743143112884	0.22401928456318052	0.1941087776806946
0.8427336471270149	0.2239638978108725	0.1940540417682792
0.8427929757656978	0.22390852126823943	0.19399931672782647
0.8428523002282191	0.22385315493367824	0.19394460255753007
0.8429116205154606	0.22379779880558623	0.193889899255584
0.8429709366283039	0.22374245288236044	0.19383520682018218
0.84303024856763	0.22368711716239884	0.19378052524951922
0.8430895563343197	0.22363179164409908	0.19372585454178967
0.8431488599292536	0.2235764763258592	0.19367119469518862
0.8432081593533117	0.22352117120607756	0.19361654570791126
0.8432674546073743	0.2234658762831527	0.1935619075781531
0.8433267456923207	0.22341059155548323	0.1935072803041098
0.8433860326090301	0.22335531702146835	0.1934526638839776
0.8434453153583817	0.22330005267950706	0.1933980583159527
0.8435045939412541	0.22324479852799883	0.19334346359823157
0.8435638683585257	0.22318955456534345	0.1932888797290113
0.8436231386110744	0.22313432078994064	0.1932343067064888
0.843682404699778	0.22307909720019062	0.19317974452886155
0.843741666625514	0.22302388379449367	0.1931251931943272
0.8438009243891595	0.22296868057125033	0.1930706527010836
0.8438601779915912	0.22291348752886142	0.193016123047329
0.8439194274336858	0.22285830466572798	0.19296160423126182
0.8439786727163193	0.22280313198025137	0.19290709625108096
0.8440379138403677	0.2227479694708328	0.19285259910498512
0.8440971508067067	0.22269281713587422	0.19279811279117381
0.8441563836162113	0.22263767497377748	0.19274363730784652
0.8442156122697566	0.22258254298294472	0.19268917265320298
0.8442748367682174	0.22252742116177832	0.19263471882544328
0.8443340571124678	0.22247230950868085	0.19258027582276774
0.844393273303382	0.2224172080220553	0.1925258436433771
0.8444524853418338	0.22236211670030456	0.1924714222854721
0.8445116932286965	0.22230703554183212	0.192417011747254
0.8445708969648433	0.22225196454504137	0.19236261202692412
0.8446300965511471	0.22219690370833614	0.19230822312268422
0.8446892919884802	0.22214185303012018	0.1922538450327361
0.844748483277715	0.222086812508798	0.19219947775528215
0.8448076704197234	0.22203178214277394	0.19214512128852487
0.8448668534153769	0.2219767619304526	0.19209077563066693
0.8449260322655469	0.22192175187023874	0.19203644077991128
0.8449852069711044	0.2218667519605377	0.19198211673446133
0.8450443775329198	0.2218117621997548	0.19192780349252073
0.8451035439518639	0.22175678258629547	0.19187350105229314
0.8451627062288066	0.22170181311856565	0.19181920941198277
0.8452218643646175	0.2216468537949712	0.19176492856979388
0.8452810183601664	0.22159190461391848	0.19171065852393118
0.8453401682163223	0.22153696557381383	0.19165639927259945
0.845399313933954	0.22148203667306418	0.19160215081400409
0.8454584555139301	0.22142711791007624	0.19154791314635033
0.8455175929571188	0.22137220928325727	0.19149368626784397
0.8455767262643882	0.2213173107910146	0.191439470176691
0.8456358554366058	0.22126242243175592	0.19138526487109764
0.845694980474639	0.2212075442038891	0.1913310703492705
0.8457541013793548	0.22115267610582198	0.19127688660941605
0.84581321815162	0.22109781813596302	0.19122271364974172
0.8458723307923011	0.22104297029272066	0.19116855146845457
0.845931439302264	0.22098813257450362	0.19111440006376218
0.8459905436823747	0.22093330497972097	0.19106025943387256
0.8460496439334987	0.2208784875067819	0.19100612957699373
0.8461087400565013	0.22082368015409568	0.19095201049133403
0.8461678320522472	0.22076888292007207	0.19089790217510214
0.8462269199216012	0.22071409580312096	0.19084380462650713
0.8462860036654275	0.2206593188016523	0.19078971784375787
0.8463450832845902	0.2206045519140765	0.190735641825064
0.8464041587799531	0.22054979513880424	0.19068157656863535
0.8464632301523795	0.2204950484742461	0.19062752207268174
0.8465222974027323	0.22044031191881322	0.19057347833541344
0.8465813605318747	0.22038558547091672	0.19051944535504106
0.8466404195406689	0.2203308691289681	0.19046542312977532
0.8466994744299775	0.22027616289137908	0.19041141165782724
0.8467585252006619	0.22022146675656157	0.19035741093740827
0.8468175718535841	0.22016678072292759	0.1903034209667299
0.8468766143896052	0.22011210478888965	0.19024944174400404
0.8469356528095863	0.2200574389528602	0.1901954732674427
0.846994687114388	0.22000278321325212	0.1901415155352584
0.8470537173048708	0.21994813756847842	0.19008756854566383
0.8471127433818948	0.21989350201695246	0.1900336322968718
0.8471717653463199	0.21983887655708748	0.18997970678709541
0.8472307831990054	0.2197842611872974	0.18992579201454834
0.8472897969408105	0.21972965590599622	0.18987188797744428
0.8473488065725945	0.21967506071159787	0.18981799467399707
0.8474078120952154	0.21962047560251693	0.18976411210242117
0.8474668135095321	0.219565900577168	0.18971024026093097
0.8475258108164022	0.2195113356339658	0.1896563791477412
0.8475848040166837	0.21945678077132544	0.18960252876106704
0.8476437931112337	0.21940223598766237	0.1895486890991239
0.8477027781009097	0.21934770128139194	0.18949486016012715
0.8477617589865681	0.21929317665092996	0.1894410419422928
0.8478207357690657	0.21923866209469228	0.18938723444383687
0.8478797084492588	0.21918415761109525	0.18933343766297583
0.847938677028003	0.2191296631985553	0.18927965159792637
0.8479976415061542	0.21907517885548902	0.18922587624690534
0.8480566018845676	0.21902070458031322	0.1891721116081299
0.8481155581640983	0.21896624037144508	0.1891183576798176
0.848174510345601	0.2189117862273019	0.1890646144601862
0.8482334584299301	0.21885734214630118	0.18901088194745347
0.8482924024179399	0.21880290812686085	0.18895716013983793
0.848351342310484	0.21874848416739864	0.1889034490355578
0.8484102781084162	0.21869407026633295	0.18884974863283216
0.8484692098125894	0.21863966642208219	0.18879605892987986
0.8485281374238571	0.21858527263306504	0.18874237992492035
0.8485870609430713	0.21853088889770061	0.18868871161617323
0.8486459803710851	0.2184765152144076	0.1886350540018582
0.8487048957087499	0.21842215158160574	0.18858140708019552
0.8487638069569178	0.21836779799771433	0.18852777084940547
0.8488227141164403	0.21831345446115336	0.18847414530770878
0.8488816171881683	0.2182591209703427	0.18842053045332632
0.8489405161729531	0.21820479752370275	0.18836692628447926
0.848999411071645	0.21815048411965385	0.18831333279938903
0.8490583018850943	0.2180961807566167	0.18825974999627743
0.8491171886141512	0.21804188743301242	0.18820617787336638
0.8491760712596652	0.21798760414726195	0.1881526164288781
0.8492349498224858	0.21793333089778677	0.18809906566103513
0.8492938243034621	0.21787906768300833	0.1880455255680602
0.8493526947034429	0.21782481450134863	0.18799199614817635
0.8494115610232769	0.21777057135122968	0.187938477399607
0.8494704232638121	0.21771633823107364	0.18788496932057552
0.8495292814258965	0.21766211513930311	0.1878314719093059
0.8495881355103778	0.21760790207434083	0.18777798516402228
0.8496469855181032	0.2175536990346097	0.1877245090829489
0.8497058314499202	0.21749950601853282	0.18767104366431037
0.8497646733066749	0.2174453230245338	0.18761758890633182
0.8498235110892144	0.217391150051036	0.18756414480723807
0.8498823447983844	0.2173369870964634	0.18751071136525485
0.8499411744350311	0.21728283415924002	0.18745728857860755
0.85	0.21722869123779026	0.1874038764455225
0.8500588214941364	0.2171745583305385	0.18735047496422555
0.8501176389182853	0.21712043543590964	0.18729708413294352
0.8501764522732913	0.21706632255232838	0.1872437039499028
0.8502352615599991	0.21701221967822015	0.1871903344133307
0.8502940667792526	0.21695812681201024	0.1871369755214544
0.8503528679318957	0.2169040439521244	0.18708362727250144
0.850411665018772	0.21684997109698834	0.18703028966469956
0.8504704580407247	0.21679590824502834	0.18697696269627703
0.8505292469985967	0.2167418553946705	0.186923646365462
0.850588031893231	0.21668781254434152	0.18687034067048322
0.8506468127254695	0.21663377969246814	0.18681704560956944
0.8507055894961547	0.21657975683747724	0.18676376118094987
0.8507643622061282	0.21652574397779603	0.1867104873828538
0.8508231308562315	0.2164717411118521	0.1866572242135111
0.850881895447306	0.21641774823807292	0.18660397167115148
0.8509406559801923	0.21636376535488652	0.18655072975400525
0.8509994124557314	0.21630979246072093	0.1864974984603029
0.8510581648747634	0.2162558295540045	0.186444277788275
0.8511169132381285	0.21620187663316567	0.18639106773615266
0.8511756575466665	0.21614793369663338	0.18633786830216717
0.8512343978012167	0.2160940007428365	0.1862846794845499
0.8512931340026184	0.21604007777020423	0.18623150128153262
0.8513518661517105	0.2159861647771662	0.1861783336913476
0.8514105942493316	0.215932261762152	0.18612517671222698
0.85146931829632	0.21587836872359137	0.18607203034240324
0.8515280382935139	0.21582448565991458	0.1860188945801094
0.8515867542417507	0.2157706125695519	0.18596576942357845
0.8516454661418682	0.21571674945093405	0.18591265487104391
0.8517041739947033	0.2156628963024916	0.18585955092073914
0.8517628778010932	0.21560905312265566	0.18580645757089828
0.8518215775618742	0.21555521990985752	0.18575337481975535
0.8518802732778826	0.2155013966625285	0.18570030266554474
0.8519389649499546	0.21544758337910033	0.18564724110650124
0.8519976525789258	0.21539378005800508	0.18559419014085984
0.8520563361656318	0.21533998669767462	0.1855411497668555
0.8521150157109074	0.2152862032965414	0.18548811998272394
0.8521736912155878	0.21523242985303806	0.1854351007867008
0.8522323626805074	0.2151786663655974	0.18538209217702215
0.8522910301065006	0.2151249128326523	0.18532909415192408
0.8523496934944014	0.21507116925263609	0.18527610670964334
0.8524083528450435	0.21501743562398232	0.18522312984841657
0.8524670081592601	0.21496371194512448	0.18517016356648083
0.8525256594378846	0.21490999821449663	0.18511720786207356
0.8525843066817499	0.21485629443053292	0.1850642627334322
0.8526429498916882	0.21480260059166775	0.18501132817879481
0.8527015890685323	0.21474891669633545	0.18495840419639917
0.8527602242131137	0.2146952427429711	0.18490549078448398
0.8528188553262644	0.21464157873000955	0.18485258794128762
0.8528774824088158	0.21458792465588622	0.18479969566504917
0.852936105461599	0.21453428051903645	0.18474681395400774
0.8529947244854449	0.21448064631789593	0.18469394280640267
0.8530533394811839	0.21442702205090067	0.18464108222047376
0.8531119504496465	0.21437340771648666	0.18458823219446088
0.8531705573916625	0.2143198033130905	0.18453539272660435
0.8532291603080617	0.2142662088391486	0.18448256381514455
0.8532877591996735	0.2142126242930979	0.18442974545832228
0.8533463540673272	0.21415904967337518	0.18437693765437846
0.8534049449118513	0.21410548497841797	0.18432414040155448
0.8534635317340747	0.2140519302066637	0.1842713536980918
0.8535221145348256	0.21399838535654991	0.1842185775422322
0.853580693314932	0.21394485042651468	0.18416581193221773
0.8536392680752216	0.21389132541499606	0.1841130568662907
0.8536978388165218	0.2138378103204326	0.18406031234269385
0.8537564055396598	0.21378430514126265	0.18400757835966983
0.8538149682454624	0.2137308098759252	0.18395485491546182
0.8538735269347564	0.21367732452285915	0.18390214200831315
0.8539320816083678	0.21362384908050386	0.18384943963646758
0.8539906322671227	0.2135703835472988	0.18379674779816882
0.854049178911847	0.21351692792168367	0.18374406649166117
0.854107721543366	0.21346348220209838	0.18369139571518897
0.8541662601625049	0.213410046386983	0.18363873546699694
0.8542247947700886	0.21335662047477796	0.18358608574532997
0.8542833253669417	0.21330320446392398	0.18353344654843334
0.8543418519538886	0.21324979835286173	0.18348081787455253
0.8544003745317532	0.21319640214003227	0.18342819972193325
0.8544588931013591	0.2131430158238768	0.18337559208882132
0.8545174076635303	0.21308963940283704	0.18332299497346335
0.8545759182190895	0.21303627287535434	0.1832704083741055
0.8546344247688599	0.2129829162398709	0.18321783228899474
0.8546929273136639	0.21292956949482886	0.18316526671637823
0.8547514258543241	0.21287623263867034	0.18311271165450296
0.8548099203916623	0.21282290566983816	0.1830601671016167
0.8548684109265005	0.21276958858677508	0.18300763305596726
0.85492689745966	0.21271628138792414	0.18295510951580268
0.8549853799919622	0.21266298407172862	0.1829025964793714
0.855043858524228	0.21260969663663187	0.1828500939449219
0.855102333057278	0.21255641908107775	0.18279760191070324
0.8551608035919327	0.2125031514035101	0.18274512037496435
0.855219270129012	0.21244989360237307	0.18269264933595483
0.8552777326693359	0.2123966456761111	0.1826401887919242
0.8553361912137238	0.21234340762316858	0.18258773874112239
0.8553946457629952	0.21229017944199052	0.18253529918179964
0.8554530963179688	0.21223696113102186	0.18248287011220637
0.8555115428794634	0.21218375268870784	0.1824304515305933
0.8555699854482975	0.21213055411349405	0.18237804343521144
0.8556284240252892	0.2120773654038261	0.18232564582431202
0.8556868586112563	0.21202418655814986	0.18227325869614636
0.8557452892070163	0.21197101757491157	0.1822208820489665
0.8558037158133868	0.21191785845255748	0.18216851588102417
0.8558621384311844	0.2118647091895343	0.1821161601905719
0.8559205570612264	0.21181156978428872	0.182063814975862
0.8559789717043287	0.21175844023526777	0.18201148023514743
0.8560373823613079	0.21170532054091878	0.18195915596668122
0.8560957890329797	0.21165221069968912	0.1819068421687166
0.8561541917201597	0.21159911071002663	0.18185453883950733
0.8562125904236635	0.21154602057037902	0.1818022459773071
0.8562709851443058	0.21149294027919452	0.18174996358037007
0.8563293758829018	0.21143986983492158	0.1816976916469506
0.8563877626402656	0.21138680923600855	0.18164543017530335
0.8564461454172119	0.21133375848090438	0.18159317916368317
0.8565045242145543	0.21128071756805805	0.18154093861034518
0.8565628990331067	0.2112276864959188	0.18148870851354493
0.8566212698736823	0.21117466526293607	0.18143648887153788
0.8566796367370944	0.2111216538675596	0.1813842796825802
0.8567379996241558	0.21106865230823915	0.18133208094492786
0.8567963585356791	0.21101566058342505	0.18127989265683755
0.8568547134724767	0.21096267869156743	0.18122771481656577
0.8569130644353603	0.2109097066311171	0.1811755474223697
0.856971411425142	0.2108567444005245	0.18112339047250628
0.8570297544426331	0.21080379199824087	0.18107124396523328
0.8570880934886449	0.21075084942271735	0.18101910789880835
0.8571464285639881	0.21069791667240545	0.18096698227148952
0.8572047596694736	0.21064499374575685	0.18091486708153506
0.8572630868059117	0.21059208064122334	0.18086276232720355
0.8573214099741123	0.21053917735725716	0.18081066800675386
0.8573797291748856	0.2104862838923105	0.18075858411844484
0.8574380444090407	0.21043340024483592	0.18070651066053592
0.8574963556773871	0.21038052641328628	0.18065444763128677
0.8575546629807338	0.21032766239611453	0.1806023950289571
0.8576129663198896	0.21027480819177383	0.180550352851807
0.8576712656956627	0.2102219637987177	0.180498321098097
0.8577295611088614	0.2101691292153997	0.18044629976608761
0.8577878525602937	0.21011630444027382	0.1803942888540397
0.8578461400507669	0.21006348947179404	0.1803422883602145
0.8579044235810886	0.2100106843084147	0.18029029828287324
0.8579627031520659	0.2099578889485904	0.18023831862027784
0.8580209787645056	0.20990510339077578	0.18018634937068995
0.8580792504192138	0.2098523276334259	0.18013439053237193
0.8581375181169975	0.20979956167499597	0.18008244210358623
0.858195781858662	0.20974680551394131	0.1800305040825954
0.8582540416450132	0.20969405914871764	0.1799785764676626
0.8583122974768567	0.20964132257778076	0.17992665925705092
0.8583705493549973	0.2095885957995868	0.17987475244902393
0.8584287972802404	0.20953587881259195	0.17982285604184525
0.8584870412533901	0.20948317161525276	0.17977097003377893
0.8585452812752511	0.20943047420602606	0.1797190944230893
0.8586035173466272	0.2093777865833688	0.17966722920804096
0.8586617494683224	0.209325108745738	0.1796153743868984
0.8587199776411399	0.20927244069159123	0.17956352995792696
0.8587782018658834	0.209219782419386	0.17951169591939176
0.8588364221433555	0.20916713392758018	0.17945987226955842
0.8588946384743591	0.20911449521463182	0.17940805900669277
0.8589528508596965	0.20906186627899914	0.1793562561290609
0.8590110593001699	0.20900924711914082	0.17930446363492916
0.8590692637965812	0.20895663773351533	0.17925268152256404
0.859127464349732	0.20890403812058178	0.17920090979023254
0.8591856609604237	0.20885144827879923	0.1791491484362017
0.8592438536294571	0.2087988682066271	0.17909739745873893
0.8593020423576334	0.20874629790252489	0.17904565685611176
0.8593602271457529	0.20869373736495253	0.1789939266265882
0.8594184079946159	0.20864118659237013	0.17894220676843645
0.8594765849050223	0.20858864558323767	0.17889049727992476
0.8595347578777719	0.20853611433601582	0.1788387981593219
0.8595929269136642	0.2084835928491652	0.1787871094048968
0.8596510920134982	0.20843108112114683	0.17873543101491876
0.859709253178073	0.20837857915042174	0.17868376298765698
0.859767410408187	0.20832608693545124	0.1786321053213814
0.8598255637046389	0.20827360447469706	0.17858045801436187
0.8598837130682264	0.2082211317666208	0.17852882106486861
0.8599418584997477	0.20816866880968457	0.1784771944711721
0.86	0.20811621560235055	0.17842557823154317
0.8600581375697808	0.20806377214308128	0.17837397234425278
0.8601162712098871	0.20801133843033937	0.17832237680757218
0.8601744009211155	0.20795891446258763	0.17827079161977294
0.8602325267042626	0.2079065002382893	0.1782192167791267
0.8602906485601247	0.2078540957559076	0.17816765228390563
0.8603487664894977	0.2078017010139061	0.17811609813238197
0.8604068804931769	0.20774931601074853	0.1780645543228283
0.8604649905719581	0.20769694074489906	0.17801302085351753
0.8605230967266364	0.20764457521482163	0.1779614977227225
0.8605811989580066	0.20759221941898068	0.17790998492871665
0.8606392972668632	0.20753987335584104	0.17785848246977365
0.8606973916540005	0.20748753702386755	0.17780699034416736
0.8607554821202128	0.2074352104215251	0.17775550855017172
0.8608135686662938	0.20738289354727912	0.17770403708606128
0.8608716512930368	0.20733058639959506	0.17765257595011047
0.8609297300012353	0.2072782889769387	0.1776011251405943
0.8609878047916824	0.20722600127777593	0.17754968465578788
0.8610458756651703	0.2071737233005731	0.17749825449396672
0.861103942622492	0.20712145504379634	0.1774468346534062
0.8611620056644395	0.20706919650591235	0.17739542513238243
0.8612200647918046	0.20701694768538811	0.17734402592917164
0.861278120005379	0.20696470858069047	0.1772926370420501
0.8613361713059542	0.20691247919028677	0.1772412584692946
0.8613942186943212	0.20686025951264447	0.177189890209182
0.8614522621712709	0.20680804954623136	0.1771385322599896
0.8615103017375938	0.20675584928951524	0.17708718461999481
0.8615683373940805	0.2067036587409643	0.17703584728747535
0.8616263691415207	0.20665147789904684	0.17698452026070915
0.8616843969807043	0.20659930676223162	0.1769332035379746
0.8617424209124209	0.20654714532898724	0.17688189711755004
0.8618004409374598	0.20649499359778273	0.17683060099771428
0.8618584570566098	0.20644285156708747	0.17677931517674636
0.8619164692706597	0.20639071923537072	0.17672803965292547
0.8619744775803979	0.20633859660110224	0.17667677442453114
0.8620324819866129	0.2062864836627519	0.1766255194898432
0.8620904824900922	0.2062343804187899	0.17657427484714172
0.8621484790916238	0.2061822868676864	0.17652304049470688
0.8622064717919948	0.20613020300791202	0.1764718164308193
0.8622644605919927	0.20607812883793758	0.1764206026537599
0.862322445492404	0.2060260643562339	0.17636939916180946
0.8623804264940155	0.20597400956127232	0.17631820595324962
0.8624384035976135	0.20592196445152422	0.17626702302636182
0.862496376803984	0.2058699290254611	0.1762158503794278
0.862554346113913	0.205817903281555	0.17616468801072985
0.8626123115281858	0.2057658872182779	0.17611353591855022
0.8626702730475879	0.2057138808341021	0.17606239410117155
0.8627282306729043	0.2056618841275001	0.1760112625568767
0.8627861844049197	0.20560989709694458	0.17596014128394877
0.8628441342444185	0.20555791974090853	0.17590903028067117
0.862902080192185	0.20550595205786512	0.17585792954532758
0.8629600222490031	0.20545399404628767	0.17580683907620184
0.8630179604156567	0.20540204570464982	0.17575575887157815
0.8630758946929291	0.20535010703142537	0.17570468892974087
0.8631338250816034	0.20529817802508835	0.1756536292489747
0.8631917515824626	0.2052462586841129	0.17560257982756453
0.8632496741962895	0.20519434900697373	0.17555154066379564
0.8633075929238663	0.2051424489921452	0.17550051175595333
0.8633655077659751	0.20509055863810244	0.17544949310232333
0.8634234187233979	0.2050386779433206	0.17539848470119174
0.8634813257969162	0.20498680690627477	0.17534748655084453
0.8635392289873113	0.20493494552544073	0.17529649864956834
0.8635971282953644	0.2048830937992941	0.17524552099564983
0.8636550237218562	0.204831251726311	0.175194553587376
0.8637129152675673	0.2047794193049676	0.1751435964230341
0.8637708029332781	0.20472759653374026	0.17509264950091155
0.8638286867197685	0.2046757834111056	0.17504171281929615
0.8638865666278183	0.20462397993554066	0.17499078637647603
0.8639444426582071	0.20457218610552225	0.17493987017073914
0.864002314811714	0.20452040191952775	0.17488896420037425
0.8640601830891179	0.2044686273760349	0.17483806846367012
0.8641180474911978	0.20441686247352112	0.1747871829589156
0.864175908018732	0.2043651072104645	0.17473630768440018
0.8642337646724988	0.2043133615853431	0.1746854426384133
0.864291617453276	0.20426162559663544	0.1746345878192448
0.8643494663618414	0.20420989924282001	0.17458374322518466
0.8644073113989723	0.20415818252237564	0.17453290885452327
0.8644651525654461	0.2041064754337815	0.1744820847055512
0.8645229898620395	0.2040547779755165	0.17443127077655918
0.8645808232895291	0.2040030901460604	0.17438046706583837
0.8646386528486915	0.20395141194389274	0.17432967357168005
0.8646964785403026	0.20389974336749359	0.17427889029237598
0.8647543003651385	0.20384808441534288	0.17422811722621778
0.8648121183239744	0.203796435085921	0.17417735437149767
0.8648699324175861	0.20374479537770845	0.17412660172650796
0.8649277426467485	0.20369316528918618	0.1740758592895414
0.8649855490122363	0.20364154481883492	0.17402512705889064
0.8650433515148244	0.20358993396513606	0.173974405032849
0.8651011501552868	0.20353833272657088	0.17392369320970966
0.8651589449343976	0.203486741101621	0.1738729915877664
0.8652167358529307	0.20343515908876847	0.17382230016531316
0.8652745229116595	0.20338358668649512	0.17377161894064397
0.8653323061113575	0.20333202389328345	0.17372094791205336
0.8653900854527974	0.2032804707076157	0.1736702870778358
0.8654478609367522	0.2032289271279748	0.17361963643628628
0.8655056325639944	0.20317739315284358	0.1735689959857001
0.865563400335296	0.20312586878070532	0.1735183657243726
0.8656211642514293	0.20307435401004315	0.1734677456505994
0.865678924313166	0.20302284883934085	0.17341713576267648
0.8657366805212773	0.20297135326708224	0.17336653605890012
0.8657944328765346	0.20291986729175102	0.17331594653756657
0.8658521813797088	0.20286839091183184	0.17326536719697275
0.8659099260315706	0.20281692412580887	0.17321479803541545
0.8659676668328905	0.20276546693216693	0.17316423905119202
0.8660254037844386	0.20271401932939073	0.17311369024259976
0.866083136886985	0.20266258131596557	0.17306315160793662
0.8661408661412991	0.2026111528903765	0.17301262314550026
0.8661985915481507	0.2025597340511093	0.1729621048535892
0.8662563131083085	0.20250832479664957	0.1729115967305018
0.8663140308225419	0.20245692512548338	0.17286109877453687
0.8663717446916192	0.2024055350360968	0.17281061098399336
0.8664294547163087	0.20235415452697625	0.1727601333571705
0.8664871608973788	0.20230278359660833	0.1727096658923678
0.8665448632355973	0.20225142224347992	0.17265920858788505
0.8666025617317318	0.20220007046607805	0.1726087614420223
0.8666602563865496	0.20214872826288993	0.17255832445307978
0.8667179472008181	0.2020973956324031	0.17250789761935806
0.8667756341753038	0.2020460725731052	0.17245748093915783
0.8668333173107735	0.20199475908348408	0.17240707441078015
0.8668909966079934	0.20194345516202797	0.17235667803252638
0.8669486720677297	0.2018921608072252	0.172306291802698
0.8670063436907484	0.20184087601756423	0.1722559157195969
0.8670640114778148	0.20178960079153388	0.17220554978152497
0.8671216754296942	0.2017383351276232	0.1721551939867847
0.867179335547152	0.20168707902432126	0.17210484833367848
0.8672369918309527	0.20163583248011757	0.1720545128205093
0.8672946442818611	0.20158459549350172	0.17200418744558005
0.8673522929006414	0.20153336806296357	0.1719538722071942
0.8674099376880576	0.20148215018699314	0.17190356710365526
0.8674675786448737	0.20143094186408075	0.17185327213326704
0.8675252157718529	0.20137974309271697	0.17180298729433371
0.8675828490697589	0.20132855387139234	0.17175271258515956
0.8676404785393544	0.20127737419859795	0.17170244800404927
0.8676981041814025	0.20122620407282482	0.17165219354930747
0.8677557259966655	0.20117504349256446	0.17160194921923957
0.8678133439859057	0.2011238924563082	0.1715517150121507
0.8678709581498854	0.20107275096254798	0.17150149092634653
0.867928568489366	0.20102161900977583	0.171451276960133
0.8679861750051092	0.20097049659648386	0.1714010731118161
0.8680437776978763	0.20091938372116466	0.17135087937970234
0.8681013765684282	0.2008682803823107	0.1713006957620982
0.8681589716175259	0.20081718657841496	0.17125052225731074
0.8682165628459296	0.2007661023079704	0.1712003588636469
0.8682741502543998	0.20071502756947052	0.17115020557941427
0.8683317338436964	0.20066396236140857	0.17110006240292033
0.8683893136145792	0.20061290668227844	0.171049929332473
0.8684468895678077	0.20056186053057412	0.1709998063663806
0.8685044617041412	0.20051082390478953	0.17094969350295122
0.8685620300243385	0.20045979680341927	0.17089959074049382
0.8686195945291587	0.2004087792249578	0.17084949807731714
0.86867715521936	0.20035777116790005	0.17079941551173045
0.8687347120957007	0.20030677263074081	0.1707493430420431
0.8687922651589389	0.2002557836119756	0.17069928066656484
0.8688498144098323	0.20020480411009958	0.17064922838360538
0.8689073598491384	0.20015383412360868	0.1705991861914752
0.8689649014776143	0.20010287365099844	0.1705491540884845
0.8690224392960173	0.20005192269076522	0.170499132072944
0.8690799733051038	0.20000098124140525	0.17044912014316477
0.8691375035056306	0.19995004930141508	0.1703991182974579
0.8691950298983537	0.19989912686929132	0.17034912653413486
0.8692525524840292	0.199848213943531	0.17029914485150727
0.8693100712634129	0.19979731052263136	0.17024917324788721
0.8693675862372602	0.19974641660508957	0.17019921172158678
0.8694250974063263	0.19969553218940342	0.17014926027091845
0.8694826047713663	0.19964465727407057	0.17009931889419494
0.8695401083331349	0.19959379185758921	0.17004938758972932
0.8695976080923866	0.19954293593845746	0.16999946635583468
0.8696551040498757	0.1994920895151737	0.16994955519082444
0.869712596206356	0.19944125258623677	0.1698996540930125
0.8697700845625814	0.19939042515014543	0.16984976306071276
0.8698275691193054	0.1993396072053988	0.16979988209223937
0.8698850498772812	0.19928879875049615	0.16975001118590685
0.8699425268372618	0.1992379997839372	0.16970015034003005
0.87	0.19918721030422132	0.1696502995529237
0.8700574693662483	0.19913643030984876	0.16960045882290328
0.8701149349367588	0.1990856597993196	0.16955062814828414
0.8701723967122837	0.19903489877113417	0.16950080752738209
0.8702298546935746	0.19898414722379315	0.16945099695851315
0.8702873088813832	0.19893340515579722	0.16940119643999343
0.8703447592764605	0.19888267256564762	0.16935140597013965
0.8704022058795577	0.19883194945184532	0.16930162554726835
0.8704596486914256	0.1987812358128919	0.16925185516969662
0.8705170877128146	0.198730531647289	0.16920209483574167
0.8705745229444749	0.19867983695353864	0.16915234454372124
0.8706319543871567	0.1986291517301427	0.16910260429195273
0.8706893820416096	0.19857847597560357	0.1690528740787544
0.8707468059085832	0.1985278096884238	0.1690031539024445
0.870804225988827	0.19847715286710607	0.16895344376134142
0.8708616422830896	0.1984265055101534	0.16890374365376407
0.8709190547921202	0.19837586761606885	0.16885405357803135
0.870976463516667	0.19832523918335593	0.16880437353246275
0.8710338684574785	0.19827462021051803	0.16875470351537747
0.8710912696153027	0.19822401069605916	0.16870504352509558
0.8711486669908874	0.19817341063848323	0.16865539355993697
0.8712060605849801	0.1981228200362945	0.16860575361822194
0.8712634503983281	0.19807223888799738	0.168556123698271
0.8713208364316787	0.19802166719209652	0.16850650379840493
0.8713782186857782	0.1979711049470969	0.16845689391694496
0.8714355971613738	0.19792055215150345	0.16840729405221214
0.8714929718592113	0.19787000880382155	0.16835770420252807
0.8715503427800371	0.19781947490255672	0.1683081243662146
0.8716077099245968	0.19776895044621473	0.1682585545415938
0.8716650732936361	0.19771843543330145	0.16820899472698791
0.8717224328879004	0.19766792986232304	0.16815944492071946
0.8717797887081347	0.19761743373178584	0.16810990512111135
0.8718371407550839	0.19756694704019648	0.1680603753264865
0.8718944890294926	0.1975164697860617	0.16801085553516823
0.8719518335321051	0.19746600196788852	0.16796134574548016
0.8720091742636656	0.19741554358418428	0.16791184595574613
0.8720665112249181	0.19736509463345622	0.1678623561642901
0.8721238444166057	0.19731465511421217	0.16781287636943648
0.8721811738394725	0.1972642250249598	0.1677634065695097
0.872238499494261	0.19721380436420735	0.1677139467628347
0.8722958213817146	0.19716339313046294	0.1676644969477364
0.8723531395025755	0.19711299132223525	0.16761505712254032
0.8724104538575864	0.19706259893803288	0.1675656272855718
0.8724677644474895	0.1970122159763648	0.16751620743515686
0.8725250712730265	0.19696184243574005	0.16746679756962138
0.8725823743349392	0.19691147831466818	0.16741739768729186
0.872639673633969	0.19686112361165856	0.16736800778649474
0.8726969691708572	0.19681077832522112	0.16731862786555685
0.8727542609463446	0.19676044245386573	0.16726925792280542
0.8728115489611719	0.1967101159961026	0.1672198979565675
0.8728688332160796	0.19665979895044222	0.16717054796517092
0.8729261137118078	0.19660949131539515	0.1671212079469433
0.8729833904490968	0.19655919308947234	0.16707187790021288
0.8730406634286859	0.1965089042711847	0.1670225578233079
0.873097932651315	0.19645862485904358	0.16697324771455693
0.8731551981177229	0.1964083548515605	0.16692394757228893
0.873212459828649	0.19635809424724698	0.1668746573948327
0.8732697177848319	0.1963078430446152	0.1668253771805179
0.8733269719870101	0.196257601242177	0.16677610692767386
0.873384222435922	0.1962073688384449	0.1667268466346305
0.8734414691323054	0.1961571458319313	0.1666775962997179
0.8734987120768982	0.1961069322211491	0.16662835592126646
0.8735559512704381	0.19605672800461119	0.16657912549760664
0.8736131867136623	0.1960065331808308	0.16652990502706938
0.8736704184073076	0.1959563477483213	0.1664806945079857
0.8737276463521113	0.19590617170559615	0.16643149393868686
0.8737848705488096	0.19585600505116948	0.1663823033175047
0.8738420909981391	0.19580584778355506	0.16633312264277075
0.8738993077008357	0.19575569990126723	0.16628395191281728
0.8739565206576355	0.19570556140282047	0.16623479112597664
0.8740137298692738	0.1956554322867294	0.16618564028058128
0.8740709353364863	0.19560531255150887	0.16613649937496408
0.874128137060008	0.19555520219567402	0.16608736840745814
0.8741853350405736	0.1955051012177402	0.16603824737639689
0.8742425292789182	0.19545500961622284	0.16598913628011372
0.8742997197757757	0.19540492738963774	0.16594003511694266
0.8743569065318808	0.1953548545365008	0.16589094388521775
0.874414089547967	0.1953047910553282	0.16584186258327316
0.8744712688247682	0.19525473694463627	0.16579279120944365
0.8745284443630179	0.19520469220294162	0.16574372976206408
0.8745856161634492	0.19515465682876107	0.1656946782394694
0.8746427842267951	0.19510463082061152	0.16564563663999504
0.8746999485537884	0.19505461417701025	0.16559660496197648
0.8747571091451616	0.19500460689647467	0.16554758320374968
0.8748142660016468	0.19495460897752256	0.16549857136365076
0.8748714191239763	0.19490462041867154	0.16544956944001588
0.8749285685128815	0.19485464121843984	0.16540057743118175
0.8749857141690943	0.1948046713753456	0.16535159533548513
0.8750428560933459	0.19475471088790736	0.16530262315126312
0.8750999942863673	0.1947047597546439	0.1652536608768531
0.8751571287488893	0.19465481797407405	0.16520470851059268
0.8752142594816426	0.1946048855447169	0.16515576605081952
0.8752713864853575	0.1945549624650918	0.16510683349587185
0.875328509760764	0.1945050487337184	0.16505791084408802
0.8753856293085922	0.19445514434911632	0.1650089980938065
0.8754427451295715	0.1944052493098056	0.1649600952433662
0.8754998572244316	0.19435536361430636	0.16491120229110612
0.8755569655939013	0.19430548726113914	0.16486231923536576
0.8756140702387097	0.19425562024882434	0.1648134460744845
0.8756711711595854	0.19420576257588293	0.16476458280680226
0.875728268357257	0.1941559142408358	0.1647157294306591
0.8757853618324527	0.19410607524220436	0.16466688594439538
0.8758424515859002	0.1940562455785099	0.16461805234635157
0.8758995376183276	0.1940064252482741	0.1645692286348686
0.875956619930462	0.19395661425001898	0.16452041480828755
0.8760136985230311	0.1939068125822664	0.16447161086494957
0.8760707733967615	0.19385702024353885	0.16442281680319645
0.8761278445523805	0.1938072372323587	0.1643740326213699
0.876184911990614	0.19375746354724882	0.16432525831781203
0.8762419757121888	0.19370769918673195	0.16427649389086507
0.8762990357178307	0.19365794414933127	0.16422773933887164
0.8763560920082658	0.19360819843357022	0.16417899466017452
0.8764131445842195	0.19355846203797242	0.16413025985311694
0.8764701934464172	0.19350873496106144	0.164081534916042
0.8765272385955841	0.1934590172013613	0.16403281984729334
0.876584280032445	0.1934093087573964	0.1639841146452148
0.8766413177577247	0.19335960962769094	0.16393541930815037
0.8766983517721474	0.19330991981076961	0.16388673383444446
0.8767553820764376	0.1932602393051572	0.1638380582224415
0.8768124086713189	0.19321056810937887	0.1637893924704864
0.8768694315575153	0.19316090622195964	0.1637407365769241
0.8769264507357502	0.19311125364142517	0.1636920905401
0.8769834662067467	0.1930616103663011	0.16364345435835967
0.877040477971228	0.1930119763951132	0.16359482803004874
0.8770974860299168	0.1929623517263877	0.16354621155351345
0.8771544903835357	0.19291273635865086	0.16349760492709997
0.8772114910328067	0.19286313029042915	0.16344900814915492
0.8772684879784524	0.19281353352024933	0.163400421218025
0.8773254812211941	0.19276394604663824	0.16335184413205728
0.8773824707617539	0.1927143678681232	0.16330327688959909
0.8774394566008529	0.19266479898323155	0.163254719488998
0.8774964387392122	0.19261523939049066	0.16320617192860168
0.8775534171775528	0.1925656890884285	0.16315763420675822
0.8776103919165953	0.19251614807557307	0.16310910632181597
0.8776673629570603	0.1924666163504524	0.16306058827212325
0.8777243302996676	0.19241709391159506	0.16301208005602907
0.8777812939451376	0.1923675807575296	0.1629635816718823
0.8778382538941898	0.19231807688678484	0.1629150931180323
0.8778952101475438	0.1922685822978898	0.16286661439282848
0.8779521627059187	0.1922190969893739	0.1628181454946208
0.8780091115700338	0.1921696209597664	0.162769686421759
0.8780660567406077	0.19212015420759698	0.1627212371725935
0.8781229982183589	0.19207069673139573	0.16267279774547494
0.8781799360040059	0.1920212485296925	0.16262436813875383
0.8782368700982668	0.19197180960101776	0.1625759483507813
0.8782938005018595	0.1919223799439019	0.16252753837990858
0.8783507272155013	0.19187295955687567	0.16247913822448712
0.87840765023991	0.1918235484384702	0.16243074788286882
0.8784645695758025	0.1917741465872163	0.16238236735340558
0.878521485223896	0.19172475400164554	0.16233399663444956
0.8785783971849068	0.19167537068028956	0.16228563572435342
0.8786353054595518	0.19162599662167992	0.16223728462146975
0.8786922100485471	0.19157663182434864	0.1621889433241516
0.8787491109526085	0.19152727628682814	0.16214061183075226
0.8788060081724521	0.19147793000765048	0.16209229013962506
0.8788629017087932	0.19142859298534853	0.16204397824912384
0.8789197915623473	0.19137926521845505	0.16199567615760257
0.8789766777338293	0.19132994670550307	0.16194738386341548
0.8790335602239542	0.19128063744502577	0.16189910136491692
0.8790904390334364	0.1912313374355567	0.16185082866046177
0.8791473141629905	0.1911820466756295	0.1618025657484049
0.8792041856133307	0.19113276516377797	0.16175431262710147
0.8792610533851707	0.19108349289853624	0.16170606929490702
0.8793179174792244	0.19103422987843863	0.1616578357501773
0.8793747778962051	0.19098497610201964	0.1616096119912682
0.8794316346368262	0.19093573156781388	0.16156139801653582
0.8794884877018004	0.19088649627435647	0.1615131938243368
0.8795453370918409	0.19083727022018238	0.16146499941302767
0.8796021828076599	0.19078805340382707	0.1614168147809655
0.8796590248499699	0.19073884582382591	0.16136863992650735
0.8797158632194829	0.1906896474787149	0.16132047484801074
0.8797726979169108	0.19064045836702978	0.16127231954383328
0.8798295289429652	0.19059127848730675	0.16122417401233288
0.8798863562983574	0.1905421078380824	0.16117603825186785
0.8799431799837987	0.19049294641789316	0.16112791226079648
0.88	0.19044379422527594	0.16107979603747755
0.880056816347672	0.1903946512587676	0.16103168958026984
0.880113629027525	0.1903455175169056	0.1609835928875326
0.8801704380402696	0.19029639299822715	0.16093550595762515
0.8802272433866154	0.19024727770126992	0.1608874287889072
0.8802840450672726	0.1901981716245719	0.16083936137973864
0.8803408430829505	0.19014907476667112	0.1607913037284797
0.8803976374343584	0.19009998712610574	0.16074325583349056
0.8804544281222055	0.19005090870141428	0.160695217693132
0.8805112151472008	0.19000183949113558	0.16064718930576496
0.8805679985100526	0.18995277949380837	0.16059917066975044
0.8806247782114696	0.1899037287079718	0.1605511617834499
0.8806815542521599	0.1898546871321652	0.16050316264522488
0.8807383266328314	0.18980565476492814	0.16045517325343744
0.8807950953541919	0.1897566316048003	0.1604071936064494
0.8808518604169489	0.18970761765032154	0.1603592237026233
0.8809086218218096	0.18965861290003222	0.16031126354032177
0.8809653795694812	0.18960961735247253	0.16026331311790756
0.8810221336606703	0.18956063100618314	0.1602153724337439
0.8810788840960836	0.18951165385970478	0.16016744148619394
0.8811356308764275	0.18946268591157855	0.16011952027362147
0.8811923740024082	0.1894137271603454	0.16007160879439017
0.8812491134747313	0.18936477760454692	0.16002370704686417
0.8813058492941029	0.1893158372427247	0.15997581502940783
0.8813625814612281	0.18926690607342064	0.15992793274038583
0.8814193099768124	0.1892179840951766	0.15988006017816278
0.8814760348415606	0.1891690713065349	0.15983219734110374
0.8815327560561774	0.18912016770603804	0.15978434422757426
0.8815894736213676	0.18907127329222867	0.1597365008359397
0.8816461875378354	0.18902238806364963	0.15968866716456592
0.8817028978062849	0.1889735120188439	0.15964084321181893
0.8817596044274199	0.18892464515635501	0.1595930289760651
0.8818163074019442	0.18887578747472616	0.15954522445567082
0.8818730067305609	0.18882693897250127	0.15949742964900307
0.8819297024139736	0.18877809964822415	0.1594496445544287
0.881986394452885	0.1887292695004389	0.15940186917031507
0.8820430828479978	0.18868044852768992	0.1593541034950297
0.8820997676000147	0.1886316367285217	0.15930634752694037
0.8821564487096379	0.18858283410147905	0.15925860126441507
0.8822131261775694	0.1885340406451068	0.15921086470582207
0.882269800004511	0.18848525635795013	0.15916313784952976
0.8823264701911646	0.1884364812385545	0.15911542069390702
0.8823831367382312	0.1883877152854655	0.15906771323732286
0.8824397996464122	0.18833895849722876	0.1590200154781464
0.8824964589164083	0.18829021087239042	0.15897232741474718
0.8825531145489205	0.18824147240949668	0.15892464904549494
0.8826097665446492	0.18819274310709377	0.1588769803687596
0.8826664149042944	0.1881440229637285	0.15882932138291148
0.8827230596285565	0.1880953119779476	0.15878167208632085
0.8827797007181349	0.18804661014829818	0.15873403247735868
0.8828363381737296	0.18799791747332742	0.15868640255439564
0.8828929719960398	0.1879492339515828	0.1586387823158032
0.8829496021857647	0.18790055958161192	0.15859117175995258
0.8830062287436029	0.18785189436196267	0.15854357088521556
0.8830628516702534	0.1878032382911831	0.158495979689964
0.8831194709664146	0.18775459136782152	0.15844839817257017
0.8831760866327847	0.1877059535904265	0.15840082633140648
0.8832326986700617	0.18765732495754658	0.15835326416484558
0.8832893070789434	0.1876087054677308	0.15830571167126034
0.8833459118601275	0.18756009511952818	0.1582581688490239
0.883402513014311	0.18751149391148814	0.15821063569650978
0.8834591105421915	0.18746290184216008	0.15816311221209145
0.8835157044444654	0.18741431891009386	0.15811559839414296
0.8835722947218299	0.18736574511383922	0.15806809424103832
0.8836288813749809	0.18731718045194656	0.15802059975115196
0.8836854644046149	0.1872686249229661	0.15797311492285848
0.8837420438114281	0.18722007852544842	0.15792563975453275
0.8837986195961159	0.18717154125794427	0.1578781742445499
0.8838551917593741	0.18712301311900467	0.15783071839128526
0.883911760301898	0.18707449410718086	0.15778327219311444
0.8839683252243826	0.18702598422102412	0.15773583564841326
0.884024886527523	0.18697748345908616	0.15768840875555784
0.8840814442120138	0.18692899181991862	0.15764099151292443
0.8841379982785492	0.18688050930207373	0.1575935839188897
0.8841945487278239	0.18683203590410355	0.1575461859718304
0.8842510955605314	0.1867835716245606	0.15749879767012365
0.8843076387773657	0.18673511646199753	0.1574514190121467
0.8843641783790205	0.18668667041496714	0.1574040499962772
0.884420714366189	0.1866382334820225	0.15735669062089278
0.8844772467395642	0.18658980566171685	0.1573093408843716
0.8845337754998392	0.18654138695260372	0.15726200078509195
0.8845903006477066	0.18649297735323667	0.15721467032143224
0.8846468221838588	0.1864445768621697	0.15716734949177136
0.8847033401089882	0.18639618547795678	0.1571200382944882
0.8847598544237866	0.18634780319915237	0.15707273672796215
0.8848163651289459	0.18629943002431082	0.15702544479057265
0.8848728722251575	0.18625106595198687	0.1569781624806994
0.884929375713113	0.18620271098073563	0.15693088979672254
0.8849858755935035	0.18615436510911187	0.15688362673702205
0.8850423718670197	0.1861060283356712	0.15683637329997863
0.8850988645343525	0.18605770065896907	0.15678912948397286
0.8851553535961921	0.18600938207756115	0.15674189528738575
0.8852118390532292	0.18596107259000347	0.15669467070859852
0.8852683209061533	0.18591277219485225	0.1566474557459926
0.8853247991556545	0.1858644808906638	0.15660025039794975
0.8853812738024224	0.1858161986759946	0.15655305466285174
0.8854377448471462	0.18576792554940155	0.1565058685390809
0.8854942122905152	0.18571966150944158	0.15645869202501958
0.8855506761332183	0.18567140655467193	0.15641152511905057
0.885607136375944	0.18562316068364995	0.15636436781955657
0.8856635930193811	0.18557492389493324	0.15631722012492083
0.8857200460642177	0.18552669618707968	0.1562700820335268
0.8857764955111419	0.1854784775586472	0.15622295354375804
0.8858329413608415	0.18543026800819404	0.15617583465399845
0.885889383614004	0.18538206753427863	0.15612872536263211
0.885945822271317	0.1853338761354597	0.15608162566804354
0.8860022573334675	0.185285693810296	0.15603453556861716
0.8860586888011426	0.18523752055734657	0.15598745506273792
0.8861151166750288	0.1851893563751708	0.155940384148791
0.886171540955813	0.18514120126232794	0.1558933228251615
0.886227961644181	0.18509305521737784	0.1558462710902352
0.8862843787408192	0.1850449182388803	0.15579922894239784
0.8863407922464136	0.1849967903253954	0.15575219638003557
0.8863972021616494	0.1849486714754835	0.15570517340153459
0.8864536084872124	0.18490056168770497	0.1556581600052815
0.8865100112237876	0.1848524609606205	0.15561115618966306
0.8865664103720601	0.18480436929279132	0.15556416195306647
0.8866228059327146	0.18475628668277805	0.15551717729387876
0.8866791979064356	0.18470821312914246	0.15547020221048766
0.8867355862939076	0.1846601486304457	0.15542323670128078
0.8867919710958145	0.18461209318524974	0.1553762807646462
0.8868483523128404	0.18456404679211644	0.15532933439897217
0.8869047299456689	0.184516009449608	0.15528239760264728
0.8869611039949836	0.18446798115628668	0.15523547037406002
0.8870174744614674	0.18441996191071505	0.15518855271159954
0.8870738413458037	0.18437195171145587	0.155141644613655
0.887130204648675	0.18432395055707226	0.15509474607861604
0.8871865643707642	0.18427595844612718	0.15504785710487207
0.8872429205127533	0.18422797537718408	0.15500097769081314
0.8872992730753249	0.18418000134880672	0.15495410783482966
0.8873556220591606	0.18413203635955858	0.15490724753531174
0.8874119674649424	0.18408408040800386	0.15486039679065022
0.8874683092933516	0.18403613349270667	0.154813555599236
0.8875246475450697	0.1839881956122315	0.1547667239594602
0.8875809822207774	0.1839402667651429	0.15471990186971427
0.887637313321156	0.18389234695000575	0.15467308932838977
0.8876936408468858	0.18384443616538504	0.1546262863338787
0.8877499647986475	0.18379653440984592	0.15457949288457304
0.8878062851771212	0.18374864168195396	0.1545327089788653
0.887862601982987	0.18370075798027466	0.15448593461514798
0.8879189152169246	0.1836528833033741	0.15443916979181402
0.8879752248796134	0.18360501764981804	0.15439241450725638
0.888031530971733	0.1835571610181729	0.15434566875986852
0.8880878334939625	0.18350931340700513	0.15429893254804397
0.8881441324469808	0.18346147481488143	0.15425220587017655
0.8882004278314665	0.1834136452403686	0.1542054887246603
0.8882567196480982	0.18336582468203377	0.15415878110988954
0.8883130078975541	0.1833180131384442	0.15411208302425886
0.8883692925805123	0.18327021060816737	0.15406539446616294
0.8884255736976508	0.18322241708977102	0.15401871543399687
0.8884818512496471	0.183174632581823	0.15397204592615593
0.8885381252371786	0.18312685708289148	0.15392538594103558
0.8885943956609225	0.18307909059154465	0.15387873547703157
0.8886506625215558	0.18303133310635109	0.15383209453253988
0.8887069258197553	0.18298358462587963	0.15378546310595687
0.8887631855561976	0.18293584514869904	0.15373884119567882
0.8888194417315589	0.1828881146733785	0.15369222880010258
0.8888756943465155	0.18284039319848744	0.1536456259176251
0.8889319434017432	0.18279268072259525	0.1535990325466435
0.8889881888979179	0.18274497724427172	0.15355244868555523
0.8890444308357147	0.18269728276208677	0.153505874332758
0.8891006692158093	0.18264959727461072	0.1534593094866498
0.8891569040388766	0.18260192078041382	0.1534127541456287
0.8892131353055914	0.18255425327806654	0.15336620830809305
0.8892693630166284	0.18250659476613978	0.1533196719724416
0.889325587172662	0.18245894524320458	0.15327314513707327
0.8893818077743664	0.18241130470783193	0.153226627800387
0.8894380248224156	0.1823636731585933	0.15318011996078237
0.8894942383174834	0.18231605059406036	0.1531336216166589
0.8895504482602434	0.18226843701280476	0.1530871327664164
0.8896066546513689	0.18222083241339856	0.15304065340845494
0.8896628574915332	0.18217323679441408	0.152994183541175
0.889719056781409	0.18212565015442353	0.15294772316297692
0.8897752525216691	0.18207807249199962	0.15290127227226166
0.8898314447129861	0.1820305038057152	0.15285483086743035
0.8898876333560323	0.18198294409414317	0.15280839894688406
0.8899438184514796	0.18193539335585687	0.15276197650902443
0.89	0.18188785158942972	0.15271556355225333
0.8900561780022652	0.18184031879343537	0.1526691600749727
0.8901123524589466	0.1817927949664475	0.15262276607558467
0.8901685233707155	0.1817452801070404	0.15257638155249195
0.8902246907382427	0.18169777421378816	0.15253000650409712
0.8902808545621994	0.18165027728526534	0.15248364092880332
0.8903370148432558	0.18160278932004642	0.15243728482501354
0.8903931715820826	0.1815553103167064	0.1523909381911314
0.8904493247793498	0.1815078402738204	0.15234460102556058
0.8905054744357275	0.1814603791899635	0.1522982733267049
0.8905616205518853	0.18141292706371134	0.1522519550929687
0.8906177631284927	0.18136548389363946	0.15220564632275627
0.8906739021662193	0.18131804967832393	0.1521593470144724
0.890730037665734	0.1812706244163407	0.15211305716652182
0.8907861696277058	0.1812232081062661	0.15206677677730984
0.8908422980528035	0.18117580074667652	0.15202050584524168
0.8908984229416954	0.1811284023361488	0.151974244368723
0.8909545442950499	0.18108101287325978	0.15192799234615975
0.891010662113535	0.18103363235658662	0.15188174977595797
0.8910667763978186	0.1809862607847066	0.15183551665652398
0.8911228871485684	0.18093889815619718	0.15178929298626434
0.8911789943664516	0.18089154446963618	0.15174307876358598
0.8912350980521357	0.18084419972360144	0.1516968739868958
0.8912911982062877	0.18079686391667119	0.15165067865460127
0.8913472948295743	0.18074953704742358	0.15160449276510973
0.8914033879226622	0.18070221911443723	0.15155831631682906
0.8914594774862176	0.18065491011629103	0.15151214930816737
0.8915155635209069	0.18060761005156376	0.1514659917375327
0.8915716460273958	0.1805603189188346	0.1514198436033338
0.8916277250063505	0.18051303671668284	0.1513737049039792
0.8916838004584361	0.18046576344368814	0.15132757563787796
0.8917398723843182	0.18041849909843014	0.15128145580343924
0.8917959407846618	0.18037124367948895	0.1512353453990726
0.8918520056601319	0.1803239971854446	0.1511892444231876
0.8919080670113932	0.18027675961487746	0.15114315287419425
0.8919641248391104	0.18022953096636818	0.15109707075050272
0.8920201791439475	0.1801823112384975	0.15105099805052344
0.8920762299265685	0.1801351004298465	0.15100493477266702
0.8921322771876378	0.18008789853899612	0.15095888091534437
0.8921883209278185	0.180040705564528	0.15091283647696666
0.8922443611477744	0.17999352150502357	0.1508668014559452
0.8923003978481686	0.1799463463590647	0.15082077585069156
0.8923564310296643	0.17989918012523323	0.15077475965961765
0.8924124606929242	0.17985202280211166	0.15072875288113563
0.892468486838611	0.17980487438828205	0.15068275551365762
0.8925245094673872	0.1797577348823272	0.15063676755559635
0.8925805285799148	0.17971060428282992	0.1505907890053646
0.8926365441768559	0.1796634825883732	0.15054481986137538
0.8926925562588723	0.17961636979754023	0.15049886012204203
0.8927485648266258	0.1795692659089144	0.15045290978577794
0.8928045698807775	0.17952217092107936	0.15040696885099694
0.8928605714219886	0.17947508483261898	0.15036103731611314
0.8929165694509202	0.1794280076421172	0.15031511517954058
0.892972563968233	0.17938093934815827	0.15026920243969383
0.8930285549745876	0.17933387994932679	0.15022329909498772
0.8930845424706443	0.17928682944420712	0.150177405143837
0.8931405264570632	0.17923978783138422	0.15013152058465692
0.8931965069345043	0.17919275510944327	0.15008564541586303
0.8932524839036273	0.1791457312769693	0.15003977963587084
0.8933084573650918	0.1790987163325479	0.1499939232430964
0.893364427319557	0.1790517102747646	0.14994807623595574
0.893420393767682	0.17900471310220542	0.1499022386128653
0.8934763567101258	0.1789577248134562	0.14985641037224165
0.893532316147547	0.1789107454071034	0.14981059151250178
0.8935882720806042	0.17886377488173338	0.14976478203206264
0.8936442245099557	0.1788168132359328	0.14971898192934163
0.8937001734362593	0.17876986046828852	0.14967319120275635
0.8937561188601733	0.17872291657738767	0.1496274098507246
0.8938120607823549	0.1786759815618175	0.14958163787166445
0.8938679992034618	0.17862905542016547	0.14953587526399414
0.8939239341241513	0.1785821381510192	0.1494901220261322
0.8939798655450804	0.17853522975296668	0.14944437815649744
0.8940357934669059	0.17848833022459604	0.1493986436535089
0.8940917178902844	0.1784414395644953	0.14935291851558577
0.8941476388158726	0.17839455777125324	0.14930720274114753
0.8942035562443262	0.17834768484345842	0.14926149632861394
0.8942594701763018	0.17830082077969964	0.14921579927640488
0.8943153806124549	0.17825396557856618	0.14917011158294066
0.8943712875534411	0.17820711923864718	0.14912443324664157
0.8944271909999159	0.17816028175853232	0.14907876426592848
0.8944830909525344	0.17811345313681107	0.1490331046392221
0.8945389874119518	0.1780666333720736	0.1489874543649437
0.8945948803788226	0.1780198224629097	0.1489418134415146
0.8946507698538017	0.17797302040790997	0.14889618186735654
0.8947066558375432	0.17792622720566473	0.14885055964089114
0.8947625383307015	0.1778794428547648	0.1488049467605408
0.8948184173339304	0.17783266735380104	0.1487593432247276
0.8948742928478838	0.17778590070136457	0.14871374903187426
0.8949301648732151	0.17773914289604673	0.1486681641804036
0.8949860334105779	0.17769239393643907	0.1486225886687386
0.8950418984606252	0.1776456538211333	0.14857702249530264
0.8950977600240099	0.17759892254872128	0.1485314656585191
0.8951536181013848	0.17755220011779524	0.14848591815681197
0.8952094726934027	0.17750548652694742	0.14844037998860496
0.8952653238007156	0.1774587817747703	0.14839485115232245
0.8953211714239756	0.1774120858598568	0.148349331646389
0.895377015563835	0.17736539878079968	0.1483038214692292
0.8954328562209453	0.17731872053619221	0.14825832061926805
0.895488693395958	0.17727205112462763	0.1482128290949307
0.8955445270895245	0.17722539054469957	0.14816734689464267
0.8956003573022959	0.17717873879500165	0.1481218740168295
0.8956561840349231	0.1771320958741279	0.14807641045991715
0.8957120072880569	0.17708546178067244	0.14803095622233173
0.8957678270623477	0.17703883651322966	0.14798551130249965
0.8958236433584459	0.17699222007039403	0.14794007569884748
0.8958794561770015	0.17694561245076038	0.14789464940980213
0.8959352655186645	0.17689901365292357	0.14784923243379056
0.8959910713840847	0.17685242367547888	0.14780382476924028
0.8960468737739115	0.17680584251702156	0.14775842641457865
0.8961026726887941	0.17675927017614732	0.1477130373682337
0.8961584681293817	0.1767127066514517	0.1476676576286332
0.8962142600963232	0.1766661519415307	0.14762228719420548
0.8962700485902673	0.1766196060449806	0.14757692606337916
0.8963258336118624	0.17657306896039782	0.14753157423458305
0.8963816151617569	0.17652654068637869	0.1474862317062459
0.8964373932405988	0.17648002122152007	0.14744089847679695
0.8964931678490361	0.176433510564419	0.14739557454466584
0.8965489389877164	0.17638700871367258	0.14735025990828204
0.8966047066572872	0.17634051566787826	0.14730495456607576
0.8966604708583957	0.1762940314256335	0.14725965851647682
0.8967162315916892	0.1762475559855362	0.14721437175791593
0.8967719888578144	0.17620108934618414	0.14716909428882352
0.8968277426574179	0.17615463150617572	0.14712382610763056
0.8968834929911466	0.17610818246410911	0.14707856721276805
0.8969392398596462	0.17606174221858303	0.1470333176026675
0.8969949832635632	0.1760153107681962	0.1469880772757603
0.8970507232035433	0.17596888811154762	0.14694284623047843
0.8971064596802322	0.17592247424723656	0.14689762446525395
0.8971621926942753	0.17587606917386214	0.146852411978519
0.897217922246318	0.17582967289002416	0.14680720876870618
0.8972736483370054	0.17578328539432234	0.14676201483424828
0.8973293709669822	0.17573690668535674	0.14671683017357837
0.8973850901368933	0.17569053676172738	0.1466716547851295
0.897440805847383	0.1756441756220348	0.14662648866733527
0.8974965180990955	0.17559782326487944	0.1465813318186293
0.8975522268926751	0.17555147968886228	0.1465361842374457
0.8976079322287654	0.17550514489258415	0.1464910459222185
0.8976636341080104	0.17545881887464626	0.14644591687138211
0.8977193325310534	0.1754125016336502	0.14640079708337134
0.8977750274985377	0.17536619316819715	0.14635568655662087
0.8978307190111062	0.17531989347688928	0.14631058528956598
0.897886407069402	0.17527360255832844	0.14626549328064192
0.8979420916740678	0.17522732041111677	0.14622041052828433
0.8979977728257459	0.17518104703385673	0.14617533703092903
0.8980534505250788	0.1751347824251509	0.1461302727870121
0.8981091247727082	0.1750885265836022	0.14608521779497002
0.8981647955692763	0.17504227950781334	0.146040172053239
0.8982204629154248	0.17499604119638776	0.14599513556025595
0.898276126811795	0.17494981164792867	0.14595010831445793
0.8983317872590282	0.17490359086103993	0.14590509031428225
0.8983874442577657	0.17485737883432506	0.14586008155816618
0.8984430978086481	0.17481117556638817	0.14581508204454754
0.8984987479123162	0.1747649810558335	0.14577009177186434
0.8985543945694107	0.17471879530126536	0.1457251107385547
0.8986100377805715	0.1746726183012884	0.14568013894305706
0.8986656775464389	0.17462645005450747	0.14563517638381007
0.8987213138676527	0.17458029055952745	0.1455902230592527
0.8987769467448529	0.17453413981495364	0.145545278967824
0.8988325761786785	0.17448799781939137	0.1455003441079633
0.8988882021697693	0.1744418645714463	0.1454554184781103
0.8989438247187641	0.17439574006972414	0.14541050207670472
0.8989994438263018	0.17434962431283094	0.1453655949021867
0.8990550594930212	0.17430351729937302	0.14532069695299665
0.8991106717195609	0.17425741902795652	0.14527580822757488
0.899166280506559	0.17421132949718826	0.14523092872436227
0.8992218858546538	0.17416524870567487	0.14518605844179985
0.8992774877644831	0.1741191766520235	0.14514119737832887
0.8993330862366846	0.1740731133348414	0.14509634553239092
0.8993886812718959	0.17402705875273572	0.14505150290242746
0.8994442728707543	0.17398101290431428	0.14500666948688065
0.899499861033897	0.17393497578818476	0.14496184528419254
0.8995554457619608	0.17388894740295519	0.14491703029280567
0.8996110270555825	0.1738429277472338	0.14487222451116255
0.8996666049153986	0.17379691681962897	0.14482742793770623
0.8997221793420456	0.17375091461874928	0.14478264057087975
0.8997777503361595	0.17370492114320352	0.14473786240912648
0.8998333178983761	0.17365893639160082	0.14469309345089007
0.8998888820293314	0.17361296036255014	0.14464833369461422
0.899944442729661	0.17356699305466106	0.14460358313874308
0.9	0.17352103446654313	0.14455884178172093
0.9000555538409837	0.1734750845968062	0.14451410962199238
0.9001111042532471	0.1734291434440601	0.14446938665800207
0.900166651237425	0.17338321100691514	0.14442467288819508
0.9002221947941519	0.1733372872839817	0.14437996831101657
0.9002777349240623	0.17329137227387048	0.14433527292491216
0.9003332716277901	0.1732454659751922	0.14429058672832745
0.9003888049059695	0.1731995683865577	0.14424590971970835
0.9004443347592344	0.17315367950657837	0.1442012418975011
0.9004998611882181	0.1731077993338655	0.14415658326015207
0.9005553841935542	0.17306192786703084	0.14411193380610793
0.9006109037758758	0.17301606510468595	0.14406729353381553
0.9006664199358162	0.1729702110454429	0.144022662441722
0.9007219326740079	0.17292436568791394	0.14397804052827465
0.9007774419910837	0.1728785290307114	0.1439334277919211
0.9008329478876758	0.17283270107244805	0.14388882423110924
0.9008884503644167	0.1727868818117364	0.14384422984428696
0.9009439494219382	0.17274107124718965	0.14379964462990266
0.9009994450608725	0.17269526937742086	0.1437550685864048
0.9010549372818507	0.17264947620104348	0.14371050171224217
0.9011104260855047	0.172603691716671	0.1436659440058637
0.9011659114724658	0.1725579159229173	0.1436213954657186
0.9012213934433647	0.17251214881839633	0.1435768560902563
0.9012768719988326	0.17246639040172232	0.14353232587792666
0.9013323471395	0.17242064067150967	0.14348780482717952
0.9013878188659973	0.1723748996263728	0.14344329293646488
0.901443287178955	0.17232916726492659	0.14339879020423327
0.9014987520790032	0.17228344358578604	0.14335429662893526
0.9015542135667716	0.1722377285875663	0.1433098122090218
0.90160967164289	0.17219202226888275	0.14326533694294383
0.901665126307988	0.1721463246283509	0.14322087082915275
0.9017205775626949	0.1721006356645866	0.1431764138661001
0.9017760254076397	0.1720549553762059	0.1431319660522378
0.9018314698434514	0.1720092837618248	0.14308752738601765
0.9018869108707588	0.17196362082005984	0.1430430978658921
0.9019423484901904	0.17191796654952737	0.14299867749031347
0.9019977827023745	0.1718723209488443	0.14295426625773452
0.9020532135079393	0.17182668401662768	0.1429098641666084
0.9021086409075129	0.17178105575149447	0.142865471215388
0.9021640649017229	0.17173543615206213	0.14282108740252697
0.9022194854911969	0.17168982521694823	0.14277671272647882
0.9022749026765623	0.1716442229447706	0.1427323471856976
0.9023303164584463	0.1715986293341471	0.14268799077863736
0.9023857268374761	0.17155304438369587	0.14264364350375236
0.9024411338142783	0.17150746809203526	0.14259930535949727
0.9024965373894794	0.1714619004577839	0.1425549763443269
0.9025519375637061	0.17141634147956053	0.1425106564566964
0.9026073343375844	0.17137079115598408	0.14246634569506086
0.9026627277117407	0.17132524948567365	0.14242204405787595
0.9027181176868004	0.17127971646724865	0.14237775154359744
0.9027735042633894	0.1712341920993287	0.14233346815068132
0.9028288874421332	0.17118867638053337	0.14228919387758365
0.902884267223657	0.17114316930948276	0.14224492872276107
0.9029396436085858	0.17109767088479685	0.14220067268467015
0.9029950165975448	0.17105218110509604	0.14215642576176782
0.9030503861911582	0.171006699969001	0.14211218795251138
0.903105752390051	0.17096122747513226	0.14206795925535798
0.9031611151948472	0.17091576362211086	0.14202373966876536
0.903216474606171	0.17087030840855796	0.1419795291911914
0.9032718306246464	0.17082486183309492	0.1419353278210942
0.9033271832508971	0.17077942389434309	0.14189113555693195
0.9033825324855468	0.17073399459092437	0.14184695239716336
0.9034378783292186	0.17068857392146056	0.14180277834024704
0.9034932207825359	0.17064316188457382	0.1417586133846421
0.9035485598461214	0.1705977584788866	0.14171445752880787
0.9036038955205982	0.1705523637030212	0.14167031077120365
0.9036592278065886	0.17050697755560043	0.14162617311028922
0.9037145567047153	0.1704616000352472	0.14158204454452455
0.9037698822156003	0.17041623114058474	0.14153792507236987
0.9038252043398657	0.17037087087023628	0.14149381469228556
0.9038805230781334	0.17032551922282513	0.14144971340273213
0.903935838431025	0.1702801761969752	0.14140562120217054
0.9039911503991618	0.1702348417913105	0.141361538089062
0.9040464589831653	0.17018951600445478	0.14131746406186765
0.9041017641836565	0.1701441988350326	0.14127339911904918
0.9041570660012562	0.17009889028166839	0.1412293432590684
0.9042123644365853	0.17005359034298687	0.14118529648038733
0.904267659490264	0.1700082990176129	0.14114125878146822
0.9043229511629128	0.1699630163041716	0.14109723016077355
0.9043782394551519	0.16991774220128825	0.14105321061676615
0.904433524367601	0.16987247670758823	0.14100920014790883
0.9044888059008801	0.1698272198216974	0.14096519875266492
0.9045440840556086	0.16978197154224145	0.14092120642949774
0.904599358832406	0.16973673186784655	0.14087722317687099
0.9046546302318913	0.16969150079713896	0.14083324899324856
0.9047098982546837	0.16964627832874513	0.14078928387709455
0.9047651629014017	0.16960106446129194	0.14074532782687355
0.9048204241726642	0.1695558591934059	0.14070138084104974
0.9048756820690895	0.16951066252371427	0.14065744291808815
0.904930936591296	0.16946547445084428	0.14061351405645386
0.9049861877399014	0.1694202949734234	0.1405695942546121
0.9050414355155237	0.1693751240900792	0.1405256835110284
0.9050966799187808	0.16932996179943965	0.14048178182416843
0.90515192095029	0.1692848081001327	0.14043788919249828
0.9052071586106686	0.16923966299078672	0.1403940056144841
0.9052623929005336	0.16919452647003005	0.14035013108859234
0.905317623820502	0.16914939853649136	0.14030626561328965
0.9053728513711906	0.16910427918879944	0.14026240918704294
0.9054280755532159	0.1690591684255834	0.14021856180831938
0.9054832963671942	0.1690140662454725	0.1401747234755864
0.9055385138137416	0.16896897264709604	0.14013089418731134
0.9055937278934744	0.16892388762908367	0.1400870739419622
0.9056489386070079	0.16887881119006523	0.14004326273800707
0.9057041459549582	0.16883374332867077	0.13999946057391416
0.9057593499379402	0.16878868404353067	0.1399556674481522
0.9058145505565695	0.16874363333327497	0.1399118833591896
0.905869747811461	0.16869859119653452	0.13986810830549556
0.9059249417032297	0.16865355763194	0.1398243422855392
0.90598013223249	0.16860853263812262	0.1397805852977901
0.9060353193998565	0.1685635162137134	0.1397368373407178
0.9060905032059435	0.1685185083573437	0.13969309841279223
0.9061456836513652	0.16847350906764524	0.13964936851248355
0.9062008607367354	0.16842851834324987	0.13960564763826225
0.9062560344626677	0.16838353618278937	0.13956193578859874
0.9063112048297759	0.16833856258489607	0.13951823296196392
0.9063663718386732	0.16829359754820225	0.13947453915682884
0.9064215354899728	0.16824864107134063	0.13943085437166491
0.9064766957842877	0.16820369315294392	0.13938717860494354
0.9065318527222306	0.16815875379164497	0.13934351185513652
0.9065870063044142	0.16811382298607705	0.13929985412071572
0.906642156531451	0.16806890073487346	0.1392562054001535
0.9066973034039529	0.16802398703666802	0.13921256569192242
0.9067524469225324	0.16797908189009408	0.13916893499449484
0.9068075870878012	0.16793418529378581	0.13912531330634384
0.9068627239003707	0.1678892972463773	0.13908170062594255
0.9069178573608527	0.1678444177465029	0.13903809695176436
0.9069729874698584	0.1677995467927973	0.13899450228228288
0.907028114227999	0.16775468438389504	0.1389509166159719
0.9070832376358854	0.1677098305184311	0.13890733995130541
0.9071383576941282	0.16766498519504072	0.13886377228675792
0.9071934744033381	0.16762014841235903	0.13882021362080374
0.9072485877641254	0.16757532016902169	0.13877666395191768
0.9073036977771004	0.16753050046366438	0.13873312327857476
0.9073588044428731	0.1674856892949231	0.13868959159925023
0.9074139077620533	0.16744088666143378	0.13864606891241943
0.9074690077352504	0.1673960925618329	0.13860255521655812
0.9075241043630742	0.16735130699475684	0.13855905051014217
0.9075791976461338	0.16730652995884232	0.13851555479164762
0.9076342875850384	0.16726176145272625	0.13847206805955095
0.9076893741803965	0.16721700147504592	0.1384285903123289
0.9077444574328174	0.1671722500244382	0.13838512154845797
0.9077995373429092	0.16712750709954083	0.13834166176641535
0.9078546139112804	0.16708277269899147	0.13829821096467831
0.9079096871385393	0.16703804682142795	0.13825476914172444
0.9079647570252933	0.16699332946548845	0.1382113362960315
0.9080198235721508	0.16694862062981106	0.13816791242607734
0.9080748867797193	0.16690392031303442	0.13812449753034028
0.908129946648606	0.16685922851379698	0.13808109160729864
0.9081850031794183	0.16681454523073777	0.13803769465543117
0.9082400563727632	0.16676987046249572	0.1379943066732167
0.9082951062292476	0.16672520420771011	0.1379509276591344
0.9083501527494781	0.1666805464650205	0.13790755761166365
0.9084051959340612	0.16663589723306638	0.13786419652928397
0.9084602357836032	0.16659125651048765	0.13782084441047526
0.9085152722987104	0.16654662429592426	0.13777750125371743
0.9085703054799887	0.16650200058801648	0.13773416705749084
0.9086253353280438	0.16645738538540472	0.13769084182027594
0.9086803618434812	0.1664127786867297	0.13764752554055365
0.9087353850269065	0.16636818049063204	0.13760421821680463
0.9087904048789248	0.16632359079575282	0.1375609198475102
0.9088454214001411	0.16627900960073325	0.1375176304311518
0.9089004345911603	0.16623443690421472	0.1374743499662111
0.908955444452587	0.1661898727048389	0.13743107845117
0.9090104509850259	0.16614531700124738	0.13738781588451046
0.9090654541890809	0.16610076979208238	0.137344562264715
0.9091204540653566	0.16605623107598588	0.13730131759026604
0.9091754506144565	0.1660117008516003	0.13725808185964644
0.9092304438369846	0.16596717911756823	0.1372148550713392
0.9092854337335444	0.16592266587253254	0.1371716372238276
0.9093404203047394	0.165878161115136	0.13712842831559513
0.9093954035511725	0.16583366484402187	0.13708522834512554
0.9094503834734471	0.1657891770578334	0.13704203731090261
0.9095053600721659	0.16574469775521422	0.13699885521141064
0.9095603333479314	0.16570022693480804	0.13695568204513398
0.9096153033013462	0.16565576459525877	0.1369125178105573
0.9096702699330126	0.16561131073521076	0.13686936250616558
0.9097252332435327	0.16556686535330795	0.1368262161304436
0.9097801932335084	0.16552242844819504	0.13678307868187684
0.9098351499035416	0.16547800001851673	0.13673995015895082
0.9098901032542337	0.16543358006291806	0.13669683056015144
0.909945053286186	0.16538916858004393	0.1366537198839645
0.91	0.16534476556853978	0.13661061812887645
0.9100549433962765	0.16530037102705095	0.13656752529337352
0.9101098834756165	0.16525598495422322	0.13652444137594244
0.9101648202386202	0.1652116073487025	0.13648136637507025
0.9102197536858888	0.16516723820913487	0.13643830028924403
0.910274683818022	0.16512287753416652	0.13639524311695111
0.9103296106356203	0.1650785253224439	0.13635219485667915
0.9103845341392833	0.16503418157261385	0.13630915550691605
0.910439454329611	0.164989846283323	0.13626612506614968
0.910494371207203	0.16494551945321853	0.13622310353286843
0.9105492847726586	0.1649012010809476	0.1361800909055608
0.9106041950265769	0.16485689116515775	0.13613708718271555
0.9106591019695569	0.16481258970449672	0.13609409236282183
0.9107140056021978	0.164768296697612	0.13605110644436846
0.910768905925098	0.16472401214315183	0.13600812942584511
0.9108238029388561	0.16467973603976438	0.13596516130574138
0.9108786966440702	0.16463546838609813	0.1359222020825472
0.9109335870413385	0.16459120918080156	0.13587925175475266
0.9109884741312593	0.16454695842252365	0.13583631032084814
0.9110433579144299	0.16450271610991316	0.1357933777793241
0.9110982383914481	0.1644584822416194	0.13575045412867137
0.9111531155629112	0.16441425681629182	0.13570753936738114
0.9112079894294167	0.1643700398325799	0.13566463349394442
0.9112628599915614	0.1643258312891334	0.13562173650685277
0.9113177272499422	0.1642816311846023	0.135578848404598
0.9113725912051557	0.16423743951763692	0.13553596918567207
0.9114274518577987	0.16419325628688733	0.13549309884856695
0.9114823092084673	0.16414908149100424	0.13545023739177514
0.9115371632577577	0.16410491512863845	0.1354073848137893
0.9115920140062659	0.16406075719844093	0.13536454111310237
0.9116468614545875	0.16401660769906254	0.13532170628820714
0.9117017056033185	0.16397246662915477	0.1352788803375971
0.911756546453054	0.16392833398736914	0.13523606325976575
0.9118113840043894	0.16388420977235738	0.13519325505320687
0.9118662182579196	0.16384009398277144	0.13515045571641457
0.9119210492142398	0.16379598661726327	0.1351076652478828
0.9119758768739445	0.16375188767448529	0.13506488364610614
0.9120307012376283	0.16370779715308997	0.13502211090957936
0.9120855223058855	0.16366371505172989	0.13497934703679718
0.9121403400793103	0.16361964136905813	0.1349365920262549
0.9121951545584969	0.16357557610372753	0.13489384587644765
0.9122499657440388	0.16353151925439147	0.1348511085858712
0.9123047736365298	0.16348747081970338	0.1348083801530213
0.9123595782365634	0.163443430798317	0.13476566057639403
0.9124143795447329	0.16339939918888605	0.13472294985448557
0.9124691775616314	0.16335537599006458	0.1346802479857924
0.9125239722878518	0.16331136120050693	0.13463755496881133
0.9125787637239867	0.1632673548188676	0.1345948708020394
0.912633551870629	0.16322335684380085	0.1345521954839735
0.9126883367283708	0.16317936727396176	0.1345095290131112
0.9127431182978045	0.1631353861080053	0.13446687138795005
0.9127978965795221	0.1630914133445866	0.134424222606988
0.9128526715741154	0.16304744898236118	0.13438158266872313
0.9129074432821763	0.1630034930199845	0.13433895157165365
0.9129622117042961	0.16295954545611244	0.13429632931427812
0.9130169768410663	0.162915606289401	0.13425371589509547
0.9130717386930777	0.16287167551850626	0.13421111131260455
0.9131264972609217	0.16282775314208453	0.13416851556530446
0.9131812525451889	0.1627838391587924	0.13412592865169476
0.9132360045464699	0.16273993356728667	0.13408335057027512
0.9132907532653552	0.16269603636622426	0.13404078131954544
0.9133454987024351	0.1626521475542624	0.13399822089800595
0.9134002408582997	0.16260826713005824	0.13395566930415678
0.913454979733539	0.16256439509226936	0.13391312653649864
0.9135097153287425	0.16252053143955358	0.13387059259353237
0.9135644476444997	0.16247667617056877	0.13382806747375897
0.9136191766814005	0.16243282928397282	0.13378555117567958
0.9136739024400335	0.16238899077842428	0.13374304369779577
0.9137286249209883	0.1623451606525815	0.13370054503860923
0.9137833441248533	0.16230133890510318	0.13365805519662197
0.9138380600522173	0.1622575255346483	0.13361557417033615
0.913892772703669	0.16221372053987576	0.13357310195825406
0.9139474820797966	0.1621699239194449	0.1335306385588783
0.9140021881811882	0.1621261356720152	0.13348818397071188
0.9140568910084317	0.1620823557962464	0.13344573819225786
0.9141115905621151	0.16203858429079804	0.13340330122201932
0.914166286842826	0.16199482115433034	0.1333608730584999
0.9142209798511518	0.16195106638550352	0.13331845370020337
0.9142756695876797	0.16190731998297803	0.13327604314563374
0.9143303560529968	0.1618635819454143	0.13323364139329508
0.9143850392476902	0.16181985227147333	0.13319124844169195
0.9144397191723466	0.16177613095981613	0.13314886428932898
0.9144943958275523	0.16173241800910365	0.13310648893471097
0.914549069213894	0.16168871341799756	0.13306412237634316
0.9146037393319579	0.1616450171851592	0.1330217646127307
0.91465840618233	0.1616013293092504	0.13297941564237925
0.914713069765596	0.16155764978893314	0.1329370754637946
0.9147677300823417	0.1615139786228697	0.1328947440754828
0.9148223871331528	0.16147031580972215	0.13285242147594997
0.9148770409186143	0.1614266613481532	0.13281010766370263
0.9149316914393119	0.16138301523682555	0.1327678026372475
0.9149863386958299	0.16133937747440213	0.13272550639509145
0.9150409826887537	0.16129574805954616	0.13268321893574178
0.9150956234186677	0.1612521269909207	0.13264094025770556
0.9151502608861564	0.16120851426718938	0.13259867035949055
0.9152048950918041	0.16116490988701587	0.1325564092396045
0.9152595260361948	0.1611213138490641	0.13251415689655563
0.9153141537199128	0.1610777261519981	0.132471913328852
0.9153687781435415	0.1610341467944821	0.1324296785350021
0.9154233993076647	0.1609905757751808	0.13238745251351489
0.9154780172128657	0.16094701309275847	0.132345235262899
0.9155326318597279	0.16090345874588022	0.13230302678166386
0.9155872432488343	0.16085991273321093	0.13226082706831865
0.9156418513807678	0.16081637505341595	0.1322186361213732
0.9156964562561112	0.16077284570516062	0.1321764539393372
0.9157510578754468	0.16072932468711068	0.13213428052072082
0.9158056562393574	0.16068581199793175	0.13209211586403424
0.9158602513484249	0.16064230763628992	0.1320499599677881
0.9159148432032315	0.1605988116008514	0.13200781283049304
0.9159694318043589	0.16055532389028254	0.13196567445066015
0.9160240171523888	0.1605118445032501	0.13192354482680071
0.916078599247903	0.16046837343842046	0.1318814239574259
0.9161331780914825	0.16042491069446083	0.1318393118410474
0.9161877536837086	0.1603814562700383	0.13179720847617724
0.9162423260251623	0.16033801016382032	0.1317551138613275
0.9162968951164246	0.1602945723744742	0.1317130279950103
0.9163514609580758	0.16025114290066794	0.13167095087573846
0.9164060235506967	0.16020772174106918	0.13162888250202456
0.9164605828948674	0.16016430889434613	0.13158682287238166
0.916515138991168	0.16012090435916712	0.131544771985323
0.9165696918401786	0.16007750813420074	0.13150272983936206
0.916624241442479	0.1600341202181155	0.13146069643301245
0.9166787877986488	0.15999074060958035	0.1314186717647881
0.9167333309092671	0.1599473693072644	0.13137665583320318
0.9167878707749137	0.15990400630983678	0.1313346486367719
0.9168424073961675	0.15986065161596702	0.13129265017400898
0.9168969407736074	0.1598173052243248	0.13125066044342912
0.9169514709078119	0.15977396713358005	0.13120867944354753
0.9170059977993601	0.15973063734240245	0.13116670717287915
0.91706052144883	0.1596873158494625	0.13112474362993964
0.9171150418568	0.15964400265343048	0.13108278881324464
0.9171695590238481	0.15960069775297703	0.13104084272131014
0.9172240729505522	0.15955740114677308	0.1309989053526523
0.9172785836374902	0.15951411283348946	0.13095697670578743
0.9173330910852393	0.15947083281179728	0.13091505677923207
0.9173875952943773	0.159427561080368	0.13087314557150312
0.9174420962654809	0.15938429763787315	0.1308312430811176
0.9174965939991276	0.15934104248298459	0.13078934930659283
0.9175510884958941	0.1592977956143741	0.13074746424644623
0.917605579756357	0.15925455703071387	0.1307055878991955
0.9176600677810929	0.1592113267306762	0.13066372026335868
0.9177145525706781	0.1591681047129337	0.13062186133745393
0.917769034125689	0.15912489097615892	0.13058001111999953
0.9178235124467012	0.15908168551902488	0.13053816960951414
0.917877987534291	0.15903848834020456	0.13049633680451667
0.9179324593890337	0.15899529943837154	0.1304545127035262
0.9179869280115049	0.1589521188121988	0.13041269730506186
0.9180413934022801	0.1589089464603603	0.13037089060764323
0.9180958555619343	0.1588657823815298	0.13032909260979003
0.9181503144910425	0.15882262657438143	0.13028730331002233
0.9182047701901793	0.15877947903758938	0.13024552270686024
0.9182592226599197	0.15873633976982812	0.13020375079882418
0.918313671900838	0.15869320876977208	0.1301619875844347
0.9183681179135086	0.15865008603609623	0.1301202330622127
0.9184225606985055	0.1586069715674755	0.1300784872306793
0.9184770002564028	0.1585638653625852	0.13003675008835583
0.918531436587774	0.15852076742010052	0.12999502163376372
0.9185858696931932	0.15847767773869711	0.12995330186542473
0.9186402995732335	0.15843459631705076	0.1299115907818609
0.9186947262284682	0.15839152315383745	0.12986988838159444
0.9187491496594704	0.15834845824773325	0.12982819466314768
0.9188035698668133	0.15830540159741446	0.1297865096250433
0.9188579868510695	0.15826235320155765	0.12974483326580422
0.9189124006128113	0.15821931305883974	0.1297031655839536
0.9189668111526118	0.15817628116793722	0.12966150657801448
0.9190212184710427	0.1581332575275274	0.1296198562465106
0.9190756225686764	0.15809024213628753	0.12957821458796567
0.9191300234460845	0.15804723499289522	0.12953658160090378
0.9191844211038392	0.15800423609602807	0.1294949572838491
0.9192388155425117	0.15796124544436377	0.1294533416353259
0.9192932067626738	0.1579182630365805	0.129411734653859
0.9193475947648964	0.15787528887135643	0.1293701363379732
0.9194019795497506	0.1578323229473702	0.12932854668619373
0.9194563611178075	0.15778936526330015	0.12928696569704576
0.9195107394696378	0.1577464158178252	0.12924539336905488
0.9195651146058119	0.15770347460962442	0.1292038297007469
0.9196194865269004	0.15766054163737694	0.12916227469064787
0.9196738552334736	0.15761761689976214	0.1291207283372839
0.9197282207261013	0.15757470039545948	0.12907919063918147
0.9197825830053535	0.1575317921231489	0.1290376615948672
0.9198369420718001	0.15748889208151037	0.12899614120286818
0.9198912979260103	0.15744600026922387	0.12895462946171132
0.9199456505685539	0.15740311668496973	0.12891312636992397
0.92	0.15736024132742854	0.12887163192603374
0.9200543462209175	0.15731737419528102	0.12883014612856836
0.9201086892318754	0.1572745152872082	0.128788668976056
0.9201630290334425	0.1572316646018909	0.1287472004670246
0.9202173656261873	0.15718882213801047	0.1287057406000028
0.9202716990106781	0.15714598789424847	0.1286642893735192
0.9203260291874832	0.1571031618692865	0.12862284678610275
0.9203803561571705	0.15706034406180652	0.1285814128362826
0.920434679920308	0.15701753447049047	0.128539987522588
0.9204890004774636	0.15697473309402052	0.12849857084354854
0.9205433178292046	0.1569319399310792	0.12845716279769398
0.9205976319760985	0.15688915498034917	0.1284157633835545
0.9206519429187123	0.15684637824051306	0.12837437259966006
0.9207062506576134	0.15680360971025398	0.12833299044454127
0.9207605551933684	0.15676084938825505	0.12829161691672883
0.9208148565265442	0.15671809727319977	0.1282502520147536
0.920869154657707	0.15667535336377159	0.1282088957371467
0.9209234495874237	0.15663261765865416	0.1281675480824394
0.9209777413162601	0.15658989015653157	0.12812620904916336
0.9210320298447824	0.15654717085608785	0.12808487863585027
0.9210863151735563	0.15650445975600755	0.1280435568410324
0.9211405973031479	0.15646175685497482	0.12800224366324164
0.9211948762341223	0.15641906215167456	0.12796093910101064
0.9212491519670453	0.15637637564479162	0.12791964315287196
0.9213034245024818	0.15633369733301108	0.12787835581735857
0.9213576938409967	0.15629102721501828	0.1278370770930037
0.9214119599831554	0.15624836528949856	0.1277958069783405
0.9214662229295223	0.1562057115551376	0.12775454547190268
0.9215204826806619	0.15616306601062124	0.12771329257222394
0.9215747392371386	0.15612042865463557	0.12767204827783835
0.9216289925995167	0.15607779948586667	0.12763081258728007
0.9216832427683602	0.15603517850300103	0.1275895854990836
0.921737489744233	0.1559925657047253	0.1275483670117837
0.9217917335276987	0.15594996108972617	0.12750715712391514
0.9218459741193211	0.15590736465669058	0.12746595583401304
0.9219002115196633	0.15586477640430568	0.1274247631406128
0.9219544457292888	0.15582219633125888	0.1273835790422499
0.9220086767487604	0.15577962443623775	0.12734240353746026
0.9220629045786409	0.15573706071793006	0.12730123662477993
0.9221171292194934	0.15569450517502353	0.12726007830274486
0.9221713506718803	0.1556519578062064	0.12721892856989173
0.9222255689363639	0.15560941861016686	0.1271777874247571
0.9222797840135063	0.15556688758559364	0.12713665486587802
0.92233399590387	0.15552436473117515	0.12709553089179138
0.9223882046080164	0.15548185004560028	0.1270544155010347
0.9224424101265076	0.15543934352755823	0.12701330869214544
0.922496612459905	0.15539684517573812	0.12697221046366142
0.9225508116087698	0.15535435498882946	0.12693112081412067
0.9226050075736636	0.1553118729655218	0.1268900397420614
0.9226592003551474	0.155269399104505	0.12684896724602202
0.9227133899537819	0.15522693340446894	0.12680790332454114
0.922767576370128	0.155184475864104	0.12676684797615784
0.9228217596047462	0.15514202648210032	0.126725801199411
0.9228759396581969	0.15509958525714862	0.12668476299284007
0.9229301165310405	0.15505715218793958	0.12664373335498463
0.922984290223837	0.1550147272731642	0.12660271228438436
0.9230384607371461	0.1549723105115136	0.1265616997795794
0.9230926280715278	0.15492990190167913	0.12652069583910983
0.9231467922275417	0.1548875014423521	0.1264797004615161
0.9232009532057471	0.1548451091322244	0.12643871364533887
0.9232551110067032	0.15480272496998787	0.12639773538911914
0.9233092656309694	0.15476034895433452	0.1263567656913978
0.9233634170791044	0.15471798108395662	0.1263158045507163
0.9234175653516669	0.15467562135754667	0.1262748519656162
0.9234717104492157	0.1546332697737973	0.12623390793463918
0.9235258523723091	0.1545909263314014	0.12619297245632738
0.9235799911215054	0.15454859102905186	0.12615204552922285
0.9236341266973628	0.15450626386544186	0.12611112715186804
0.9236882591004392	0.15446394483926484	0.1260702173228056
0.9237423883312923	0.15442163394921452	0.1260293160405785
0.9237965143904798	0.1543793311939844	0.12598842330372959
0.9238506372785592	0.15433703657226863	0.1259475391108024
0.9239047569960878	0.15429475008276125	0.12590666346034035
0.9239588735436227	0.15425247172415668	0.12586579635088727
0.9240129869217207	0.15421020149514947	0.12582493778098713
0.9240670971309388	0.15416793939443424	0.12578408774918412
0.9241212041718337	0.15412568542070582	0.12574324625402247
0.9241753080449618	0.15408343957265938	0.125702413294047
0.9242294087508793	0.1540412018489903	0.1256615888678026
0.9242835062901426	0.15399897224839382	0.12562077297383414
0.9243376006633075	0.15395675076956575	0.12557996561068707
0.9243916918709298	0.15391453741120187	0.12553916677690688
0.9244457799135652	0.15387233217199822	0.12549837647103937
0.9244998647917695	0.15383013505065096	0.12545759469163031
0.9245539465060976	0.15378794604585666	0.12541682143722607
0.924608025057105	0.15374576515631166	0.1253760567063729
0.9246621004453465	0.15370359238071285	0.12533530049761746
0.9247161726713771	0.15366142771775734	0.12529455280950666
0.9247702417357513	0.15361927116614207	0.12525381364058746
0.924824307639024	0.1535771227245644	0.12521308298940714
0.9248783703817492	0.15353498239172197	0.1251723608545133
0.9249324299644812	0.15349285016631253	0.12513164723445364
0.9249864863877743	0.15345072604703383	0.12509094212777594
0.9250405396521819	0.153408610032584	0.1250502455330285
0.9250945897582582	0.15336650212166147	0.12500955744875972
0.9251486367065566	0.15332440231296451	0.12496887787351803
0.9252026804976302	0.15328231060519193	0.12492820680585247
0.9252567211320326	0.15324022699704234	0.1248875442443119
0.9253107586103169	0.15319815148721508	0.12484689018744562
0.9253647929330358	0.1531560840744091	0.12480624463380315
0.9254188241007419	0.15311402475732405	0.12476560758193422
0.9254728521139882	0.15307197353465937	0.12472497903038869
0.925526876973327	0.15302993040511484	0.12468435897771663
0.9255808986793105	0.1529878953673904	0.12464374742246849
0.9256349172324908	0.1529458684201863	0.12460314436319479
0.9256889326334198	0.15290384956220293	0.12456254979844644
0.9257429448826494	0.15286183879214063	0.12452196372677432
0.9257969539807311	0.15281983610870026	0.12448138614672971
0.9258509599282165	0.1527778415105826	0.12444081705686405
0.9259049627256568	0.15273585499648906	0.12440025645572914
0.9259589623736032	0.15269387656512054	0.12435970434187671
0.9260129588726067	0.15265190621517866	0.12431916071385889
0.926066952223218	0.15260994394536515	0.12427862557022816
0.926120942425988	0.15256798975438174	0.12423809890953688
0.9261749294814668	0.15252604364093056	0.12419758073033801
0.9262289133902051	0.15248410560371367	0.12415707103118437
0.9262828941527529	0.15244217564143359	0.12411656981062923
0.9263368717696603	0.15240025375279287	0.12407607706722604
0.926390846241477	0.15235833993649447	0.12403559279952857
0.926444817568753	0.1523164341912411	0.12399511700609045
0.9264987857520376	0.15227453651573594	0.12395464968546586
0.9265527507918802	0.15223264690868243	0.12391419083620912
0.9266067126888301	0.15219076536878404	0.12387374045687477
0.9266606714434362	0.15214889189474462	0.12383329854601763
0.9267146270562475	0.15210702648526786	0.12379286510219249
0.9267685795278129	0.15206516913905796	0.12375244012395464
0.9268225288586808	0.15202331985481918	0.12371202360985949
0.9268764750493994	0.15198147863125605	0.12367161555846268
0.9269304181005174	0.15193964546707306	0.12363121596831995
0.9269843580125827	0.15189782036097516	0.12359082483798745
0.9270382947861432	0.15185600331166735	0.12355044216602136
0.9270922284217465	0.151814194317855	0.12351006795097844
0.9271461589199407	0.1517723933782432	0.12346970219141509
0.9272000862812729	0.15173060049153764	0.12342934488588833
0.9272540105062905	0.15168881565644415	0.12338899603295536
0.9273079315955408	0.15164703887166867	0.12334865563117355
0.9273618495495703	0.15160527013591749	0.12330832367910065
0.9274157643689264	0.15156350944789665	0.12326800017529413
0.9274696760541554	0.15152175680631272	0.12322768511831221
0.927523584605804	0.1514800122098726	0.12318737850671312
0.9275774900244184	0.1514382756572831	0.12314708033905541
0.9276313923105448	0.15139654714725112	0.1231067906138976
0.9276852914647294	0.1513548266784841	0.12306650932979868
0.9277391874875179	0.1513131142496895	0.12302623648531777
0.9277930803794562	0.15127140985957493	0.1229859720790143
0.9278469701410896	0.15122971350684805	0.12294571610944764
0.9279008567729636	0.15118802519021715	0.12290546857517769
0.9279547402756236	0.1511463449083902	0.1228652294747644
0.9280086206496145	0.15110467266007574	0.1228249988067681
0.9280624978954811	0.15106300844398224	0.12278477656974914
0.9281163720137685	0.15102135225881844	0.12274456276226801
0.9281702430050212	0.1509797041032933	0.12270435738288583
0.9282241108697834	0.15093806397611598	0.12266416043016352
0.9282779756085998	0.15089643187599572	0.12262397190266248
0.9283318372220141	0.1508548078016423	0.12258379179894435
0.9283856957105705	0.15081319175176502	0.12254362011757061
0.9284395510748128	0.15077158372507385	0.12250345685710329
0.9284934033152847	0.15072998372027896	0.12246330201610464
0.9285472524325297	0.15068839173609055	0.12242315559313711
0.928601098427091	0.150646807771219	0.12238301758676315
0.928654941299512	0.15060523182437502	0.1223428879955457
0.9287087810503355	0.1505636638942694	0.12230276681804783
0.9287626176801046	0.150522103979613	0.12226265405283275
0.9288164511893617	0.15048055207911706	0.12222254969846391
0.9288702815786497	0.15043900819149295	0.12218245375350509
0.9289241088485108	0.15039747231545236	0.12214236621652025
0.9289779329994874	0.1503559444497068	0.12210228708607339
0.9290317540321213	0.15031442459296834	0.12206221636072903
0.9290855719469547	0.15027291274394894	0.12202215403905162
0.9291393867445293	0.15023140890136102	0.12198210011960597
0.9291931984253867	0.15018991306391696	0.12194205460095714
0.9292470069900682	0.15014842523032965	0.12190201748167045
0.9293008124391154	0.15010694539931158	0.1218619887603111
0.9293546147730692	0.15006547356957595	0.1218219684354449
0.9294084139924708	0.15002400973983604	0.12178195650563771
0.9294622100978609	0.14998255390880513	0.12174195296945564
0.92951600308978	0.14994110607519706	0.12170195782546511
0.929569792968769	0.14989966623772524	0.12166197107223242
0.929623579735368	0.14985823439510396	0.12162199270832452
0.9296773633901172	0.14981681054604715	0.12158202273230827
0.9297311439335567	0.1497753946892692	0.12154206114275092
0.9297849213662265	0.14973398682348465	0.12150210793821976
0.9298386956886662	0.1496925869474082	0.12146216311728257
0.9298924669014155	0.14965119505975483	0.12142222667850719
0.9299462350050137	0.1496098111592395	0.12138229862046152
0.93	0.14956843524457747	0.12134237894171394
0.9300537618869137	0.1495270673144842	0.1213024676408329
0.9301075206662938	0.1494857073676753	0.1212625647163871
0.9301612763386788	0.14944435540286663	0.12122267016694548
0.9302150289046076	0.14940301141877435	0.12118278399107736
0.9302687783646186	0.14936167541411433	0.1211429061873518
0.9303225247192503	0.14932034738760308	0.12110303675433845
0.9303762679690406	0.1492790273379572	0.12106317569060719
0.9304300081145277	0.14923771526389334	0.12102332299472801
0.9304837451562493	0.14919641116412863	0.12098347866527118
0.9305374790947434	0.14915511503737994	0.120943642700807
0.9305912099305473	0.14911382688236477	0.1209038150999063
0.9306449376641986	0.1490725466978004	0.12086399586113983
0.9306986622962343	0.1490312744824046	0.1208241849830787
0.9307523838271917	0.14899001023489528	0.12078438246429427
0.9308061022576077	0.1489487539539905	0.12074458830335813
0.9308598175880191	0.14890750563840835	0.12070480249884184
0.9309135298189624	0.14886626528686728	0.1206650250493175
0.930967238950974	0.148825032898086	0.1206252559533573
0.9310209449845905	0.14878380847078307	0.12058549520953354
0.931074647920348	0.14874259200367762	0.12054574281641886
0.9311283477587825	0.14870138349548878	0.12050599877258611
0.9311820445004295	0.14866018294493602	0.12046626307660849
0.9312357381458253	0.14861899035073856	0.12042653572705897
0.931289428695505	0.14857780571161622	0.12038681672251114
0.9313431161500041	0.14853662902628897	0.12034710606153874
0.931396800509858	0.1484954602934768	0.12030740374271565
0.9314504817756014	0.14845429951190006	0.1202677097646161
0.9315041599477697	0.1484131466802791	0.12022802412581422
0.9315578350268973	0.14837200179733462	0.12018834682488479
0.9316115070135191	0.1483308648617874	0.12014867786040243
0.9316651759081692	0.14828973587235833	0.12010901723094215
0.9317188417113824	0.14824861482776888	0.1200693649350793
0.9317725044236925	0.1482075017267401	0.12002972097138911
0.9318261640456336	0.14816639656799369	0.11999008533844736
0.9318798205777395	0.14812529935025145	0.11995045803482987
0.9319334740205439	0.14808421007223516	0.11991083905911269
0.9319871243745806	0.14804312873266695	0.1198712284098721
0.9320407716403827	0.1480020553302692	0.11983162608568461
0.9320944158184835	0.1479609898637643	0.11979203208512701
0.932148056909416	0.14791993233187511	0.11975244640677629
0.9322016949137134	0.14787888273332414	0.11971286904920939
0.9322553298319082	0.1478378410668346	0.1196733000110038
0.9323089616645333	0.14779680733112968	0.1196337392907371
0.9323625904121207	0.14775578152493288	0.11959418688698714
0.9324162160752032	0.14771476364696756	0.11955464279833185
0.9324698386543128	0.14767375369595762	0.11951510702334951
0.9325234581499814	0.1476327516706271	0.11947557956061862
0.932577074562741	0.14759175756969994	0.11943606040871771
0.9326306878931231	0.14755077139190065	0.11939654956622585
0.9326842981416595	0.14750979313595355	0.11935704703172192
0.9327379053088815	0.14746882280058338	0.11931755280378534
0.9327915093953204	0.14742786038451508	0.11927806688099567
0.9328451104015071	0.14738690588647366	0.11923858926193268
0.9328987083279727	0.14734595930518435	0.1191991199451762
0.9329523031752481	0.14730502063937256	0.11915965892930645
0.9330058949438638	0.14726408988776393	0.1191202062129039
0.9330594836343502	0.14722316704908425	0.11908076179454907
0.9331130692472376	0.14718225212205968	0.119041325672823
0.9331666517830564	0.147141345105416	0.11900189784630631
0.9332202312423366	0.14710044599787975	0.11896247831358059
0.9332738076256079	0.14705955479817745	0.11892306707322714
0.9333273809334001	0.14701867150503584	0.11888366412382781
0.9333809511662428	0.14697779611718176	0.11884426946396431
0.9334345183246654	0.14693692863334232	0.11880488309221883
0.9334880824091971	0.14689606905224475	0.11876550500717373
0.9335416434203672	0.14685521737261661	0.11872613520741158
0.9335952013587044	0.14681437359318544	0.1186867736915151
0.9336487562247379	0.146773537712679	0.1186474204580672
0.933702308018996	0.14673270972982536	0.11860807550565113
0.9337558567420073	0.14669188964335267	0.11856873883285028
0.9338094023943002	0.14665107745198935	0.11852941043824833
0.9338629449764029	0.14661027315446384	0.11849009032042901
0.9339164844888433	0.14656947674950502	0.11845077847797647
0.9339700209321496	0.14652868823584167	0.11841147490947489
0.9340235543068494	0.14648790761220304	0.11837217961350889
0.9340770846134702	0.14644713487731834	0.11833289258866309
0.9341306118525396	0.14640637002991694	0.11829361383352226
0.9341841360245848	0.14636561306872856	0.11825434334667166
0.9342376571301331	0.14632486399248304	0.11821508112669664
0.9342911751697112	0.14628412279991052	0.11817582717218275
0.9343446901438462	0.14624338948974097	0.1181365814817157
0.9343982020530648	0.1462026640607049	0.1180973440538815
0.9344517108978934	0.14616194651153291	0.11805811488726639
0.9345052166788583	0.14612123684095582	0.11801889398045687
0.934558719396486	0.1460805350477043	0.11797968133203934
0.9346122190513027	0.1460398411305097	0.11794047694060074
0.9346657156438338	0.14599915508810313	0.11790128080472811
0.9347192091746056	0.1459584769192162	0.11786209292300882
0.9347726996441433	0.14591780662258072	0.11782291329403036
0.9348261870529729	0.1458771441969283	0.11778374191638027
0.9348796714016194	0.14583648964099102	0.11774457878864657
0.9349331526906082	0.14579584295350126	0.11770542390941748
0.934986630920464	0.1457552041331913	0.11766627727728118
0.935040106091712	0.14571457317879358	0.11762713889082625
0.9350935782048768	0.14567395008904108	0.11758800874864155
0.935147047260483	0.14563333486266664	0.11754888684931598
0.9352005132590551	0.14559272749840346	0.11750977319143882
0.9352539762011172	0.1455521279949849	0.11747066777359953
0.9353074360871938	0.14551153635114436	0.11743157059438761
0.9353608929178086	0.14547095256561549	0.11739248165239292
0.9354143466934854	0.14543037663713226	0.11735340094620558
0.935467797414748	0.14538980856442882	0.11731432847441597
0.93552124508212	0.14534924834623908	0.11727526423561434
0.9355746896961247	0.14530869598129767	0.11723620822839148
0.9356281312572854	0.14526815146833913	0.11719716045133835
0.9356815697661252	0.14522761480609825	0.11715812090304603
0.9357350052231668	0.1451870859933101	0.11711908958210601
0.9357884376289334	0.14514656502870965	0.11708006648710961
0.9358418669839472	0.14510605191103232	0.11704105161664878
0.9358952932887311	0.14506554663901366	0.11700204496931543
0.9359487165438072	0.14502504921138923	0.11696304654370178
0.9360021367496978	0.14498455962689502	0.11692405633840029
0.9360555539069249	0.14494407788426708	0.11688507435200347
0.9361089680160104	0.14490360398224156	0.11684610058310424
0.9361623790774761	0.144863137919555	0.11680713503029563
0.9362157870918435	0.14482267969494395	0.11676817769217096
0.9362691920596341	0.1447822293071452	0.11672922856732362
0.9363225939813692	0.1447417867548957	0.11669028765434739
0.9363759928575701	0.14470135203693266	0.11665135495183612
0.9364293886887574	0.14466092515199352	0.11661243045838413
0.9364827814754524	0.14462050609881555	0.11657351417258545
0.9365361712181757	0.14458009487613654	0.11653460609303473
0.9365895579174477	0.1445396914826944	0.11649570621832679
0.9366429415737889	0.14449929591722724	0.11645681454705661
0.9366963221877195	0.14445890817847332	0.1164179310778194
0.9367496997597597	0.144418528265171	0.1163790558092105
0.9368030742904295	0.14437815617605895	0.1163401887398256
0.9368564457802486	0.1443377919098759	0.1163013298682604
0.9369098142297368	0.14429743546536078	0.11626247919311106
0.9369631796394136	0.14425708684125294	0.11622363671297385
0.9370165420097982	0.1442167460362916	0.11618480242644512
0.9370699013414101	0.14417641304921622	0.11614597633212163
0.9371232576347681	0.14413608787876672	0.11610715842860038
0.9371766108903913	0.14409577052368278	0.1160683487144783
0.9372299611087985	0.14405546098270455	0.11602954718835276
0.9372833082905083	0.14401515925457228	0.1159907538488214
0.9373366524360391	0.14397486533802642	0.11595196869448185
0.9373899935459094	0.14393457923180772	0.11591319172393226
0.9374433316206372	0.1438943009346567	0.11587442293577052
0.9374966666607407	0.14385403044531447	0.11583566232859521
0.9375499986667378	0.1438137677625222	0.11579690990100489
0.9376033276391461	0.14377351288502133	0.11575816565159842
0.9376566535784834	0.14373326581155318	0.11571942957897473
0.937709976485267	0.1436930265408597	0.11568070168173318
0.9377632963600143	0.1436527950716826	0.11564198195847311
0.9378166132032425	0.14361257140276396	0.11560327040779424
0.9378699270154683	0.1435723555328461	0.1155645670282964
0.9379232377972091	0.14353214746067156	0.11552587181857982
0.9379765455489812	0.14349194718498276	0.11548718477724468
0.9380298502713014	0.14345175470452257	0.11544850590289149
0.9380831519646858	0.14341157001803406	0.1154098351941211
0.9381364506296512	0.14337139312426028	0.11537117264953432
0.9381897462667134	0.14333122402194456	0.11533251826773236
0.9382430388763884	0.14329106270983058	0.11529387204731659
0.9382963284591921	0.1432509091866619	0.11525523398688856
0.9383496150156401	0.14321076345118258	0.11521660408505026
0.9384028985462481	0.14317062550213652	0.11517798234040343
0.9384561790515314	0.14313049533826797	0.11513936875155031
0.9385094565320053	0.14309037295832142	0.11510076331709344
0.9385627309881849	0.1430502583610416	0.11506216603563554
0.9386160024205852	0.14301015154517321	0.11502357690577936
0.938669270829721	0.14297005250946113	0.11498499592612786
0.9387225362161069	0.14292996125265062	0.11494642309528444
0.9387757985802574	0.14288987777348702	0.11490785841185258
0.938829057922687	0.14284980207071588	0.11486930187443599
0.9388823142439099	0.1428097341430829	0.11483075348163865
0.9389355675444402	0.14276967398933393	0.11479221323206457
0.9389888178247918	0.142729621608215	0.11475368112431815
0.9390420650854784	0.14268957699847254	0.11471515715700398
0.9390953093270139	0.14264954015885278	0.11467664132872674
0.9391485505499116	0.14260951108810238	0.11463813363809147
0.9392017887546851	0.1425694897849682	0.1145996340837033
0.9392550239418472	0.14252947624819728	0.11456114266416784
0.9393082561119113	0.14248947047653654	0.11452265937809039
0.9393614852653902	0.1424494724687335	0.11448418422407694
0.9394147114027969	0.14240948222353558	0.1144457172007335
0.9394679345246436	0.1423694997396905	0.11440725830666633
0.939521154631443	0.14232952501594628	0.114368807540482
0.9395743717237077	0.14228955805105087	0.11433036490078706
0.9396275858019495	0.14224959884375243	0.11429193038618833
0.9396807968666807	0.1422096473927995	0.11425350399529305
0.939734004918413	0.14216970369694062	0.11421508572670842
0.9397872099576584	0.1421297677549247	0.11417667557904208
0.9398404119849284	0.14208983956550053	0.1141382735509017
0.9398936110007345	0.14204991912741735	0.11409987964089516
0.939946807005588	0.14201000643942444	0.1140614938476307
0.94	0.14197010150027142	0.11402311616971672
0.9400531899844817	0.14193020430870784	0.11398474660576165
0.9401063769595439	0.1418903148634837	0.11394638515437441
0.9401595609256974	0.14185043316334892	0.11390803181416394
0.9402127418834526	0.14181055920705396	0.11386968658373967
0.9402659198333203	0.14177069299334896	0.11383134946171067
0.9403190947758107	0.1417308345209846	0.11379302044668674
0.9403722667114338	0.1416909837887117	0.11375469953727774
0.9404254356406998	0.14165114079528118	0.11371638673209375
0.9404786015641184	0.14161130553944437	0.1136780820297451
0.9405317644821998	0.14157147801995223	0.11363978542884207
0.940584924395453	0.14153165823555647	0.11360149692799545
0.9406380813043878	0.1414918461850087	0.11356321652581618
0.9406912352095134	0.14145204186706095	0.11352494422091544
0.9407443861113389	0.141412245280465	0.11348668001190437
0.9407975340103736	0.14137245642397317	0.11344842389739465
0.9408506789071261	0.14133267529633795	0.11341017587599797
0.9409038208021052	0.14129290189631183	0.11337193594632641
0.9409569596958194	0.14125313622264757	0.11333370410699195
0.9410100955887774	0.14121337827409816	0.11329548035660708
0.9410632284814874	0.14117362804941666	0.1132572646937844
0.9411163583744574	0.1411338855473565	0.11321905711713674
0.9411694852681954	0.14109415076667106	0.11318085762527709
0.9412226091632097	0.14105442370611393	0.1131426662168186
0.9412757300600074	0.14101470436443905	0.11310448289037474
0.9413288479590967	0.14097499274040043	0.11306630764455923
0.9413819628609845	0.14093528883275228	0.11302814047798589
0.9414350747661784	0.14089559264024906	0.11298998138926886
0.9414881836751856	0.14085590416164515	0.11295183037702224
0.941541289588513	0.14081622339569536	0.11291368743986065
0.9415943925066674	0.14077655034115466	0.11287555257639872
0.9416474924301556	0.14073688499677822	0.11283742578525155
0.9417005893594843	0.14069722736132118	0.11279930706503402
0.9417536832951597	0.140657577433539	0.11276119641436157
0.9418067742376883	0.14061793521218743	0.11272309383184975
0.9418598621875761	0.14057830069602234	0.11268499931611439
0.9419129471453294	0.14053867388379956	0.11264691286577135
0.9419660291114537	0.14049905477427535	0.11260883447943679
0.942019108086455	0.14045944336620614	0.11257076415572714
0.9420721840708386	0.14041983965834845	0.11253270189325909
0.9421252570651102	0.14038024364945897	0.11249464769064936
0.9421783270697751	0.14034065533829457	0.11245660154651489
0.9422313940853383	0.14030107472361233	0.112418563459473
0.9422844581123049	0.1402615018041696	0.1123805334281411
0.9423375191511797	0.1402219365787238	0.11234251145113693
0.9423905772024675	0.1401823790460326	0.11230449752707827
0.942443632266673	0.14014282920485358	0.11226649165458315
0.9424966843443006	0.14010328705394487	0.11222849383226985
0.9425497334358544	0.14006375259206472	0.11219050405875694
0.9426027795418386	0.14002422581797144	0.11215252233266315
0.9426558226627574	0.1399847067304234	0.11211454865260727
0.9427088627991147	0.13994519532817945	0.11207658301720846
0.942761899951414	0.13990569160999838	0.11203862542508607
0.942814934120159	0.1398661955746394	0.11200067587485976
0.9428679653058534	0.13982670722086152	0.11196273436514903
0.9429209935090002	0.13978722654742431	0.11192480089457398
0.9429740187301027	0.13974775355308744	0.11188687546175488
0.9430270409696638	0.1397082882366105	0.11184895806531192
0.9430800602281866	0.13966883059675364	0.11181104870386585
0.9431330765061736	0.13962938063227678	0.11177314737603733
0.9431860898041277	0.13958993834194036	0.11173525408044742
0.9432391001225512	0.13955050372450487	0.11169736881571736
0.9432921074619462	0.13951107677873106	0.11165949158046866
0.9433451118228153	0.13947165750337973	0.11162162237332286
0.9433981132056604	0.13943224589721182	0.11158376119290177
0.9434511116109833	0.1393928419589886	0.11154590803782752
0.9435041070392858	0.13935344568747152	0.11150806290672235
0.9435570994910695	0.1393140570814221	0.11147022579820882
0.943610088966836	0.1392746761396021	0.1114323967109095
0.9436630754670864	0.13923530286077343	0.11139457564344732
0.9437160589923221	0.1391959372436982	0.11135676259444541
0.9437690395430441	0.13915657928713882	0.11131895756252719
0.9438220171197533	0.13911722898985757	0.11128116054631597
0.9438749917229505	0.1390778863506173	0.11124337154443567
0.9439279633531364	0.1390385513681806	0.1112055905555101
0.9439809320108113	0.13899922404131065	0.1111678175781635
0.9440338976964757	0.1389599043687706	0.11113005261102024
0.9440868604106298	0.13892059234932372	0.11109229565270484
0.9441398201537736	0.1388812879817337	0.1110545467018421
0.9441927769264071	0.13884199126476413	0.111016805757057
0.9442457307290301	0.13880270219717905	0.11097907281697482
0.9442986815621421	0.13876342077774237	0.11094134788022085
0.944351629426243	0.13872414700521848	0.11090363094542086
0.9444045743218317	0.13868488087837177	0.1108659220112005
0.9444575162494075	0.13864562239596687	0.11082822107618596
0.9445104552094699	0.1386063715567685	0.11079052813900336
0.9445633912025174	0.1385671283595417	0.11075284319827926
0.9446163242290492	0.13852789280305164	0.11071516625264025
0.9446692542895635	0.1384886648860636	0.11067749730071323
0.9447221813845592	0.13844944460734315	0.11063983634112536
0.9447751055145346	0.138410231965656	0.11060218337250387
0.944828026679988	0.13837102695976788	0.11056453839347621
0.9448809448814174	0.13833182958844492	0.11052690140267014
0.9449338601193207	0.1382926398504534	0.1104892723987136
0.944986772394196	0.13825345774455955	0.11045165138023466
0.9450396817065408	0.13821428326953009	0.11041403834586168
0.9450925880568528	0.13817511642413174	0.11037643329422321
0.9451454914456293	0.13813595720713145	0.110338836223948
0.9451983918733675	0.13809680561729643	0.11030124713366513
0.9452512893405647	0.1380576616533938	0.11026366602200356
0.9453041838477179	0.13801852531419118	0.11022609288759284
0.9453570753953239	0.13797939659845604	0.11018852772906242
0.9454099639838793	0.1379402755049565	0.11015097054504225
0.9454628496138809	0.13790116203246022	0.11011342133416217
0.9455157322858251	0.13786205617973563	0.11007588009505251
0.945568612000208	0.13782295794555097	0.11003834682634363
0.9456214887575262	0.13778386732867487	0.1100008215266662
0.9456743625582751	0.13774478432787612	0.10996330419465113
0.9457272334029511	0.13770570894192347	0.10992579482892938
0.9457801012920498	0.13766664116958602	0.10988829342813217
0.9458329662260668	0.13762758100963304	0.109850799990891
0.9458858282054975	0.13758852846083405	0.10981331451583762
0.9459386872308374	0.13754948352195853	0.10977583700160379
0.9459915433025815	0.13751044619177633	0.10973836744682167
0.9460443964212251	0.13747141646905744	0.10970090585012353
0.9460972465872629	0.13743239435257196	0.1096634522101419
0.9461500938011896	0.13739337984109037	0.10962600652550955
0.9462029380635002	0.13735437293338293	0.10958856879485926
0.946255779374689	0.13731537362822047	0.10955113901682428
0.9463086177352503	0.13727638192437389	0.10951371719003795
0.9463614531456783	0.1372373978206142	0.1094763033131338
0.9464142856064673	0.13719842131571244	0.10943889738474548
0.9464671151181112	0.13715945240844016	0.10940149940350705
0.9465199416811038	0.13712049109756894	0.10936410936805264
0.9465727652959386	0.13708153738187046	0.10932672727701669
0.9466255859631093	0.13704259126011684	0.10928935312903386
0.9466784036831093	0.1370036527310799	0.10925198692273876
0.9467312184564318	0.136964721793532	0.1092146286567664
0.94678403028357	0.13692579844624575	0.1091772783297521
0.9468368391650168	0.13688688268799368	0.10913993594033129
0.9468896451012652	0.13684797451754854	0.10910260148713952
0.9469424480928078	0.13680907393368344	0.10906527496881262
0.9469952481401372	0.1367701809351715	0.10902795638398667
0.9470480452437458	0.1367312955207862	0.10899064573129803
0.9471008394041259	0.1366924176893008	0.1089533430093829
0.9471536306217698	0.13665354743948918	0.10891604821687814
0.9472064188971695	0.1366146847701252	0.10887876135242053
0.9472592042308167	0.13657582967998297	0.10884148241464732
0.9473119866232033	0.13653698216783666	0.10880421140219558
0.9473647660748208	0.13649814223246062	0.10876694831370286
0.947417542586161	0.13645930987262955	0.10872969314780691
0.9474703161577148	0.13642048508711815	0.10869244590314563
0.9475230867899737	0.13638166787470157	0.10865520657835726
0.9475758544834287	0.13634285823415462	0.10861797517207983
0.9476286192385707	0.1363040561642527	0.10858075168295207
0.9476813810558905	0.1362652616637714	0.10854353610961269
0.947734139935879	0.13622647473148625	0.1085063284507006
0.9477868958790262	0.13618769536617326	0.1084691287048551
0.9478396488858228	0.1361489235666082	0.10843193687071535
0.9478923989567593	0.13611015933156745	0.10839475294692102
0.9479451460923254	0.13607140265982728	0.10835757693211188
0.9479978902930111	0.1360326535501643	0.108320408824928
0.9480506315593065	0.13599391200135516	0.10828324862400936
0.9481033698917012	0.1359551780121768	0.10824609632799653
0.9481561052906847	0.1359164515814063	0.10820895193553003
0.9482088377567466	0.13587773270782091	0.10817181544525076
0.9482615672903758	0.13583902139019802	0.1081346868557997
0.9483142938920619	0.13580031762731523	0.10809756616581798
0.9483670175622938	0.13576162141795037	0.10806045337394712
0.9484197383015602	0.13572293276088135	0.10802334847882876
0.94847245611035	0.13568425165488646	0.10798625147910483
0.9485251709891519	0.13564557809874378	0.10794916237341723
0.9485778829384544	0.13560691209123188	0.1079120811604082
0.9486305919587456	0.13556825363112948	0.10787500783872032
0.9486832980505139	0.13552960271721537	0.10783794240699622
0.9487360012142472	0.13549095934826869	0.10780088486387887
0.9487887014504336	0.13545232352306846	0.1077638352080112
0.948841398759561	0.13541369524039418	0.10772679343803658
0.9488940931421167	0.13537507449902544	0.10768975955259859
0.9489467845985885	0.1353364612977418	0.10765273355034079
0.9489994731294639	0.13529785563532326	0.10761571542990715
0.94905215873523	0.13525925751054993	0.1075787051899418
0.9491048414163737	0.1352206669222021	0.10754170282908916
0.9491575211733825	0.13518208386906017	0.10750470834599364
0.9492101980067429	0.13514350834990463	0.10746772173929998
0.9492628719169417	0.13510494036351636	0.10743074300765318
0.9493155429044655	0.13506637990867634	0.10739377214969834
0.9493682109698007	0.1350278269841657	0.10735680916408086
0.9494208761134337	0.13498928158876594	0.10731985404944643
0.9494735383358506	0.1349507437212582	0.10728290680444053
0.9495261976375375	0.1349122133804244	0.10724596742770937
0.9495788540189803	0.13487369056504625	0.10720903591789899
0.9496315074806648	0.13483517527390593	0.10717211227365596
0.9496841580230766	0.1347966675057855	0.1071351964936267
0.9497368056467013	0.1347581672594674	0.10709828857645808
0.9497894503520241	0.1347196745337342	0.10706138852079718
0.9498420921395304	0.13468118932736856	0.10702449632529107
0.9498947310097051	0.13464271163915348	0.10698761198858728
0.9499473669630334	0.13460424146787195	0.10695073550933341
0.9500000000000001	0.13456577881230739	0.10691386688617736
0.9500526301210896	0.134527323671243	0.10687700611776706
0.9501052573267869	0.13448887604346263	0.10684015320275081
0.9501578816175762	0.13445043592774988	0.10680330813977704
0.9502105029939418	0.13441200332288875	0.10676647092749438
0.950263121456368	0.13437357822766344	0.10672964156455177
0.9503157370053388	0.13433516064085826	0.10669282004959824
0.9503683496413378	0.1342967505612578	0.10665600638128317
0.950420959364849	0.13425834798764652	0.10661920055825586
0.9504735661763561	0.13421995291880937	0.10658240257916606
0.9505261700763425	0.13418156535353135	0.1065456124426637
0.9505787710652915	0.1341431852905977	0.10650883014739891
0.9506313691436865	0.13410481272879377	0.10647205569202187
0.9506839643120105	0.13406644766690512	0.10643528907518322
0.9507365565707464	0.1340280901037174	0.10639853029553362
0.9507891459203771	0.1339897400380166	0.10636177935172395
0.9508417323613851	0.13395139746858878	0.10632503624240537
0.9508943158942533	0.1339130623942201	0.10628830096622921
0.950946896519464	0.13387473481369724	0.10625157352184716
0.9509994742374993	0.13383641472580654	0.1062148539079107
0.9510520490488414	0.13379810212933493	0.106178142123072
0.9511046209539726	0.13375979702306928	0.10614143816598307
0.9511571899533746	0.13372149940579672	0.10610474203529631
0.9512097560475292	0.13368320927630462	0.10606805372966428
0.9512623192369181	0.1336449266333804	0.10603137324773979
0.9513148795220223	0.133606651475812	0.10599470058817591
0.9513674369033239	0.13356838380238684	0.1059580357496256
0.9514199913813037	0.13353012361189306	0.10592137873074231
0.9514725429564429	0.13349187090311895	0.10588472953017972
0.9515250916292224	0.13345362567485286	0.10584808814659162
0.951577637400123	0.13341538792588317	0.10581145457863192
0.9516301802696255	0.13337715765499888	0.10577482882495497
0.9516827202382105	0.13333893486098858	0.10573821088421498
0.9517352573063582	0.13330071954264144	0.1057016007550667
0.9517877914745492	0.13326251169874678	0.10566499843616496
0.9518403227432635	0.133224311328094	0.10562840392616481
0.951892851112981	0.13318611842947264	0.10559181722372137
0.951945376584182	0.1331479330016724	0.10555523832749017
0.9519978991573458	0.1331097550434834	0.10551866723612688
0.9520504188329524	0.13307158455369558	0.10548210394828722
0.9521029356114811	0.13303342153109932	0.10544554846262734
0.9521554494934112	0.1329952659744851	0.10540900077780349
0.9522079604792222	0.13295711788264367	0.10537246089247225
0.9522604685693931	0.13291897725436558	0.10533592880529001
0.9523129737644027	0.13288084408844197	0.10529940451491383
0.9523654760647301	0.132842718383664	0.10526288802000071
0.9524179754708539	0.132804600138823	0.10522637931920796
0.9524704719832526	0.13276648935271063	0.10518987841119316
0.9525229656024048	0.13272838602411835	0.1051533852946139
0.9525754563287887	0.13269029015183817	0.105116899968128
0.9526279441628825	0.13265220173466222	0.10508042243039378
0.9526804291051643	0.13261412077138246	0.10504395268006937
0.952732911156112	0.13257604726079156	0.10500749071581336
0.9527853903162034	0.1325379812016819	0.10497103653628437
0.9528378665859161	0.1324999225928463	0.1049345901401414
0.9528903399657277	0.13246187143307764	0.10489815152604355
0.9529428104561154	0.13242382772116912	0.10486172069265019
0.9529952780575568	0.1323857914559139	0.10482529763862077
0.9530477427705287	0.13234776263610545	0.10478888236261509
0.9531002045955085	0.13230974126053743	0.10475247486329306
0.9531526635329726	0.13227172732800374	0.10471607513931498
0.9532051195833979	0.13223372083729806	0.10467968318934091
0.9532575727472612	0.13219572178721475	0.10464329901203155
0.9533100230250389	0.13215773017654805	0.10460692260604766
0.9533624704172071	0.1321197460040925	0.10457055397005022
0.9534149149242421	0.13208176926864282	0.10453419310270042
0.9534673565466203	0.13204379996899374	0.10449784000265955
0.9535197952848173	0.13200583810394026	0.10446149466858919
0.9535722311393092	0.13196788367227777	0.10442515709915126
0.9536246641105713	0.13192993667280148	0.10438882729300758
0.9536770941990795	0.1318919971043069	0.10435250524882035
0.9537295214053092	0.13185406496558982	0.104316190965252
0.9537819457297355	0.13181614025544613	0.10427988444096513
0.9538343671728337	0.13177822297267186	0.10424358567462254
0.9538867857350787	0.13174031311606338	0.10420729466488729
0.9539392014169457	0.13170241068441696	0.10417101141042248
0.9539916142189092	0.1316645156765292	0.10413473590989156
0.954044024141444	0.1316266280911969	0.10409846816195811
0.9540964311850244	0.13158874792721717	0.10406220816528614
0.9541488353501251	0.13155087518338682	0.10402595591853943
0.95420123663722	0.13151300985850328	0.10398971142038224
0.9542536350467836	0.131475151951364	0.10395347466947907
0.9543060305792895	0.13143730146076674	0.10391724566449465
0.9543584232352119	0.13139945838550907	0.10388102440409358
0.9544108130150245	0.1313616227243891	0.10384481088694106
0.9544631999192007	0.13132379447620504	0.10380860511170228
0.9545155839482141	0.13128597363975514	0.1037724070770427
0.9545679651025379	0.13124816021383814	0.10373621678162813
0.9546203433826455	0.13121035419725238	0.10370003422412413
0.9546727187890099	0.1311725555887968	0.10366385940319692
0.9547250913221041	0.1311347643872706	0.10362769231751276
0.9547774609824008	0.1310969805914729	0.10359153296573814
0.9548298277703728	0.131059204200203	0.10355538134653962
0.9548821916864928	0.13102143521226056	0.10351923745858413
0.9549345527312331	0.13098367362644525	0.10348310130053878
0.9549869109050658	0.13094591944155706	0.1034469728710709
0.9550392662084632	0.130908172656396	0.10341085216884785
0.9550916186418976	0.13087043326976228	0.10337473919253733
0.9551439682058407	0.13083270128045632	0.10333863394080725
0.9551963149007643	0.13079497668727877	0.10330253641232572
0.95524865872714	0.1307572594890305	0.10326644660576106
0.9553009996854395	0.13071954968451224	0.1032303645197817
0.9553533377761341	0.13068184727252524	0.10319429015305638
0.9554056729996949	0.1306441522518708	0.10315822350425398
0.9554580053565934	0.1306064646213503	0.10312216457204362
0.9555103348473003	0.13056878437976563	0.10308611335509475
0.9555626614722867	0.1305311115259183	0.10305006985207665
0.9556149852320233	0.13049344605861035	0.10301403406165914
0.9556673061269806	0.13045578797664406	0.10297800598251208
0.9557196241576292	0.1304181372788218	0.10294198561330575
0.9557719393244395	0.13038049396394588	0.10290597295271033
0.9558242516278816	0.13034285803081913	0.10286996799939636
0.9558765610684259	0.1303052294782445	0.10283397075203468
0.9559288676465421	0.1302676083050248	0.10279798120929609
0.9559811713627	0.1302299945099634	0.10276199936985186
0.9560334722173696	0.13019238809186356	0.10272602523237313
0.9560857702110204	0.13015478904952887	0.10269005879553161
0.9561380653441218	0.1301171973817631	0.10265410005799899
0.9561903576171431	0.1300796130873702	0.10261814901844729
0.9562426470305536	0.1300420361651541	0.10258220567554852
0.9562949335848224	0.1300044666139191	0.1025462700279751
0.9563472172804185	0.12996690443246964	0.1025103420743996
0.9563994981178106	0.1299293496196105	0.10247442181349493
0.9564517760974675	0.12989180217414606	0.10243850924393376
0.9565040512198576	0.12985426209488146	0.10240260436438936
0.9565563234854496	0.12981672938062186	0.10236670717353515
0.9566085928947117	0.12977920403017246	0.10233081767004464
0.9566608594481117	0.12974168604233882	0.1022949358525917
0.9567131231461184	0.1297041754159265	0.10225906171985015
0.9567653839891993	0.12966667214974126	0.10222319527049424
0.9568176419778223	0.12962917624258924	0.10218733650319846
0.9568698971124548	0.1295916876932764	0.10215148541663718
0.9569221493935648	0.1295542065006092	0.1021156420094853
0.9569743988216195	0.12951673266339414	0.10207980628041781
0.9570266453970862	0.12947926618043779	0.10204397822810987
0.957078889120432	0.12944180705054706	0.10200815785123686
0.9571311299921239	0.12940435527252905	0.1019723451484744
0.957183368012629	0.12936691084519078	0.10193654011849823
0.9572356031824141	0.12932947376733975	0.1019007427599844
0.9572878355019456	0.12929204403778344	0.10186495307160905
0.9573400649716902	0.1292546216553297	0.10182917105204876
0.9573922915921143	0.12921720661878616	0.10179339669997986
0.9574445153636841	0.12917979892696102	0.10175763001407928
0.9574967362868659	0.1291423985786625	0.10172187099302397
0.9575489543621256	0.129105005572699	0.10168611963549126
0.957601169589929	0.12906761990787913	0.10165037594015852
0.9576533819707421	0.12903024158301163	0.10161463990570328
0.9577055915050303	0.1289928705969054	0.10157891153080346
0.9577577981932593	0.1289555069483695	0.10154319081413693
0.9578100020358944	0.1289181506362132	0.10150747775438201
0.9578622030334009	0.12888080165924598	0.1014717723502171
0.9579144011862437	0.12884346001627756	0.10143607460032089
0.9579665964948882	0.1288061257061175	0.10140038450337205
0.9580187889597991	0.1287687987275759	0.10136470205804968
0.958070978581441	0.12873147907946297	0.10132902726303308
0.9581231653602788	0.12869416676058879	0.10129336011700156
0.9581753492967767	0.12865686176976399	0.10125770061863476
0.9582275303913993	0.1286195641057991	0.10122204876661252
0.9582797086446107	0.12858227376750525	0.10118640455961507
0.9583318840568752	0.12854499075369308	0.10115076799632228
0.9583840566286566	0.12850771506317385	0.1011151390754148
0.9584362263604189	0.12847044669475896	0.10107951779557323
0.9584883932526257	0.1284331856472599	0.10104390415547837
0.9585405573057407	0.12839593191948842	0.10100829815381142
0.9585927185202274	0.1283586855102563	0.10097269978925347
0.9586448768965492	0.12832144641837553	0.1009371090604859
0.9586970324351693	0.12828421464265838	0.10090152596619043
0.9587491851365507	0.12824699018191718	0.10086595050504896
0.9588013350011565	0.12820977303496459	0.10083038267574353
0.9588534820294495	0.1281725632006132	0.10079482247695627
0.9589056262218927	0.12813536067767592	0.1007592699073697
0.9589577675789481	0.12809816546496594	0.10072372496566652
0.9590099061010788	0.12806097756129628	0.10068818765052949
0.9590620417887469	0.1280237969654805	0.10065265796064166
0.9591141746424146	0.12798662367633215	0.10061713589468634
0.9591663046625439	0.12794945769266494	0.10058162145134693
0.959218431849597	0.12791229901329307	0.10054611462930729
0.9592705562040357	0.12787514763703017	0.10051061542725091
0.9593226777263216	0.1278380035626908	0.10047512384386206
0.9593747964169166	0.1278008667890893	0.10043963987782499
0.9594269122762817	0.12776373731504037	0.10040416352782414
0.9594790253048786	0.12772661513935882	0.10036869479254419
0.9595311355031685	0.12768950026085943	0.10033323367066996
0.9595832428716125	0.1276523926783575	0.10029778016088646
0.9596353474106715	0.12761529239066824	0.10026233426187905
0.9596874491208062	0.1275781993966071	0.10022689597233314
0.9597395480024776	0.12754111369498988	0.10019146529093446
0.9597916440561461	0.12750403528463228	0.10015604221636876
0.9598437372822725	0.12746696416435024	0.10012062674732215
0.9598958276813166	0.12742990033296006	0.10008521888248101
0.9599479152537391	0.12739284378927798	0.1000498186205316
0.96	0.1273557945321205	0.10001442596016068
0.9600520819205591	0.1273187525603043	0.09997904090005515
0.9601041610158765	0.12728171787264633	0.09994366343890203
0.9601562372864116	0.12724469046796363	0.09990829357538876
0.9602083107326244	0.12720767034507313	0.09987293130820248
0.9602603813549739	0.12717065750279238	0.09983757663603107
0.96031244915392	0.1271336519399389	0.09980222955756234
0.9603645141299213	0.12709665365533046	0.09976689007148443
0.9604165762834376	0.1270596626477849	0.09973155817648559
0.9604686356149273	0.12702267891612012	0.09969623387125418
0.9605206921248496	0.1269857024591545	0.09966091715447892
0.960572745813663	0.12694873327570638	0.09962560802484875
0.9606247966818262	0.12691177136459444	0.09959030648105271
0.9606768447297979	0.12687481672463724	0.09955501252178005
0.960728889958036	0.12683786935465377	0.0995197261457202
0.960780932366999	0.1268009292534631	0.0994844473515629
0.960832971957145	0.12676399641988453	0.09944917613799806
0.9608850087289321	0.12672707085273738	0.0994139125037156
0.960937042682818	0.12669015255084137	0.09937865644740591
0.9609890738192605	0.12665324151301616	0.09934340796775944
0.9610411021387171	0.1266163377380818	0.09930816706346687
0.9610931276416453	0.12657944122485834	0.09927293373321912
0.9611451503285027	0.12654255197216593	0.09923770797570707
0.9611971701997463	0.1265056699788252	0.09920248978962216
0.9612491872558333	0.1264687952436567	0.0991672791736558
0.9613012014972206	0.12643192776548137	0.09913207612649981
0.9613532129243653	0.12639506754311988	0.09909688064684581
0.9614052215377239	0.12635821457539356	0.099061692733386
0.9614572273377532	0.1263213688611237	0.09902651238481261
0.9615092303249095	0.12628453039913176	0.0989913395998182
0.9615612304996495	0.12624769918823933	0.09895617437709532
0.9616132278624291	0.12621087522726834	0.09892101671533696
0.9616652224137047	0.12617405851504074	0.09888586661323608
0.9617172141539321	0.12613724905037862	0.09885072406948602
0.9617692030835672	0.1261004468321045	0.09881558908278024
0.9618211892030659	0.1260636518590407	0.09878046165181237
0.9618731725128838	0.1260268641300099	0.09874534177527632
0.9619251530134765	0.12599008364383507	0.09871022945186614
0.961977130705299	0.1259533103993393	0.09867512468027621
0.962029105588807	0.1259165443953455	0.09864002745920075
0.9620810776644555	0.12587978563067714	0.09860493778733459
0.9621330469326995	0.1258430341041578	0.09856985566337255
0.9621850133939939	0.1258062898146112	0.09853478108600969
0.9622369770487933	0.12576955276086127	0.09849971405394144
0.9622889378975527	0.12573282294173185	0.09846465456586301
0.9623408959407265	0.12569610035604725	0.09842960262047015
0.9623928511787689	0.1256593850026319	0.09839455821645875
0.9624448036121344	0.12562267688031037	0.09835952135252492
0.9624967532412771	0.12558597598790727	0.09832449202736482
0.9625487000666512	0.12554928232424759	0.09828947023967496
0.9626006440887104	0.12551259588815636	0.09825445598815197
0.9626525853079085	0.12547591667845884	0.09821944927149276
0.9627045237246992	0.1254392446939805	0.0981844500883944
0.9627564593395362	0.12540257993354678	0.09814945843755404
0.9628083921528727	0.1253659223959835	0.09811447431766922
0.9628603221651623	0.12532927208011668	0.09807949772743765
0.9629122493768577	0.12529262898477228	0.09804452866555709
0.9629641737884126	0.12525599310877655	0.09800956713072555
0.9630160954002794	0.12521936445095597	0.09797461312164137
0.9630680142129112	0.1251827430101371	0.09793966663700292
0.9631199302267606	0.12514612878514683	0.09790472767550897
0.96317184344228	0.12510952177481205	0.09786979623585833
0.9632237538599222	0.12507292197795986	0.09783487231675
0.9632756614801393	0.12503632939341747	0.0977999559168832
0.9633275663033837	0.12499974402001236	0.09776504703495742
0.9633794683301071	0.12496316585657233	0.09773014566967238
0.963431367560762	0.12492659490192498	0.09769525181972778
0.9634832639957998	0.12489003115489827	0.09766036548382372
0.9635351576356724	0.12485347461432043	0.09762548666066045
0.9635870484808314	0.12481692527901977	0.09759061534893841
0.9636389365317282	0.12478038314782477	0.09755575154735827
0.9636908217888142	0.12474384821956401	0.09752089525462079
0.9637427042525407	0.12470732049306639	0.09748604646942709
0.9637945839233587	0.12467079996716078	0.09745120519047827
0.9638464608017192	0.12463428664067645	0.09741637141647597
0.9638983348880732	0.12459778051244266	0.09738154514612157
0.9639502061828713	0.12456128158128889	0.09734672637811705
0.9640020746865642	0.12452478984604484	0.0973119151111644
0.9640539403996022	0.12448830530554046	0.09727711134396591
0.9641058033224362	0.12445182795860556	0.09724231507522386
0.964157663455516	0.12441535780407047	0.09720752630364106
0.9642095207992919	0.12437889484076543	0.09717274502792016
0.9642613753542139	0.12434243906752097	0.09713797124676425
0.9643132271207318	0.12430599048316791	0.09710320495887659
0.9643650760992956	0.12426954908653694	0.09706844616296052
0.9644169222903547	0.12423311487645913	0.09703369485771961
0.9644687656943588	0.12419668785176574	0.09699895104185777
0.9645206063117573	0.12416026801128811	0.09696421471407907
0.9645724441429996	0.12412385535385774	0.09692948587308753
0.9646242791885347	0.12408744987830644	0.09689476451758772
0.9646761114488117	0.12405105158346592	0.09686005064628415
0.9647279409242795	0.1240146604681683	0.09682534425788161
0.9647797676153869	0.12397827653124588	0.09679064535108522
0.9648315915225827	0.1239418997715309	0.09675595392460001
0.9648834126463155	0.12390553018785604	0.09672126997713147
0.9649352309870337	0.12386916777905392	0.09668659350738519
0.9649870465451854	0.1238328125439576	0.09665192451406701
0.9650388593212192	0.12379646448139993	0.0966172629958828
0.965090669315583	0.12376012359021424	0.0965826089515388
0.9651424765287248	0.12372378986923403	0.0965479623797415
0.9651942809610924	0.12368746331729272	0.09651332327919732
0.9652460826131334	0.12365114393322416	0.09647869164861313
0.9652978814852957	0.12361483171586216	0.09644406748669587
0.9653496775780267	0.12357852666404082	0.0964094507921527
0.9654014708917736	0.12354222877659447	0.09637484156369104
0.9654532614269838	0.1235059380523575	0.0963402398000185
0.9655050491841045	0.12346965449016446	0.09630564549984273
0.9655568341635825	0.12343337808885023	0.09627105866187184
0.9656086163658649	0.12339710884724953	0.09623647928481383
0.9656603957913984	0.12336084676419759	0.09620190736737717
0.9657121724406295	0.1233245918385297	0.09616734290827043
0.9657639463140049	0.12328834406908122	0.0961327859062023
0.9658157174119709	0.12325210345468772	0.09609823635988173
0.9658674857349739	0.1232158699941851	0.09606369426801792
0.96591925128346	0.12317964368640932	0.0960291596293203
0.9659710140578753	0.12314342453019633	0.09599463244249823
0.9660227740586658	0.12310721252438248	0.09596011270626152
0.9660745312862771	0.1230710076678043	0.09592560041932023
0.966126285741155	0.1230348099592984	0.09589109558038438
0.9661780374237452	0.12299861939770143	0.09585659818816432
0.966229786334493	0.12296243598185043	0.09582210824137052
0.9662815324738439	0.12292625971058255	0.0957876257387138
0.9663332758422428	0.12289009058273508	0.0957531506789051
0.966385016440135	0.1228539285971455	0.09571868306065553
0.9664367542679655	0.12281777375265147	0.09568422288267639
0.9664884893261793	0.12278162604809069	0.09564977014367919
0.9665402216152208	0.12274548548230114	0.09561532484237563
0.9665919511355348	0.1227093520541211	0.0955808869774777
0.9666436778875658	0.12267322576238876	0.09554645654769739
0.9666954018717582	0.12263710660594256	0.09551203355174706
0.9667471230885563	0.12260099458362127	0.09547761798833924
0.966798841538404	0.12256488969426363	0.09544320985618661
0.9668505572217456	0.12252879193670874	0.09540880915400214
0.966902270139025	0.12249270130979556	0.09537441588049882
0.9669539802906858	0.12245661781236358	0.09534003003438994
0.9670056876771719	0.12242054144325219	0.09530565161438903
0.9670573922989265	0.12238447220130122	0.09527128061920993
0.9671090941563936	0.12234841008535026	0.0952369170475662
0.9671607932500159	0.1223123550942394	0.09520256089817207
0.967212489580237	0.12227630722680882	0.09516821216974185
0.9672641831474998	0.12224026648189888	0.09513387086098996
0.9673158739522473	0.12220423285835019	0.09509953697063123
0.9673675619949224	0.12216820635500315	0.09506521049738023
0.9674192472759677	0.12213218697069875	0.0950308914399522
0.9674709297958259	0.122096174704278	0.0949965797970624
0.9675226095549395	0.12206016955458211	0.09496227556742627
0.9675742865537509	0.12202417152045238	0.0949279787497594
0.9676259607927021	0.12198818060073031	0.0948936893427777
0.9676776322722356	0.12195219679425762	0.09485940734519716
0.9677293009927932	0.12191622009987621	0.09482513275573416
0.9677809669548166	0.12188025051642794	0.09479086557310497
0.9678326301587481	0.12184428804275516	0.09475660579602625
0.9678842906050289	0.12180833267770014	0.0947223534232149
0.9679359482941008	0.12177238442010539	0.0946881084533879
0.967987603226405	0.12173644326881387	0.09465387088526261
0.9680392554023829	0.12170050922266802	0.09461964071755621
0.9680909048224758	0.1216645822805111	0.09458541794898641
0.9681425514871248	0.12162866244118625	0.09455120257827103
0.9681941953967707	0.12159274970353691	0.09451699460412812
0.9682458365518543	0.12155684406640666	0.0944827940252759
0.9682974749528164	0.12152094552863896	0.09444860084043263
0.9683491106000977	0.12148505408907785	0.09441441504831699
0.9684007434941384	0.12144916974656736	0.09438023664764775
0.9684523736353792	0.12141329249995178	0.09434606563714398
0.96850400102426	0.12137742234807528	0.09431190201552477
0.9685556256612214	0.12134155928978252	0.09427774578150946
0.968607247546703	0.12130570332391825	0.09424359693381776
0.9686588666811449	0.12126985444932736	0.09420945547116939
0.9687104830649867	0.12123401266485474	0.09417532139228427
0.9687620966986683	0.12119817796934577	0.09414119469588256
0.9688137075826292	0.12116235036164572	0.09410707538068465
0.9688653157173086	0.12112652984060034	0.09407296344541118
0.968916921103146	0.12109071640505513	0.09403885888878279
0.9689685237405805	0.12105491005385602	0.0940047617095204
0.9690201236300514	0.12101911078584907	0.09397067190634521
0.9690717207719973	0.12098331859988054	0.09393658947797852
0.9691233151668573	0.12094753349479696	0.09390251442314203
0.9691749068150702	0.1209117554694446	0.09386844674055722
0.9692264957170744	0.12087598452267033	0.0938343864289461
0.9692780818733084	0.12084022065332102	0.0938003334870308
0.9693296652842108	0.12080446386024378	0.0937662879135337
0.9693812459502195	0.12076871414228585	0.09373224970717729
0.969432823871773	0.12073297149829454	0.09369821886668418
0.9694843990493092	0.12069723592711745	0.09366419539077736
0.9695359714832659	0.12066150742760241	0.09363017927817996
0.9695875411740809	0.12062578599859708	0.09359617052761511
0.969639108122192	0.12059007163894978	0.09356216913780642
0.9696906723280367	0.1205543643475086	0.09352817510747759
0.9697422337920526	0.1205186641231221	0.09349418843535252
0.9697937925146769	0.12048297096463866	0.09346020912015517
0.9698453484963466	0.12044728487090711	0.09342623716060991
0.9698969017374991	0.1204116058407763	0.0933922725554411
0.9699484522385713	0.12037593387309535	0.09335831530337349
0.9700000000000001	0.12034026896671347	0.0933243654031319
0.970051545022222	0.12030461112048024	0.0932904228534415
0.9701030873056739	0.12026896033324498	0.09325648765302735
0.9701546268507923	0.12023331660385748	0.09322255980061492
0.9702061636580135	0.12019767993116777	0.09318863929492989
0.9702576977277738	0.12016205031402581	0.09315472613469812
0.9703092290605093	0.12012642775128202	0.09312082031864564
0.9703607576566563	0.12009081224178654	0.09308692184549858
0.9704122835166505	0.1200552037843902	0.09305303071398346
0.9704638066409278	0.12001960237794357	0.09301914692282684
0.9705153270299238	0.11998400802129765	0.09298527047075549
0.9705668446840743	0.1199484207133035	0.09295140135649643
0.9706183596038146	0.11991284045281242	0.09291753957877696
0.9706698717895802	0.11987726723867571	0.09288368513632433
0.9707213812418063	0.11984170106974502	0.09284983802786619
0.9707728879609278	0.11980614194487223	0.09281599825213038
0.9708243919473799	0.11977058986290895	0.09278216580784471
0.9708758932015977	0.11973504482270747	0.09274834069373744
0.9709273917240157	0.11969950682312003	0.09271452290853698
0.9709788875150684	0.11966397586299914	0.09268071245097192
0.9710303805751909	0.1196284519411971	0.09264690931977086
0.9710818709048172	0.11959293505656683	0.09261311351366283
0.9711333585043818	0.11955742520796125	0.09257932503137693
0.9711848433743187	0.11952192239423351	0.09254554387164263
0.9712363255150623	0.11948642661423671	0.09251177003318929
0.9712878049270464	0.11945093786682436	0.09247800351474673
0.9713392816107047	0.11941545615085003	0.0924442443150449
0.9713907555664714	0.11937998146516747	0.09241049243281385
0.9714422267947795	0.11934451380863059	0.09237674786678389
0.9714936952960631	0.11930905318009345	0.09234301061568555
0.9715451610707554	0.11927359957841045	0.09230928067824959
0.9715966241192896	0.11923815300243577	0.09227555805320674
0.9716480844420988	0.11920271345102423	0.09224184273928827
0.9716995420396163	0.11916728092303037	0.0922081347352253
0.9717509969122748	0.11913185541730924	0.0921744340397494
0.9718024490605074	0.11909643693271589	0.09214074065159222
0.9718538984847466	0.11906102546810557	0.0921070545694856
0.9719053451854249	0.11902562102233383	0.09207337579216177
0.9719567891629751	0.11899022359425603	0.09203970431835269
0.9720082304178294	0.11895483318272798	0.09200604014679098
0.97205966895042	0.11891944978660571	0.09197238327620924
0.972111104761179	0.11888407340474522	0.09193873370534038
0.9721625378505386	0.11884870403600277	0.09190509143291731
0.9722139682189307	0.11881334167923474	0.0918714564576733
0.972265395866787	0.11877798633329784	0.09183782877834182
0.9723168207945392	0.1187426379970487	0.09180420839365643
0.9723682430026188	0.11870729666934422	0.09177059530235086
0.9724196624914574	0.11867196234904163	0.0917369895031593
0.9724710792614863	0.11863663503499804	0.09170339099481577
0.9725224933131368	0.11860131472607087	0.0916697997760547
0.9725739046468397	0.11856600142111788	0.0916362158456108
0.9726253132630263	0.11853069511899655	0.09160263920221862
0.9726767191621274	0.11849539581856493	0.09156906984461323
0.9727281223445737	0.11846010351868114	0.09153550777152983
0.972779522810796	0.11842481821820333	0.09150195298170373
0.9728309205612248	0.11838953991599017	0.09146840547387067
0.9728823155962905	0.11835426861089988	0.09143486524676604
0.9729337079164233	0.11831900430179136	0.091401332299126
0.9729850975220535	0.11828374698752352	0.09136780662968658
0.9730364844136112	0.1182484966669555	0.09133428823718426
0.9730878685915265	0.11821325333894647	0.09130077712035538
0.9731392500562291	0.11817801700235579	0.09126727327793671
0.9731906288081488	0.11814278765604316	0.0912337767086652
0.9732420048477152	0.11810756529886829	0.09120028741127799
0.9732933781753578	0.11807234992969108	0.09116680538451227
0.973344748791506	0.11803714154737151	0.09113333062710549
0.9733961166965892	0.11800194015076995	0.0910998631377954
0.9734474818910367	0.11796674573874669	0.09106640291531985
0.9734988443752771	0.11793155831016243	0.09103294995841697
0.9735502041497398	0.11789637786387777	0.09099950426582495
0.9736015612148535	0.11786120439875374	0.09096606583628221
0.9736529155710468	0.1178260379136513	0.09093263466852744
0.9737042672187485	0.11779087840743187	0.09089921076129963
0.973755616158387	0.11775572587895661	0.09086579411333752
0.9738069623903908	0.11772058032708718	0.09083238472338045
0.9738583059151881	0.11768544175068535	0.09079898259016789
0.973909646733207	0.11765031014861299	0.09076558771243941
0.9739609848448756	0.1176151855197322	0.09073220008893487
0.9740123202506219	0.11758006786290513	0.09069881971839418
0.9740636529508737	0.11754495717699422	0.09066544659955755
0.9741149829460586	0.11750985346086207	0.0906320807311654
0.9741663102366043	0.11747475671337147	0.0905987221119584
0.9742176348229383	0.11743966693338505	0.09056537074067705
0.974268956705488	0.11740458411976608	0.09053202661606251
0.9743202758846805	0.1173695082713777	0.09049868973685586
0.9743715923609433	0.11733443938708334	0.09046536010179851
0.974422906134703	0.11729937746574659	0.09043203770963198
0.9744742172063866	0.11726432250623108	0.09039872255909798
0.9745255255764212	0.11722927450740069	0.09036541464893842
0.9745768312452334	0.11719423346811957	0.09033211397789542
0.9746281342132496	0.11715919938725196	0.09029882054471147
0.9746794344808963	0.11712417226366209	0.09026553434812881
0.9747307320486002	0.11708915209621455	0.0902322553868902
0.9747820269167872	0.11705413888377407	0.09019898365973858
0.9748333190858836	0.11701913262520554	0.09016571916541705
0.9748846085563152	0.11698413331937406	0.09013246190266891
0.9749358953285082	0.11694914096514475	0.09009921187023753
0.9749871794028884	0.11691415556138297	0.09006596906686659
0.9750384607798813	0.1168791771069543	0.09003273349129999
0.9750897394599125	0.11684420560072455	0.08999950514228185
0.9751410154434075	0.11680924104155939	0.08996628401855622
0.9751922887307919	0.11677428342832494	0.08993307011886757
0.9752435593224905	0.11673933275988738	0.08989986344196063
0.9752948272189288	0.11670438903511308	0.08986666398658011
0.9753460924205315	0.11666945225286865	0.08983347175147113
0.9753973549277238	0.11663452241202066	0.08980028673537876
0.9754486147409304	0.11659959951143602	0.08976710893704846
0.975499871860576	0.11656468354998185	0.08973393835522586
0.975551126287085	0.11652977452652515	0.08970077498865663
0.975602378020882	0.11649487243993342	0.08966761883608684
0.9756536270623914	0.11645997728907408	0.08963446989626252
0.9757048734120375	0.1164250890728149	0.08960132816793014
0.9757561170702441	0.11639020779002372	0.08956819364983624
0.9758073580374356	0.11635533343956844	0.08953506634072748
0.9758585963140357	0.11632046602031736	0.08950194623935079
0.9759098319004682	0.11628560553113877	0.08946883334445337
0.9759610647971568	0.11625075197090116	0.08943572765478247
0.976012295004525	0.11621590533847344	0.08940262916908576
0.9760635225229964	0.1161810656327241	0.08936953788611066
0.9761147473529943	0.11614623285252224	0.08933645380460521
0.976165969494942	0.11611140699673711	0.08930337692331744
0.9762171889492625	0.11607658806423803	0.08927030724099573
0.9762684057163787	0.11604177605389442	0.08923724475638842
0.9763196197967139	0.116006970964576	0.0892041894682442
0.9763708311906906	0.11597217279515265	0.089171141375312
0.9764220398987316	0.11593738154449425	0.08913810047634076
0.9764732459212592	0.11590259721147098	0.08910506677007972
0.9765244492586962	0.11586781979495325	0.08907204025527839
0.9765756499114648	0.11583304929381141	0.08903902093068627
0.9766268478799874	0.11579828570691619	0.08900600879505323
0.9766780431646859	0.11576352903313845	0.0889730038471293
0.9767292357659824	0.11572877927134904	0.08894000608566459
0.9767804256842988	0.11569403642041919	0.08890701550940953
0.9768316129200569	0.11565930047922011	0.08887403211711464
0.9768827974736786	0.1156245714466234	0.08884105590753076
0.976933979345585	0.11558984932150076	0.08880808687940892
0.976985158536198	0.11555513410272376	0.08877512503150009
0.9770363350459388	0.11552042578916442	0.0887421703625556
0.9770875088752287	0.11548572437969497	0.0887092228713271
0.9771386800244887	0.11545102987318769	0.08867628255656632
0.9771898484941398	0.11541634226851494	0.0886433494170251
0.9772410142846032	0.1153816615645494	0.08861042345145555
0.9772921773962995	0.11534698776016393	0.08857750465861006
0.9773433378296493	0.11531232085423135	0.08854459303724098
0.9773944955850733	0.1152776608456248	0.08851168858610105
0.9774456506629922	0.11524300773321763	0.08847879130394312
0.9774968030638259	0.11520836151588326	0.08844590118952037
0.977547952787995	0.11517372219249523	0.08841301824158589
0.9775990998359194	0.11513908976192742	0.08838014245889322
0.9776502442080194	0.11510446422305369	0.08834727384019593
0.9777013859047148	0.11506984557474809	0.0883144123842479
0.9777525249264254	0.11503523381588494	0.08828155808980309
0.9778036612735709	0.11500062894533868	0.08824871095561575
0.9778547949465708	0.11496603096198402	0.0882158709804404
0.9779059259458448	0.11493143986469548	0.08818303816303143
0.9779570542718121	0.11489685565234803	0.08815021250214361
0.9780081799248921	0.11486227832381686	0.08811739399653207
0.9780593029055038	0.11482770787797718	0.08808458264495189
0.9781104232140664	0.11479314431370431	0.08805177844615841
0.9781615408509987	0.11475858762987401	0.08801898139890726
0.9782126558167197	0.1147240378253618	0.08798619150195405
0.9782637681116478	0.1146894948990437	0.08795340875405476
0.9783148777362021	0.11465495884979575	0.08792063315396552
0.9783659846908007	0.11462042967649426	0.08788786470044269
0.9784170889758621	0.1145859073780155	0.08785510339224264
0.9784681905918047	0.11455139195323602	0.08782234922812214
0.9785192895390463	0.1145168834010327	0.08778960220683812
0.9785703858180055	0.11448238172028231	0.08775686232714755
0.9786214794290998	0.11444788690986185	0.08772412958780772
0.9786725703727474	0.11441339896864858	0.08769140398757606
0.9787236586493656	0.11437891789552009	0.08765868552521038
0.9787747442593725	0.11434444368935351	0.08762597419946826
0.9788258272031853	0.1143099763490268	0.08759327000910785
0.9788769074812216	0.11427551587341776	0.08756057295288737
0.9789279850938986	0.1142410622614044	0.08752788302956518
0.9789790600416334	0.11420661551186503	0.0874952002379
0.9790301323248433	0.11417217562367793	0.08746252457665045
0.979081201943945	0.11413774259572156	0.08742985604457555
0.9791322688993557	0.11410331642687464	0.08739719464043452
0.9791833331914918	0.114068897116016	0.08736454036298666
0.9792343948207701	0.11403448466202479	0.08733189321099158
0.9792854537876073	0.11400007906378	0.08729925318320897
0.9793365100924197	0.11396568032016102	0.08726662027839871
0.9793875637356235	0.11393128843004739	0.08723399449532102
0.979438614717635	0.11389690339231884	0.0872013758327362
0.9794896630388705	0.11386252520585502	0.08716876428940463
0.9795407086997456	0.11382815386953599	0.0871361598640871
0.9795917517006767	0.11379378938224198	0.08710356255554447
0.9796427920420789	0.11375943174285334	0.08707097236253791
0.9796938297243685	0.11372508095025034	0.08703838928382844
0.9797448647479607	0.11369073700331372	0.08700581331817764
0.9797958971132713	0.11365639990092438	0.08697324446434716
0.9798469268207153	0.11362206964196316	0.08694068272109881
0.9798979538707079	0.11358774622531138	0.08690812808719472
0.9799489782636646	0.1135534296498501	0.08687558056139687
0.98	0.1135191199144609	0.08684304014246777
0.9800510190801294	0.1134848170180253	0.08681050682917005
0.9801020355044672	0.11345052095942525	0.08677798062026641
0.9801530492734285	0.11341623173754267	0.08674546151451995
0.9802040603874277	0.11338194935125954	0.08671294951069367
0.9802550688468793	0.11334767379945819	0.08668044460755095
0.9803060746521977	0.11331340508102107	0.08664794680385537
0.9803570778037969	0.1132791431948309	0.08661545609837071
0.9804080783020915	0.11324488813977023	0.08658297248986078
0.9804590761474953	0.11321063991472209	0.08655049597708972
0.9805100713404223	0.11317639851856956	0.08651802655882183
0.9805610638812863	0.11314216395019602	0.08648556423382174
0.980612053770501	0.11310793620848462	0.08645310900085383
0.9806630410084801	0.11307371529231909	0.08642066085868312
0.9807140255956371	0.11303950120058309	0.08638821980607467
0.9807650075323854	0.11300529393216069	0.08635578584179375
0.9808159868191383	0.11297109348593588	0.08632335896460579
0.980866963456309	0.11293689986079272	0.08629093917327625
0.9809179374443104	0.11290271305561582	0.08625852646657116
0.9809689087835557	0.11286853306928953	0.08622612084325637
0.9810198774744576	0.11283435990069882	0.0861937223020982
0.9810708435174292	0.11280019354872835	0.0861613308418629
0.9811218069128828	0.11276603401226322	0.0861289464613171
0.9811727676612311	0.11273188129018863	0.08609656915922753
0.9812237257628863	0.11269773538139007	0.08606419893436124
0.9812746812182611	0.11266359628475286	0.08603183578548523
0.9813256340277675	0.11262946399916282	0.08599947971136689
0.9813765841918178	0.11259533852350578	0.0859671307107737
0.9814275317108238	0.11256121985666781	0.0859347887824735
0.9814784765851974	0.112527107997535	0.08590245392523405
0.9815294188153506	0.11249300294499366	0.0858701261378234
0.981580358401695	0.11245890469793039	0.08583780541900989
0.9816312953446422	0.11242481325523178	0.08580549176756194
0.9816822296446034	0.1123907286157848	0.08577318518224832
0.9817331613019904	0.11235665077847626	0.08574088566183775
0.9817840903172143	0.11232257974219338	0.08570859320509926
0.9818350166906862	0.11228851550582344	0.08567630781080207
0.9818859404228172	0.11225445806825397	0.0856440294777156
0.981936861514018	0.11222040742837266	0.08561175820460953
0.9819877799647	0.11218636358506717	0.08557949399025348
0.9820386957752735	0.11215232653722554	0.0855472368334175
0.9820896089461492	0.11211829628373587	0.08551498673287178
0.9821405194777374	0.11208427282348653	0.08548274368738672
0.982191427370449	0.11205025615536586	0.08545050769573267
0.982242332624694	0.11201624627826254	0.08541827875668048
0.9822932352408826	0.1119822431910653	0.0853860568690011
0.9823441352194251	0.11194824689266317	0.08535384203146562
0.9823950325607311	0.11191425738194516	0.0853216342428453
0.9824459272652108	0.11188027465780047	0.08528943350191154
0.982496819333274	0.11184629871911862	0.08525723980743616
0.9825477087653302	0.11181232956478915	0.08522505315819087
0.9825985955617889	0.1117783671937019	0.08519287355294791
0.9826494797230597	0.1117444116047467	0.0851607009904794
0.982700361249552	0.11171046279681354	0.0851285354695577
0.9827512401416749	0.11167652076879277	0.08509637698895549
0.9828021163998376	0.11164258551957476	0.08506422554744561
0.9828529900244491	0.11160865704805004	0.08503208114380097
0.9829038610159184	0.1115747353531093	0.08499994377679479
0.9829547293746544	0.11154082043364347	0.08496781344520045
0.9830055951010656	0.11150691228854355	0.08493569014779144
0.9830564581955605	0.11147301091670084	0.08490357388334167
0.9831073186585481	0.11143911631700658	0.08487146465062485
0.9831581764904364	0.11140522848835235	0.08483936244841522
0.9832090316916338	0.11137134742962991	0.08480726727548714
0.9832598842625483	0.11133747313973101	0.084775179130615
0.9833107342035884	0.11130360561754758	0.08474309801257347
0.9833615815151617	0.11126974486197197	0.0847110239201375
0.9834124261976762	0.11123589087189638	0.08467895685208207
0.9834632682515397	0.11120204364621339	0.08464689680718251
0.9835141076771599	0.1111682031838157	0.08461484378421427
0.9835649444749441	0.111134369483596	0.08458279778195289
0.9836157786453001	0.11110054254444734	0.08455075879917426
0.9836666101886351	0.11106672236526281	0.08451872683465425
0.983717439105356	0.11103290894493582	0.08448670188716927
0.9837682653958706	0.11099910228235971	0.08445468395549545
0.9838190890605854	0.11096530237642815	0.08442267303840947
0.9838699100999075	0.11093150922603495	0.08439066913468811
0.9839207285142437	0.11089772283007406	0.08435867224310825
0.9839715443040007	0.11086394318743961	0.08432668236244713
0.9840223574695852	0.11083017029702578	0.08429469949148191
0.9840731680114035	0.11079640415772712	0.08426272362899022
0.9841239759298622	0.11076264476843813	0.08423075477374965
0.9841747812253675	0.1107288921280536	0.08419879292453814
0.9842255838983256	0.11069514623546842	0.08416683808013371
0.9842763839491426	0.11066140708957768	0.08413489023931466
0.9843271813782245	0.11062767468927663	0.08410294940085938
0.9843779761859771	0.1105939490334607	0.08407101556354657
0.9844287683728061	0.11056023012102542	0.08403908872615505
0.9844795579391173	0.1105265179508665	0.0840071688874637
0.9845303448853164	0.1104928125218799	0.0839752560462519
0.9845811292118085	0.11045911383296152	0.08394335020129885
0.9846319109189992	0.11042542188300772	0.08391145135138425
0.9846826900072937	0.11039173667091469	0.08387955949528773
0.984733466477097	0.1103580581955791	0.0838476746317893
0.9847842403288144	0.11032438645589758	0.08381579675966906
0.9848350115628506	0.11029072145076702	0.08378392587770739
0.9848857801796105	0.11025706317908442	0.08375206198468478
0.9849365461794988	0.11022341163974696	0.08372020507938194
0.9849873095629202	0.11018976683165187	0.08368835516057961
0.9850380703302792	0.11015612875369676	0.08365651222705894
0.9850888284819801	0.11012249740477928	0.08362467627760128
0.9851395840184273	0.11008887278379716	0.08359284731098791
0.985190336940025	0.1100552548896484	0.08356102532600052
0.9852410872471773	0.11002164372123122	0.08352921032142094
0.985291834940288	0.10998803927744386	0.08349740229603124
0.9853425800197615	0.10995444155718476	0.08346560124861345
0.985393322486001	0.10992085055935255	0.08343380717795003
0.9854440623394105	0.10988726628284601	0.08340202008282353
0.9854947995803935	0.10985368872656417	0.08337023996201681
0.9855455342093535	0.109820117889406	0.08333846681431267
0.9855962662266938	0.10978655377027079	0.08330670063849421
0.9856469956328179	0.10975299636805795	0.08327494143334478
0.9856977224281286	0.1097194456816671	0.08324318919764793
0.9857484466130291	0.10968590170999803	0.08321144393018737
0.9857991681879226	0.10965236445195058	0.08317970562974686
0.9858498871532115	0.10961883390642484	0.08314797429511056
0.9859006035092991	0.10958531007232096	0.08311624992506256
0.9859513172565875	0.10955179294853941	0.08308453251838746
0.9860020283954795	0.10951828253398077	0.08305282207386987
0.9860527369263776	0.10948477882754559	0.08302111859029444
0.986103442849684	0.10945128182813486	0.08298942206644629
0.986154146165801	0.10941779153464957	0.08295773250111052
0.9862048468751307	0.10938430794599098	0.08292604989307265
0.9862555449780751	0.10935083106106036	0.08289437424111808
0.9863062404750362	0.10931736087875918	0.08286270554403255
0.9863569333664158	0.10928389739798919	0.08283104380060206
0.9864076236526156	0.10925044061765227	0.08279938900961276
0.986458311334037	0.10921699053665031	0.08276774116985085
0.9865089964110819	0.1091835471538854	0.08273610028010277
0.9865596788841514	0.10915011046825998	0.08270446633915528
0.986610358753647	0.10911668047867647	0.08267283934579521
0.9866610360199697	0.10908325718403751	0.08264121929880966
0.9867117106835208	0.10904984058324595	0.08260960619698586
0.9867623827447011	0.10901643067520457	0.08257800003911109
0.9868130522039117	0.10898302745881659	0.08254640082397306
0.9868637190615531	0.10894963093298529	0.08251480855035952
0.9869143833180262	0.10891624109661412	0.08248322321705853
0.9869650449737316	0.10888285794860655	0.0824516448228581
0.9870157040290697	0.10884948148786648	0.08242007336654673
0.9870663604844409	0.1088161117132977	0.08238850884691283
0.9871170143402452	0.10878274862380449	0.08235695126274531
0.9871676655968833	0.1087493922182908	0.08232540061283282
0.9872183142547549	0.10871604249566118	0.08229385689596459
0.9872689603142601	0.10868269945482012	0.08226232011092989
0.9873196037757986	0.10864936309467246	0.08223079025651824
0.9873702446397704	0.10861603341412293	0.08219926733151924
0.9874208829065749	0.10858271041207658	0.08216775133472265
0.987471518576612	0.10854939408743863	0.08213624226491857
0.9875221516502808	0.10851608443911442	0.08210474012089719
0.9875727821279806	0.10848278146600958	0.08207324490144904
0.9876234100101111	0.10844948516702954	0.08204175660536445
0.9876740352970711	0.10841619554108027	0.08201027523143431
0.9877246579892597	0.10838291258706771	0.0819788007784496
0.9877752780870758	0.10834963630389814	0.08194733324520145
0.9878258955909184	0.10831636669047769	0.08191587263048111
0.9878765105011861	0.10828310374571291	0.08188441893308017
0.9879271228182775	0.10824984746851042	0.08185297215179027
0.9879777325425914	0.10821659785777706	0.08182153228540334
0.9880283396745257	0.10818335491241976	0.08179009933271147
0.9880789442144792	0.10815011863134558	0.08175867329250683
0.9881295461628501	0.10811688901346177	0.08172725416358188
0.9881801455200363	0.1080836660576758	0.08169584194472927
0.9882307422864358	0.1080504497628954	0.08166443663474192
0.9882813364624469	0.108017240128028	0.08163303823241258
0.9883319280484669	0.10798403715198171	0.08160164673653456
0.988382517044894	0.10795084083366455	0.08157026214590121
0.9884331034521254	0.10791765117198471	0.08153888445930613
0.9884836872705588	0.10788446816585075	0.0815075136755431
0.9885342685005917	0.10785129181417098	0.08147614979340584
0.9885848471426214	0.10781812211585416	0.08144479281168858
0.9886354231970449	0.10778495906980919	0.08141344272918564
0.9886859966642594	0.10775180267494515	0.08138209954469151
0.988736567544662	0.10771865293017109	0.08135076325700076
0.9887871358386495	0.10768550983439641	0.08131943386490827
0.9888377015466189	0.10765237338653065	0.08128811136720916
0.9888882646689666	0.10761924358548347	0.08125679576269859
0.9889388252060892	0.10758612043016459	0.08122548705017192
0.9889893831583836	0.10755300391948404	0.08119418522842478
0.9890399385262458	0.10751989405235196	0.08116289029625295
0.9890904913100722	0.10748679082767872	0.08113160225245244
0.9891410415102591	0.10745369424437468	0.08110032109581936
0.9891915891272024	0.10742060430135039	0.08106904682514995
0.9892421341612982	0.10738752099751671	0.08103777943924079
0.9892926766129425	0.10735444433178455	0.08100651893688861
0.989343216482531	0.10732137430306507	0.0809752653168903
0.9893937537704591	0.10728831091026957	0.08094401857804297
0.9894442884771228	0.10725525415230916	0.08091277871914371
0.9894948206029176	0.10722220402809564	0.08088154573899008
0.9895453501482385	0.1071891605365407	0.08085031963637968
0.9895958771134811	0.10715612367655628	0.08081910041011037
0.9896464014990405	0.1071230934470543	0.08078788805898009
0.9896969233053117	0.10709006984694697	0.08075668258178699
0.9897474425326898	0.10705705287514686	0.08072548397732957
0.9897979591815697	0.1070240425305662	0.08069429224440619
0.9898484732523458	0.10699103881211783	0.08066310738181573
0.9898989847454133	0.10695804171871454	0.08063192938835702
0.9899494936611666	0.10692505124926942	0.08060075826282927
0.99	0.10689206740269552	0.0805695940040317
0.9900505037623081	0.10685909017790622	0.08053843661076379
0.990101004948485	0.1068261195738149	0.08050728608182511
0.9901515035589251	0.10679315558933528	0.08047614241601564
0.9902019995940222	0.10676019822338106	0.08044500561213534
0.9902524930541705	0.10672724747486644	0.08041387566898456
0.9903029839397638	0.10669430334270522	0.08038275258536344
0.9903534722511957	0.10666136582581175	0.0803516363600727
0.9904039579888603	0.10662843492310049	0.0803205269919131
0.9904544411531507	0.10659551063348606	0.08028942447968558
0.9905049217444606	0.10656259295588323	0.08025832882219136
0.9905553997631833	0.10652968188920675	0.08022724001823159
0.9906058752097123	0.10649677743237186	0.08019615806660794
0.9906563480844405	0.10646387958429358	0.08016508296612196
0.990706818387761	0.10643098834388744	0.08013401471557557
0.9907572861200669	0.10639810371006889	0.08010295331377085
0.9908077512817509	0.10636522568175373	0.08007189875951008
0.9908582138732059	0.1063323542578577	0.08004085105159559
0.9909086738948247	0.10629948943729683	0.08000981018882998
0.9909591313469996	0.10626663121898737	0.07997877617001617
0.9910095862301231	0.10623377960184555	0.079947748993957
0.9910600385445879	0.10620093458478788	0.07991672865945566
0.9911104882907859	0.10616809616673098	0.07988571516531556
0.9911609354691093	0.10613526434659185	0.07985470851034028
0.9912113800799505	0.10610243912328716	0.07982370869333334
0.9912618221237011	0.10606962049573414	0.07979271571309876
0.9913122616007531	0.10603680846285009	0.07976172956844058
0.9913626985114984	0.10600400302355241	0.07973075025816308
0.9914131328563285	0.1059712041767588	0.07969977778107078
0.991463564635635	0.10593841192138685	0.0796688121359682
0.9915139938498095	0.10590562625635458	0.0796378533216602
0.9915644204992432	0.10587284718058006	0.07960690133695184
0.9916148445843275	0.10584007469298139	0.07957595618064821
0.9916652661054535	0.10580730879247707	0.07954501785155467
0.9917156850630124	0.1057745494779857	0.07951408634847693
0.9917661014573951	0.10574179674842576	0.07948316167022054
0.9918165152889924	0.10570905060271632	0.07945224381559149
0.9918669265581951	0.10567631103977632	0.07942133278339594
0.9919173352653939	0.1056435780585249	0.07939042857244005
0.9919677414109797	0.10561085165788138	0.07935953118153041
0.9920181449953424	0.1055781318367653	0.0793286406094736
0.9920685460188726	0.10554541859409645	0.07929775685507665
0.9921189444819608	0.1055127119287943	0.07926687991714623
0.992169340384997	0.10548001183977901	0.07923600979448976
0.9922197337283712	0.10544731832597073	0.07920514648591463
0.9922701245124737	0.1054146313862897	0.0791742899902284
0.9923205127376941	0.10538195101965632	0.0791434403062388
0.9923708984044222	0.10534927722499118	0.07911259743275376
0.9924212815130478	0.10531661000121507	0.0790817613685814
0.9924716620639604	0.10528394934724895	0.07905093211253011
0.9925220400575495	0.10525129526201375	0.07902010966340826
0.9925724154942046	0.10521864774443092	0.07898929402002465
0.992622788374315	0.10518600679342152	0.07895848518118799
0.9926731586982697	0.1051533724079073	0.0789276831457074
0.9927235264664578	0.10512074458681003	0.07889688791239215
0.9927738916792684	0.10508812332905135	0.07886609948005152
0.9928242543370907	0.1050555086335534	0.0788353178474952
0.9928746144403129	0.10502290049923833	0.0788045430135329
0.9929249719893242	0.10499029892502845	0.07877377497697462
0.9929753269845127	0.10495770390984639	0.07874301373663062
0.9930256794262674	0.10492511545261454	0.07871225929131093
0.9930760293149765	0.10489253355225583	0.07868151163982623
0.9931263766510283	0.10485995820769325	0.0786507707809872
0.9931767214348108	0.1048273894178499	0.07862003671360474
0.9932270636667125	0.10479482718164901	0.0785893094364898
0.9932774033471213	0.10476227149801402	0.07855858894845369
0.993327740476425	0.10472972236586849	0.07852787524830782
0.9933780750550115	0.10469717978413626	0.0784971683348638
0.9934284070832684	0.10466464375174127	0.07846646820693347
0.9934787365615834	0.10463211426760737	0.07843577486332867
0.9935290634903441	0.10459959133065887	0.07840508830286162
0.9935793878699377	0.10456707493982019	0.0783744085243446
0.9936297097007516	0.10453456509401586	0.07834373552659026
0.9936800289831732	0.10450206179217052	0.07831306930841117
0.9937303457175896	0.10446956503320905	0.07828240986862021
0.9937806599043876	0.10443707481605641	0.07825175720603053
0.9938309715439543	0.1044045911396378	0.07822111131945535
0.9938812806366765	0.10437211400287871	0.0781904722077082
0.9939315871829408	0.10433964340470424	0.07815983986960244
0.9939818911831342	0.10430717934404024	0.07812921430395205
0.994032192637643	0.10427472181981248	0.07809859550957095
0.9940824915468535	0.10424227083094698	0.07806798348527336
0.9941327879111522	0.10420982637636964	0.07803737822987351
0.9941830817309255	0.10417738845500688	0.07800677974218603
0.9942333730065592	0.1041449570657851	0.0779761880210256
0.9942836617384397	0.1041125322076308	0.07794560306520708
0.9943339479269527	0.10408011387947089	0.07791502487354571
0.9943842315724842	0.104047702080232	0.07788445344485646
0.9944345126754199	0.10401529680884135	0.07785388877795493
0.9944847912361456	0.10398289806422605	0.07782333087165674
0.9945350672550466	0.10395050584531353	0.07779277972477767
0.9945853407325085	0.10391812015103126	0.07776223533613372
0.9946356116689167	0.10388574098030691	0.07773169770454103
0.9946858800646564	0.10385336833206832	0.07770116682881593
0.9947361459201128	0.10382100220524353	0.0776706427077751
0.994786409235671	0.10378864259876065	0.07764012534023512
0.994836670011716	0.1037562895115479	0.07760961472501286
0.9948869282486327	0.10372394294253377	0.07757911086092545
0.9949371839468059	0.1036916028906469	0.07754861374679015
0.99498743710662	0.10365926935481612	0.07751812338142443
0.9950376877284598	0.10362694233397021	0.07748763976364584
0.99508793581271	0.10359462182703832	0.07745716289227222
0.9951381813597547	0.10356230783294972	0.07742669276612162
0.9951884243699782	0.10353000035063391	0.07739622938401222
0.995238664843765	0.10349769937902016	0.07736577274476225
0.995288902781499	0.10346540491703836	0.07733532284719029
0.995339138183564	0.10343311696361832	0.07730487969011503
0.9953893710503443	0.10340083551769011	0.07727444327235547
0.9954396013822235	0.10336856057818392	0.07724401359273067
0.9954898291795853	0.10333629214402996	0.07721359065005978
0.9955400544428135	0.10330403021415886	0.07718317444316235
0.9955902771722914	0.10327177478750124	0.07715276497085805
0.9956404973684025	0.10323952586298786	0.07712236223196653
0.9956907150315303	0.10320728343954963	0.07709196622530784
0.9957409301620578	0.10317504751611785	0.07706157694970227
0.9957911427603682	0.10314281809162358	0.07703119440397004
0.9958413528268447	0.10311059516499835	0.07700081858693168
0.9958915603618699	0.1030783787351738	0.076970449497408
0.995941765365827	0.10304616880108154	0.0769400871342198
0.9959919678390986	0.10301396536165353	0.07690973149618822
0.9960421677820674	0.10298176841582184	0.07687938258213448
0.9960923651951158	0.10294957796251877	0.07684904039088018
0.9961425600786264	0.10291739400067647	0.07681870492124669
0.9961927524329818	0.10288521652922758	0.07678837617205593
0.9962429422585638	0.10285304554710477	0.07675805414212991
0.9962931295557549	0.10282088105324086	0.07672773883029076
0.9963433143249368	0.10278872304656893	0.07669743023536091
0.996393496566492	0.10275657152602195	0.0766671283561628
0.9964436762808021	0.10272442649053345	0.07663683319151922
0.996493853468249	0.10269228793903669	0.07660654474025295
0.9965440281292142	0.10266015587046531	0.07657626300118714
0.9965942002640794	0.10262803028375314	0.07654598797314499
0.9966443698732261	0.10259591117783418	0.07651571965495013
0.9966945369570358	0.10256379855164235	0.07648545804542592
0.9967447015158898	0.10253169240411197	0.07645520314339631
0.996794863550169	0.10249959273417746	0.07642495494768527
0.9968450230602548	0.1024674995407733	0.0763947134571169
0.9968951800465282	0.10243541282283426	0.0763644786705156
0.9969453345093703	0.10240333257929513	0.07633425058670586
0.9969954864491614	0.1023712588090911	0.07630402920451254
0.9970456358662827	0.1023391915111571	0.07627381452276023
0.9970957827611148	0.10230713068442858	0.0762436065402742
0.9971459271340379	0.102275076327841	0.07621340525587961
0.9971960689854328	0.10224302844033005	0.07618321066840202
0.9972462083156797	0.10221098702083149	0.07615302277666691
0.9972963451251589	0.10217895206828126	0.07612284157950008
0.9973464794142505	0.10214692358161555	0.07609266707572764
0.9973966111833347	0.10211490155977047	0.07606249926417556
0.9974467404327912	0.10208288600168254	0.07603233814367026
0.9974968671630001	0.10205087690628827	0.07600218371303825
0.9975469913743412	0.10201887427252458	0.0759720359711063
0.9975971130671941	0.10198687809932812	0.07594189491670113
0.9976472322419383	0.10195488838563607	0.07591176054864995
0.9976973488989535	0.10192290513038553	0.07588163286577988
0.9977474630386188	0.10189092833251391	0.07585151186691838
0.9977975746613138	0.10185895799095873	0.07582139755089305
0.9978476837674175	0.10182699410465756	0.0757912899165317
0.9978977903573091	0.1017950366725485	0.07576118896266236
0.9979478944313676	0.10176308569356915	0.07573109468811298
0.997997995989972	0.10173114116665781	0.07570100709171197
0.9980480950335009	0.10169920309075273	0.07567092617228782
0.9980981915623331	0.10166727146479246	0.07564085192866933
0.9981482855768475	0.10163534628771548	0.07561078435968518
0.9981983770774224	0.10160342755846065	0.0755807234641646
0.9982484660644363	0.10157151527596672	0.07555066924093665
0.9982985525382676	0.10153960943917278	0.07552062168883077
0.9983486364992942	0.10150771004701811	0.07549058080667659
0.9983987179478948	0.10147581709844218	0.07546054659330391
0.9984487968844471	0.10144393059238432	0.07543051904754257
0.9984988733093293	0.10141205052778429	0.07540049816822278
0.9985489472229191	0.101380176903582	0.07537048395417487
0.9985990186255943	0.10134830971871732	0.0753404764042292
0.9986490875177326	0.10131644897213044	0.0753104755172165
0.9986991538997118	0.10128459466276166	0.0752804812919676
0.998749217771909	0.10125274678955151	0.07525049372731364
0.9987992791347018	0.10122090535144064	0.07522051282208579
0.9988493379884676	0.1011890703473696	0.07519053857511532
0.9988993943335835	0.1011572417762794	0.07516057098523382
0.9989494481704267	0.10112541963711119	0.07513061005127311
0.9989994994993742	0.10109360392880623	0.07510065577206514
0.9990495483208027	0.10106179465030585	0.07507070814644197
0.9990995946350895	0.1010299918005515	0.07504076717323586
0.9991496384426108	0.10099819537848499	0.07501083285127928
0.9991996797437438	0.1009664053830481	0.07498090517940491
0.9992497185388645	0.10093462181318297	0.07495098415644562
0.9992997548283498	0.10090284466783161	0.07492106978123428
0.9993497886125758	0.1008710739459364	0.07489116205260421
0.999399819891919	0.10083930964643982	0.07486126096938871
0.9994498486667552	0.10080755176828454	0.0748313665304214
0.999499874937461	0.10077580031041324	0.07480147873453591
0.9995498987044118	0.1007440552717689	0.0747715975805662
0.999599919967984	0.10071231665129457	0.0747417230673463
0.9996499387285531	0.10068058444793372	0.07471185519371068
0.9996999549864949	0.10064885866062942	0.07468199395849348
0.9997499687421851	0.10061713928832541	0.07465213936052953
0.999799979995999	0.10058542632996534	0.07462229139865355
0.9998499887483122	0.10055371978449308	0.07459245007170053
0.9998999949994999	0.10052201965085283	0.07456261537850578
0.9999499987499375	0.10049032592798843	0.07453278731790441
1.	0.10045863861484439	0.07450296588873204