0 1
0.00081098667 0.99999857
0.0016219733 0.9999943
0.00243296 0.99998718
0.0032439467 0.99997723
0.0040549334 0.99996453
0.00486592 0.99994899
0.0056769067 0.99993062
0.0064878934 0.99990947
0.00729888 0.99988571
0.0081098667 0.99985917
0.0089208534 0.99982915
0.0097318401 0.99979674
0.010542827 0.99976226
0.011353813 0.99972346
0.0121648 0.99968281
0.012975787 0.99963933
0.013786773 0.99959245
0.01459776 0.99954409
0.015408747 0.99949103
0.016219733 0.99943732
0.01703072 0.99937842
0.017841707 0.99931913
0.018652693 0.99925457
0.01946368 0.99918995
0.020274667 0.99911948
0.021085653 0.99904901
0.02189664 0.99897325
0.022707627 0.99889661
0.023518613 0.99881603
0.0243296 0.99873296
0.025140587 0.99864805
0.025951574 0.99855831
0.02676256 0.99846856
0.027573547 0.99837293
0.028384534 0.99827625
0.02919552 0.99817722
0.030006507 0.99807335
0.030817494 0.99796949
0.03162848 0.9978603
0.032439467 0.99774899
0.033250454 0.9976376
0.03406144 0.99751861
0.034872427 0.99739961
0.035683414 0.99727891
0.0364944 0.99715197
0.037305387 0.99702504
0.038116374 0.99689542
0.03892736 0.9967603
0.039738347 0.99662518
0.040549334 0.99648712
0.04136032 0.99634357
0.042171307 0.99620001
0.042982294 0.99605404
0.04379328 0.99590181
0.044604267 0.99574958
0.045415254 0.99559631
0.04622624 0.99543516
0.047037227 0.99527401
0.047848214 0.99511285
0.0486592 0.99494379
0.049470187 0.99477347
0.050281174 0.99460316
0.05109216 0.99442796
0.051903147 0.99424825
0.052714134 0.99406853
0.05352512 0.993888
0.054336107 0.99369865
0.055147094 0.9935093
0.05595808 0.99331995
0.056769067 0.99312509
0.057580054 0.99292587
0.05839104 0.99272665
0.059202027 0.99252742
0.060013014 0.99231869
0.060824 0.99210937
0.061634987 0.99190004
0.062445974 0.9916883
0.06325696 0.99146864
0.064067952 0.99124899
0.064878939 0.99102933
0.065689926 0.99080508
0.066500912 0.99057486
0.067311899 0.99034465
0.068122886 0.99011443
0.068933872 0.98987833
0.069744859 0.98963733
0.070555846 0.98939634
0.071366832 0.98915534
0.072177819 0.98890812
0.072988806 0.98865612
0.073799792 0.98840412
0.074610779 0.98815212
0.075421766 0.98789456
0.076232752 0.98763134
0.077043739 0.98736813
0.077854726 0.98710491
0.078665712 0.98683786
0.079476699 0.98656322
0.080287686 0.98628857
0.081098672 0.98601393
0.081909659 0.9857383
0.082720646 0.98545201
0.083531632 0.98516573
0.084342619 0.98487945
0.085153606 0.98459316
0.085964592 0.98429807
0.086775579 0.98399994
0.087586566 0.98370182
0.088397552 0.98340369
0.089208539 0.9831018
0.090019526 0.98279163
0.090830512 0.98248146
0.091641499 0.98217129
0.092452486 0.98186113
0.093263472 0.98154126
0.094074459 0.98121886
0.094885446 0.98089645
0.095696432 0.98057405
0.096507419 0.98024937
0.097318406 0.97991455
0.098129392 0.97957972
0.098940379 0.97924489
0.099751366 0.97891006
0.10056235 0.97856914
0.10137334 0.9782217
0.10218433 0.97787426
0.10299531 0.97752682
0.1038063 0.97717938
0.10461729 0.97682306
0.10542827 0.97646283
0.10623926 0.9761026
0.10705025 0.97574237
0.10786123 0.97538214
0.10867222 0.97501134
0.10948321 0.97463814
0.11029419 0.97426495
0.11110518 0.97389176
0.11191617 0.97351857
0.11272715 0.97313424
0.11353814 0.97274791
0.11434913 0.97236159
0.11516011 0.97197527
0.1159711 0.97158894
0.11678209 0.9711921
0.11759307 0.97079249
0.11840406 0.97039287
0.11921505 0.96999326
0.12002603 0.96959364
0.12083702 0.96918534
0.12164801 0.96877228
0.12245899 0.96835922
0.12326998 0.96794616
0.12408097 0.96753311
0.12489195 0.96711445
0.12570294 0.96668779
0.12651393 0.96626114
0.12732491 0.96583449
0.1281359 0.96540784
0.12894689 0.96497996
0.12975787 0.96453958
0.13056886 0.96409919
0.13137985 0.96365881
0.13219083 0.96321843
0.13300182 0.96277804
0.13381281 0.96232826
0.13462379 0.96187401
0.13543478 0.96141976
0.13624577 0.96096551
0.13705675 0.96051126
0.13786774 0.96005452
0.13867873 0.95958628
0.13948971 0.95911804
0.1403007 0.95864981
0.14111169 0.95818157
0.14192267 0.95771333
0.14273366 0.95723676
0.14354465 0.95675442
0.14435563 0.95627207
0.14516662 0.95578973
0.14597761 0.95530739
0.14678859 0.95482504
0.14759958 0.9543297
0.14841057 0.95383314
0.14922155 0.95333658
0.15003254 0.95284003
0.15084353 0.95234347
0.15165451 0.95184475
0.1524655 0.95133388
0.15327649 0.95082301
0.15408747 0.95031214
0.15489846 0.94980127
0.15570945 0.9492904
0.15652043 0.94877521
0.15733142 0.94824994
0.15814241 0.94772467
0.15895339 0.9471994
0.15976438 0.94667413
0.16057537 0.94614886
0.16138635 0.94561836
0.16219734 0.9450786
0.16300833 0.94453885
0.16381931 0.9439991
0.1646303 0.94345935
0.16544129 0.9429196
0.16625227 0.94237497
0.16706326 0.94182066
0.16787425 0.94126636
0.16868523 0.94071205
0.16949622 0.94015775
0.17030721 0.93960344
0.17111819 0.9390459
0.17192918 0.93847698
0.17274017 0.93790806
0.17355115 0.93733915
0.17436214 0.93677023
0.17517313 0.93620131
0.17598411 0.93563208
0.1767951 0.9350485
0.17760609 0.93446492
0.17841707 0.93388134
0.17922806 0.93329776
0.18003905 0.93271418
0.18085003 0.9321306
0.18166102 0.93153623
0.18247201 0.93093795
0.18328299 0.93033967
0.18409398 0.92974139
0.18490497 0.92914311
0.18571595 0.92854483
0.18652694 0.92794124
0.18733793 0.92732823
0.18814891 0.92671522
0.1889599 0.92610221
0.18977089 0.9254892
0.19058188 0.9248762
0.19139286 0.92426319
0.19220385 0.92363691
0.19301484 0.92300915
0.19382582 0.9223814
0.19463681 0.92175365
0.1954478 0.92112589
0.19625878 0.92049814
0.19706977 0.91986518
0.19788076 0.91922267
0.19869174 0.91858017
0.19950273 0.91793766
0.20031372 0.91729516
0.2011247 0.91665265
0.20193569 0.91601015
0.20274668 0.91535703
0.20355766 0.91469979
0.20436865 0.91404254
0.20517964 0.91338529
0.20599062 0.91272805
0.20680161 0.9120708
0.2076126 0.91141354
0.20842358 0.91074157
0.20923457 0.9100696
0.21004556 0.90939763
0.21085654 0.90872566
0.21166753 0.90805369
0.21247852 0.90738172
0.2132895 0.90670687
0.21410049 0.90602022
0.21491148 0.90533356
0.21572246 0.9046469
0.21653345 0.90396024
0.21734444 0.90327358
0.21815542 0.90258692
0.21896641 0.90189579
0.2197774 0.90119448
0.22058838 0.90049318
0.22139937 0.89979188
0.22221036 0.89909057
0.22302134 0.89838927
0.22383233 0.89768797
0.22464332 0.89698186
0.2254543 0.89626597
0.22626529 0.89555008
0.22707628 0.89483419
0.22788726 0.8941183
0.22869825 0.89340241
0.22950924 0.89268653
0.23032023 0.89196674
0.23113121 0.89123634
0.2319422 0.89050594
0.23275319 0.88977554
0.23356417 0.88904513
0.23437516 0.88831473
0.23518615 0.88758433
0.23599713 0.88685216
0.23680812 0.88610734
0.23761911 0.88536251
0.23843009 0.88461768
0.23924108 0.88387285
0.24005207 0.88312803
0.24086305 0.8823832
0.24167404 0.88163837
0.24248503 0.88088077
0.24329601 0.88012162
0.244107 0.87936246
0.24491799 0.87860331
0.24572897 0.87784416
0.24653996 0.877085
0.24735095 0.87632585
0.24816193 0.87555851
0.24897292 0.87478514
0.24978391 0.87401178
0.25059489 0.87323841
0.25140588 0.87246505
0.25221687 0.87169168
0.25302785 0.87091832
0.25383884 0.87014247
0.25464983 0.86935503
0.25546081 0.86856758
0.2562718 0.86778013
0.25708279 0.86699268
0.25789377 0.86620524
0.25870476 0.86541779
0.25951575 0.86463034
0.26032673 0.86383325
0.26113772 0.86303187
0.26194871 0.86223048
0.26275969 0.8614291
0.26357068 0.86062771
0.26438167 0.85982632
0.26519265 0.85902494
0.26600364 0.85822185
0.26681463 0.85740669
0.26762561 0.85659152
0.2684366 0.85577636
0.26924759 0.85496119
0.27005857 0.85414602
0.27086956 0.85333086
0.27168055 0.85251569
0.27249153 0.85169412
0.27330252 0.85086535
0.27411351 0.85003657
0.27492449 0.8492078
0.27573548 0.84837903
0.27654647 0.84755026
0.27735745 0.84672149
0.27816844 0.84589272
0.27897943 0.84505408
0.27979041 0.84421189
0.2806014 0.84336971
0.28141239 0.84252752
0.28222337 0.84168533
0.28303436 0.84084314
0.28384535 0.84000096
0.28465633 0.83915877
0.28546732 0.83830448
0.28627831 0.83744908
0.28708929 0.83659368
0.28790028 0.83573828
0.28871127 0.83488288
0.28952225 0.83402748
0.29033324 0.83317208
0.29114423 0.8323165
0.29195521 0.83144811
0.2927662 0.83057972
0.29357719 0.82971133
0.29438817 0.82884294
0.29519916 0.82797455
0.29601015 0.82710616
0.29682113 0.82623777
0.29763212 0.82536901
0.29844311 0.82448787
0.29925409 0.82360672
0.30006508 0.82272557
0.30087607 0.82184443
0.30168705 0.82096328
0.30249804 0.82008213
0.30330903 0.81920099
0.30412001 0.81831984
0.304931 0.81742669
0.30574199 0.81653304
0.30655297 0.81563939
0.30736396 0.81474574
0.30817495 0.81385209
0.30898593 0.81295844
0.30979692 0.81206478
0.31060791 0.81117113
0.31141889 0.81026758
0.31222988 0.80936169
0.31304087 0.8084558
0.31385185 0.80754992
0.31466284 0.80664403
0.31547383 0.80573814
0.31628481 0.80483225
0.3170958 0.80392637
0.31790679 0.80301359
0.31871778 0.80209575
0.31952876 0.80117791
0.32033975 0.80026007
0.32115074 0.79934223
0.32196172 0.79842439
0.32277271 0.79750654
0.3235837 0.7965887
0.32439468 0.79566782
0.32520567 0.79473832
0.32601666 0.79380883
0.32682764 0.79287933
0.32763863 0.79194984
0.32844962 0.79102034
0.3292606 0.79009085
0.33007159 0.78916135
0.33088258 0.78823185
0.33169356 0.78729256
0.33250455 0.78635172
0.33331554 0.78541089
0.33412652 0.78447005
0.33493751 0.78352922
0.3357485 0.78258838
0.33655948 0.78164755
0.33737047 0.78070671
0.33818146 0.77976163
0.33899244 0.77880979
0.33980343 0.77785794
0.34061442 0.7769061
0.3414254 0.77595425
0.34223639 0.77500241
0.34304738 0.77405056
0.34385836 0.77309872
0.34466935 0.77214687
0.34548034 0.77118623
0.34629132 0.77022372
0.34710231 0.76926121
0.3479133 0.7682987
0.34872428 0.76733619
0.34953527 0.76637369
0.35034626 0.76541118
0.35115724 0.76444867
0.35196823 0.76348426
0.35277922 0.76251145
0.3535902 0.76153864
0.35440119 0.76056584
0.35521218 0.75959303
0.35602316 0.75862022
0.35683415 0.75764741
0.35764514 0.7566746
0.35845612 0.75570179
0.35926711 0.75472439
0.3600781 0.75374166
0.36088908 0.75275892
0.36170007 0.75177619
0.36251106 0.75079346
0.36332204 0.74981072
0.36413303 0.74882799
0.36494402 0.74784525
0.365755 0.74686252
0.36656599 0.7458735
0.36737698 0.74488124
0.36818796 0.74388897
0.36899895 0.7428967
0.36980994 0.74190444
0.37062092 0.74091217
0.37143191 0.73991991
0.3722429 0.73892764
0.37305388 0.73793537
0.37386487 0.73693603
0.37467586 0.73593463
0.37548684 0.73493324
0.37629783 0.73393185
0.37710882 0.73293046
0.3779198 0.73192907
0.37873079 0.73092768
0.37954178 0.72992629
0.38035276 0.7289249
0.38116375 0.72791644
0.38197474 0.72690634
0.38278572 0.72589625
0.38359671 0.72488615
0.3844077 0.72387606
0.38521868 0.72286597
0.38602967 0.72185587
0.38684066 0.72084578
0.38765164 0.71983569
0.38846263 0.71881924
0.38927362 0.71780088
0.3900846 0.71678252
0.39089559 0.71576416
0.39170658 0.7147458
0.39251756 0.71372744
0.39332855 0.71270908
0.39413954 0.71169072
0.39495052 0.71067236
0.39576151 0.70964895
0.3965725 0.70862277
0.39738348 0.7075966
0.39819447 0.70657042
0.39900546 0.70554425
0.39981644 0.70451807
0.40062743 0.7034919
0.40143842 0.70246572
0.4022494 0.70143955
0.40306039 0.70041012
0.40387138 0.69937659
0.40468236 0.69834306
0.40549335 0.69730954
0.40630434 0.69627601
0.40711532 0.69524249
0.40792631 0.69420896
0.4087373 0.69317544
0.40954828 0.69214191
0.41035927 0.69110728
0.41117026 0.69006688
0.41198124 0.68902648
0.41279223 0.68798608
0.41360322 0.68694568
0.4144142 0.68590529
0.41522519 0.68486489
0.41603618 0.68382449
0.41684716 0.68278409
0.41765815 0.68174369
0.41846914 0.68069819
0.41928012 0.67965141
0.42009111 0.67860463
0.4209021 0.67755785
0.42171308 0.67651107
0.42252407 0.67546429
0.42333506 0.67441751
0.42414604 0.67337074
0.42495703 0.67232396
0.42576802 0.67127506
0.426579 0.6702224
0.42738999 0.66916974
0.42820098 0.66811709
0.42901196 0.66706443
0.42982295 0.66601178
0.43063394 0.66495912
0.43144492 0.66390646
0.43225591 0.66285381
0.4330669 0.66180115
0.43387788 0.66074398
0.43468887 0.65968596
0.43549986 0.65862794
0.43631084 0.65756993
0.43712183 0.65651191
0.43793282 0.65545389
0.4387438 0.65439588
0.43955479 0.65333786
0.44036578 0.65227984
0.44117676 0.65122063
0.44198775 0.65015778
0.44279874 0.64909494
0.44360973 0.64803209
0.44442072 0.64696924
0.4452317 0.64590639
0.44604269 0.64484354
0.44685368 0.64378069
0.44766466 0.64271784
0.44847565 0.64165499
0.44928664 0.64058968
0.45009762 0.63952254
0.45090861 0.63845539
0.4517196 0.63738825
0.45253058 0.63632111
0.45334157 0.63525397
0.45415256 0.63418682
0.45496354 0.63311968
0.45577453 0.63205254
0.45658552 0.63098539
0.4573965 0.62991518
0.45820749 0.62884429
0.45901848 0.6277734
0.45982946 0.62670251
0.46064045 0.62563163
0.46145144 0.62456074
0.46226242 0.62348985
0.46307341 0.62241897
0.4638844 0.62134808
0.46469538 0.62027719
0.46550637 0.61920314
0.46631736 0.61812907
0.46712834 0.617055
0.46793933 0.61598093
0.46875032 0.61490686
0.4695613 0.61383279
0.47037229 0.61275872
0.47118328 0.61168464
0.47199426 0.61061057
0.47280525 0.60953628
0.47361624 0.60845959
0.47442722 0.6073829
0.47523821 0.60630622
0.4760492 0.60522953
0.47686018 0.60415284
0.47767117 0.60307615
0.47848216 0.60199947
0.47929314 0.60092278
0.48010413 0.59984609
0.48091512 0.5987692
0.4817261 0.59769047
0.48253709 0.59661175
0.48334808 0.59553302
0.48415906 0.5944543
0.48497005 0.59337557
0.48578104 0.59229685
0.48659202 0.59121812
0.48740301 0.5901394
0.488214 0.58906067
0.48902498 0.58798189
0.48983597 0.58690171
0.49064696 0.58582153
0.49145794 0.58474136
0.49226893 0.58366118
0.49307992 0.582581
0.4938909 0.58150082
0.49470189 0.58042065
0.49551288 0.57934047
0.49632386 0.57826029
0.49713485 0.57718012
0.49794584 0.57609916
0.49875682 0.57501812
0.49956781 0.57393709
0.5003788 0.57285605
0.50118978 0.57177502
0.50200077 0.57069398
0.50281176 0.56961294
0.50362274 0.56853191
0.50443373 0.56745087
0.50524472 0.56636983
0.5060557 0.56528862
0.50686669 0.56420732
0.50767768 0.56312602
0.50848866 0.56204473
0.50929965 0.56096343
0.51011064 0.55988214
0.51092162 0.55880084
0.51173261 0.55771954
0.5125436 0.55663825
0.51335458 0.55555695
0.51416557 0.5544758
0.51497656 0.55339484
0.51578754 0.55231389
0.51659853 0.55123294
0.51740952 0.55015199
0.5182205 0.54907104
0.51903149 0.54799009
0.51984248 0.54690914
0.52065346 0.54582819
0.52146445 0.54474724
0.52227544 0.54366633
0.52308642 0.54258633
0.52389741 0.54150633
0.5247084 0.54042634
0.52551938 0.53934634
0.52633037 0.53826635
0.52714136 0.53718635
0.52795234 0.53610635
0.52876333 0.53502636
0.52957432 0.53394636
0.5303853 0.53286637
0.53119629 0.53178732
0.53200728 0.53070889
0.53281826 0.52963046
0.53362925 0.52855204
0.53444024 0.52747361
0.53525122 0.52639518
0.53606221 0.52531676
0.5368732 0.52423833
0.53768418 0.5231599
0.53849517 0.52208147
0.53930616 0.52100325
0.54011714 0.51992701
0.54092813 0.51885077
0.54173912 0.51777453
0.5425501 0.51669828
0.54336109 0.51562204
0.54417208 0.5145458
0.54498306 0.51346956
0.54579405 0.51239332
0.54660504 0.51131708
0.54741602 0.51024084
0.54822701 0.50916601
0.549038 0.50809257
0.54984898 0.50701914
0.55065997 0.5059457
0.55147096 0.50487227
0.55228194 0.50379883
0.55309293 0.5027254
0.55390392 0.50165196
0.5547149 0.50057853
0.55552589 0.49950509
0.55633688 0.49843165
0.55714786 0.4973611
0.55795885 0.49629109
0.55876984 0.49522108
0.55958082 0.49415107
0.56039181 0.49308107
0.5612028 0.49201106
0.56201378 0.49094105
0.56282477 0.48987104
0.56363576 0.48880103
0.56444674 0.48773102
0.56525773 0.48666144
0.56606872 0.48559547
0.5668797 0.48452951
0.56769069 0.48346355
0.56850168 0.48239759
0.56931266 0.48133163
0.57012366 0.48026566
0.57093464 0.4791997
0.57174563 0.47813374
0.57255662 0.47706778
0.5733676 0.47600182
0.57417859 0.47493723
0.57498958 0.47387594
0.57580056 0.47281465
0.57661155 0.47175335
0.57742254 0.47069206
0.57823352 0.46963076
0.57904451 0.46856947
0.5798555 0.46750818
0.58066648 0.46644688
0.58147747 0.46538559
0.58228846 0.46432429
0.58309944 0.46326518
0.58391043 0.46220917
0.58472142 0.46115317
0.5855324 0.46009716
0.58634339 0.45904115
0.58715438 0.45798515
0.58796536 0.45692914
0.58877635 0.45587313
0.58958734 0.45481713
0.59039832 0.45376112
0.59120931 0.45270511
0.5920203 0.4516518
0.59283128 0.45060169
0.59364227 0.44955159
0.59445326 0.44850149
0.59526424 0.44745139
0.59607523 0.44640128
0.59688622 0.44535118
0.5976972 0.44430108
0.59850819 0.44325098
0.59931918 0.44220087
0.60013016 0.44115077
0.60094115 0.44010345
0.60175214 0.43905986
0.60256312 0.43801628
0.60337411 0.43697269
0.6041851 0.43592911
0.60499608 0.43488552
0.60580707 0.43384194
0.60661806 0.43279835
0.60742904 0.43175477
0.60824003 0.43071118
0.60905102 0.4296676
0.609862 0.42862632
0.61067299 0.42758986
0.61148398 0.42655341
0.61229496 0.42551695
0.61310595 0.42448049
0.61391694 0.42344403
0.61472792 0.42240757
0.61553891 0.42137111
0.6163499 0.42033466
0.61716088 0.4192982
0.61797187 0.41826174
0.61878286 0.41722644
0.61959384 0.41619771
0.62040483 0.41516898
0.62121582 0.41414025
0.6220268 0.41311153
0.62283779 0.4120828
0.62364878 0.41105407
0.62445976 0.41002534
0.62527075 0.40899661
0.62608174 0.40796789
0.62689272 0.40693916
0.62770371 0.40591043
0.6285147 0.40488922
0.62932568 0.40386882
0.63013667 0.40284842
0.63094766 0.40182802
0.63175864 0.40080762
0.63256963 0.39978722
0.63338062 0.39876682
0.6341916 0.39774642
0.63500259 0.39672602
0.63581358 0.39570562
0.63662456 0.39468522
0.63743555 0.39367004
0.63824654 0.39265856
0.63905752 0.39164707
0.63986851 0.39063559
0.6406795 0.3896241
0.64149048 0.38861262
0.64230147 0.38760114
0.64311246 0.38658965
0.64392344 0.38557817
0.64473443 0.38456669
0.64554542 0.3835552
0.6463564 0.38254559
0.64716739 0.3815436
0.64797838 0.38054162
0.64878936 0.37953963
0.64960035 0.37853765
0.65041134 0.37753566
0.65122232 0.37653368
0.65203331 0.37553169
0.6528443 0.37452971
0.65365528 0.37352772
0.65446627 0.37252573
0.65527726 0.37152375
0.65608824 0.37052918
0.65689923 0.36953727
0.65771022 0.36854535
0.6585212 0.36755344
0.65933219 0.36656152
0.66014318 0.36556961
0.66095416 0.36457769
0.66176515 0.36358578
0.66257614 0.36259386
0.66338712 0.36160195
0.66419811 0.36061003
0.6650091 0.35962031
0.66582008 0.35863902
0.66663107 0.35765774
0.66744206 0.35667646
0.66825304 0.35569518
0.66906403 0.35471389
0.66987502 0.35373261
0.670686 0.35275133
0.67149699 0.35177004
0.67230798 0.35078876
0.67311896 0.34980748
0.67392995 0.3488262
0.67474094 0.34785167
0.67555192 0.34688157
0.67636291 0.34591147
0.6771739 0.34494137
0.67798488 0.34397127
0.67879587 0.34300117
0.67960686 0.34203107
0.68041784 0.34106097
0.68122883 0.34009087
0.68203982 0.33912077
0.6828508 0.33815067
0.68366179 0.33718057
0.68447278 0.33622141
0.68528376 0.33526303
0.68609475 0.33430465
0.68690574 0.33334627
0.68771672 0.33238789
0.68852771 0.33142951
0.6893387 0.33047113
0.69014968 0.32951275
0.69096067 0.32855437
0.69177166 0.32759599
0.69258264 0.32663761
0.69339363 0.32568158
0.69420462 0.32473545
0.6950156 0.32378931
0.69582659 0.32284318
0.69663758 0.32189704
0.69744857 0.32095091
0.69825956 0.32000477
0.69907054 0.31905864
0.69988153 0.3181125
0.70069252 0.31716637
0.7015035 0.31622023
0.70231449 0.3152741
0.70312548 0.31433284
0.70393646 0.31339946
0.70474745 0.31246608
0.70555844 0.3115327
0.70636942 0.31059932
0.70718041 0.30966594
0.7079914 0.30873256
0.70880238 0.30779918
0.70961337 0.3068658
0.71042436 0.30593242
0.71123534 0.30499904
0.71204633 0.30406566
0.71285732 0.30313894
0.7136683 0.30221881
0.71447929 0.30129869
0.71529028 0.30037856
0.71610126 0.29945843
0.71691225 0.2985383
0.71772324 0.29761817
0.71853422 0.29669804
0.71934521 0.29577792
0.7201562 0.29485779
0.72096718 0.29393766
0.72177817 0.29301753
0.72258916 0.29210501
0.72340014 0.29119862
0.72421113 0.29029222
0.72502212 0.28938582
0.7258331 0.28847942
0.72664409 0.28757302
0.72745508 0.28666663
0.72826606 0.28576023
0.72907705 0.28485383
0.72988804 0.28394743
0.73069902 0.28304103
0.73151001 0.28213464
0.732321 0.28123587
0.73313198 0.28034367
0.73394297 0.27945146
0.73475396 0.27855926
0.73556494 0.27766705
0.73637593 0.27677485
0.73718692 0.27588264
0.7379979 0.27499044
0.73880889 0.27409823
0.73961988 0.27320603
0.74043086 0.27231383
0.74124185 0.27142162
0.74205284 0.27053605
0.74286382 0.26965848
0.74367481 0.26878092
0.7444858 0.26790335
0.74529678 0.26702578
0.74610777 0.26614822
0.74691876 0.26527065
0.74772974 0.26439308
0.74854073 0.26351552
0.74935172 0.26263795
0.7501627 0.26176039
0.75097369 0.26088282
0.75178468 0.26000978
0.75259566 0.25914728
0.75340665 0.25828478
0.75421764 0.25742228
0.75502862 0.25655978
0.75583961 0.25569728
0.7566506 0.25483478
0.75746158 0.25397227
0.75827257 0.25310977
0.75908356 0.25224727
0.75989454 0.25138477
0.76070553 0.25052227
0.76151652 0.24966102
0.7623275 0.24881399
0.76313849 0.24796696
0.76394948 0.24711993
0.76476046 0.2462729
0.76557145 0.24542588
0.76638244 0.24457885
0.76719342 0.24373182
0.76800441 0.24288479
0.7688154 0.24203776
0.76962638 0.24119073
0.77043737 0.24034371
0.77124836 0.23949668
0.77205934 0.23866224
0.77287033 0.23783107
0.77368132 0.2369999
0.7744923 0.23616873
0.77530329 0.23533756
0.77611428 0.2345064
0.77692526 0.23367523
0.77773625 0.23284406
0.77854724 0.23201289
0.77935822 0.23118173
0.78016921 0.23035056
0.7809802 0.22951939
0.78179118 0.22869536
0.78260217 0.22788042
0.78341316 0.22706548
0.78422414 0.22625054
0.78503513 0.2254356
0.78584612 0.22462066
0.7866571 0.22380572
0.78746809 0.22299078
0.78827908 0.22217584
0.78909006 0.2213609
0.78990105 0.22054596
0.79071204 0.21973102
0.79152302 0.2189164
0.79233401 0.21811804
0.793145 0.21731967
0.79395598 0.21652131
0.79476697 0.21572294
0.79557796 0.21492457
0.79638894 0.21412621
0.79719993 0.21332784
0.79801092 0.21252948
0.7988219 0.21173111
0.79963289 0.21093274
0.80044388 0.21013438
0.80125486 0.20933601
0.80206585 0.20854665
0.80287684 0.20776519
0.80368782 0.20698372
0.80449881 0.20620225
0.8053098 0.20542078
0.80612078 0.20463932
0.80693177 0.20385785
0.80774276 0.20307638
0.80855374 0.20229491
0.80936473 0.20151345
0.81017572 0.20073198
0.8109867 0.19995051
0.81179769 0.19916904
0.81260868 0.19840445
0.81341966 0.19764018
0.81423065 0.19687591
0.81504164 0.19611165
0.81585262 0.19534738
0.81666361 0.19458311
0.8174746 0.19381885
0.81828558 0.19305458
0.81909657 0.19229031
0.81990756 0.19152604
0.82071854 0.19076178
0.82152953 0.18999751
0.82234052 0.18923959
0.8231515 0.18849281
0.82396249 0.18774602
0.82477348 0.18699923
0.82558447 0.18625245
0.82639545 0.18550566
0.82720644 0.18475887
0.82801743 0.18401208
0.82882841 0.1832653
0.8296394 0.18251851
0.83045039 0.18177172
0.83126137 0.18102493
0.83207236 0.18027815
0.83288335 0.17954343
0.83369433 0.17881438
0.83450532 0.17808533
0.83531631 0.17735628
0.83612729 0.17662723
0.83693828 0.17589818
0.83774927 0.17516913
0.83856025 0.17444007
0.83937124 0.17371102
0.84018223 0.17298197
0.84099321 0.17225292
0.8418042 0.17152387
0.84261519 0.17079482
0.84342617 0.17008254
0.84423716 0.16937146
0.84504815 0.16866037
0.84585913 0.16794929
0.84667012 0.16723821
0.84748111 0.16652713
0.84829209 0.16581604
0.84910308 0.16510496
0.84991407 0.16439388
0.85072505 0.16368279
0.85153604 0.16297171
0.85234703 0.16226063
0.85315801 0.16155176
0.853969 0.16085885
0.85477999 0.16016595
0.85559097 0.15947304
0.85640196 0.15878014
0.85721295 0.15808723
0.85802393 0.15739433
0.85883492 0.15670142
0.85964591 0.15600852
0.86045689 0.15531561
0.86126788 0.1546227
0.86207887 0.1539298
0.86288985 0.15323689
0.86370084 0.15254851
0.86451183 0.15187396
0.86532281 0.15119942
0.8661338 0.15052487
0.86694479 0.14985033
0.86775577 0.14917579
0.86856676 0.14850124
0.86937775 0.1478267
0.87018873 0.14715215
0.87099972 0.14647761
0.87181071 0.14580307
0.87262169 0.14512852
0.87343268 0.14445398
0.87424367 0.14378512
0.87505465 0.14312909
0.87586564 0.14247307
0.87667663 0.14181705
0.87748761 0.14116103
0.8782986 0.14050501
0.87910959 0.13984898
0.87992057 0.13919296
0.88073156 0.13853694
0.88154255 0.13788092
0.88235353 0.1372249
0.88316452 0.13656887
0.88397551 0.13591285
0.88478649 0.1352625
0.88559748 0.13462514
0.88640847 0.13398777
0.88721945 0.13335041
0.88803044 0.13271304
0.88884143 0.13207568
0.88965241 0.13143831
0.8904634 0.13080095
0.89127439 0.13016358
0.89208537 0.12952622
0.89289636 0.12888885
0.89370735 0.12825149
0.89451833 0.12761412
0.89532932 0.12698123
0.89614031 0.12636263
0.89695129 0.12574404
0.89776228 0.12512544
0.89857327 0.12450684
0.89938425 0.12388825
0.90019524 0.12326965
0.90100623 0.12265105
0.90181721 0.12203245
0.9026282 0.12141386
0.90343919 0.12079526
0.90425017 0.12017666
0.90506116 0.11955807
0.90587215 0.11894155
0.90668313 0.1183418
0.90749412 0.11774206
0.90830511 0.11714232
0.90911609 0.11654257
0.90992708 0.11594283
0.91073807 0.11534309
0.91154905 0.11474334
0.91236004 0.1141436
0.91317103 0.11354386
0.91398201 0.11294411
0.914793 0.11234437
0.91560399 0.11174463
0.91641497 0.11114489
0.91722596 0.11056254
0.91803695 0.10998171
0.91884793 0.10940088
0.91965892 0.10882005
0.92046991 0.10823923
0.92128089 0.1076584
0.92209188 0.10707757
0.92290287 0.10649674
0.92371385 0.10591591
0.92452484 0.10533509
0.92533583 0.10475426
0.92614681 0.10417343
0.9269578 0.1035926
0.92776879 0.10302442
0.92857977 0.10246254
0.92939076 0.10190067
0.93020175 0.10133879
0.93101274 0.10077691
0.93182372 0.10021504
0.93263471 0.099653161
0.9334457 0.099091285
0.93425668 0.098529408
0.93506767 0.097967532
0.93587866 0.097405656
0.93668964 0.096843779
0.93750063 0.096281903
0.93831162 0.095726728
0.9391226 0.095183815
0.93993359 0.094640902
0.94074458 0.094097989
0.94155556 0.093555077
0.94236655 0.093012164
0.94317754 0.092469251
0.94398852 0.091926338
0.94479951 0.091383425
0.9456105 0.090840512
0.94642148 0.090297599
0.94723247 0.089754686
0.94804346 0.089211773
0.94885444 0.08866886
0.94966543 0.088144489
0.95047642 0.087620527
0.95128741 0.087096565
0.95209839 0.086572603
0.95290938 0.086048641
0.95372037 0.085524679
0.95453135 0.085000717
0.95534234 0.084476755
0.95615333 0.083952793
0.95696431 0.083428831
0.9577753 0.082904869
0.95858629 0.082380907
0.95939727 0.081856945
0.96020826 0.081343246
0.96101925 0.080838198
0.96183023 0.08033315
0.96264122 0.079828103
0.96345221 0.079323055
0.96426319 0.078818007
0.96507418 0.07831296
0.96588517 0.077807912
0.96669615 0.077302864
0.96750714 0.076797817
0.96831813 0.076292769
0.96912911 0.075787721
0.9699401 0.075282674
0.97075109 0.0747785
0.97156207 0.074292306
0.97237306 0.073806112
0.97318405 0.073319918
0.97399503 0.072833724
0.97480602 0.07234753
0.97561701 0.071861336
0.97642799 0.071375142
0.97723898 0.070888948
0.97804997 0.070402754
0.97886095 0.06991656
0.97967194 0.069430366
0.98048293 0.068944172
0.98129391 0.068457977
0.9821049 0.067980982
0.98291589 0.067513558
0.98372687 0.067046133
0.98453786 0.066578709
0.98534885 0.066111284
0.98615983 0.06564386
0.98697082 0.065176435
0.98778181 0.064709011
0.98859279 0.064241586
0.98940378 0.063774161
0.99021477 0.063306737
0.99102575 0.062839312
0.99183674 0.062371888
0.99264773 0.061904463
0.99345871 0.061453352
0.9942697 0.06100459
0.99508069 0.060555828
0.99589167 0.060107065
0.99670266 0.059658303
0.99751365 0.059209541
0.99832463 0.058760778
0.99913562 0.058312016
0.99994661 0.057863254
1.0007576 0.057414492
1.0015686 0.056965729
1.0023796 0.056516967
1.0031906 0.056068205
1.0040015 0.055623128
1.0048125 0.055192898
1.0056235 0.054762668
1.0064345 0.054332438
1.0072455 0.053902208
1.0080565 0.053471978
1.0088675 0.053041747
1.0096784 0.052611517
1.0104894 0.052181287
1.0113004 0.051751057
1.0121114 0.051320827
1.0129224 0.050890597
1.0137334 0.050460367
1.0145444 0.050030136
1.0153554 0.049608448
1.0161663 0.049196597
1.0169773 0.048784747
1.0177883 0.048372897
1.0185993 0.047961047
1.0194103 0.047549197
1.0202213 0.047137347
1.0210323 0.046725496
1.0218432 0.046313646
1.0226542 0.045901796
1.0234652 0.045489946
1.0242762 0.045078096
1.0250872 0.044666245
1.0258982 0.044254395
1.0267092 0.043854779
1.0275202 0.043461135
1.0283311 0.043067491
1.0291421 0.042673847
1.0299531 0.042280203
1.0307641 0.041886559
1.0315751 0.041492915
1.0323861 0.041099271
1.0331971 0.040705627
1.034008 0.040311982
1.034819 0.039918338
1.03563 0.039524694
1.036441 0.03913105
1.037252 0.038737406
1.038063 0.03835855
1.038874 0.037982917
1.039685 0.037607284
1.0404959 0.037231652
1.0413069 0.036856019
1.0421179 0.036480386
1.0429289 0.036104753
1.0437399 0.03572912
1.0445509 0.035353487
1.0453619 0.034977854
1.0461728 0.034602221
1.0469838 0.034226588
1.0477948 0.033850955
1.0486058 0.033475322
1.0494168 0.033115925
1.0502278 0.032758088
1.0510388 0.032400251
1.0518498 0.032042414
1.0526607 0.031684577
1.0534717 0.03132674
1.0542827 0.030968903
1.0550937 0.030611066
1.0559047 0.030253228
1.0567157 0.029895391
1.0575267 0.029537554
1.0583376 0.029179717
1.0591486 0.02882188
1.0599596 0.028464043
1.0607706 0.028122822
1.0615816 0.027782546
1.0623926 0.02744227
1.0632036 0.027101993
1.0640146 0.026761717
1.0648255 0.02642144
1.0656365 0.026081164
1.0664475 0.025740888
1.0672585 0.025400611
1.0680695 0.025060335
1.0688805 0.024720059
1.0696915 0.024379782
1.0705024 0.024039506
1.0713134 0.023699229
1.0721244 0.023374928
1.0729354 0.023051959
1.0737464 0.022728989
1.0745574 0.022406019
1.0753684 0.022083049
1.0761794 0.021760079
1.0769903 0.02143711
1.0778013 0.02111414
1.0786123 0.02079117
1.0794233 0.0204682
1.0802343 0.020145231
1.0810453 0.019822261
1.0818563 0.019499291
1.0826673 0.019176321
1.0834782 0.018867716
1.0842892 0.018561781
1.0851002 0.018255845
1.0859112 0.01794991
1.0867222 0.017643974
1.0875332 0.017338039
1.0883442 0.017032104
1.0891551 0.016726168
1.0899661 0.016420233
1.0907771 0.016114297
1.0915881 0.015808362
1.0923991 0.015502426
1.0932101 0.015196491
1.0940211 0.014890556
1.0948321 0.014596462
1.095643 0.014307271
1.096454 0.01401808
1.097265 0.013728889
1.098076 0.013439698
1.098887 0.013150507
1.099698 0.012861317
1.100509 0.012572126
1.1013199 0.012282935
1.1021309 0.011993744
1.1029419 0.011704553
1.1037529 0.011415362
1.1045639 0.011126171
1.1053749 0.01083698
1.1061859 0.010556259
1.1069969 0.010283507
1.1078078 0.010010754
1.1086188 0.0097380011
1.1094298 0.0094652484
1.1102408 0.0091924956
1.1110518 0.0089197429
1.1118628 0.0086469902
1.1126738 0.0083742375
1.1134847 0.0081014848
1.1142957 0.0078287321
1.1151067 0.0075559793
1.1159177 0.0072832266
1.1167287 0.0070104739
1.1175397 0.0067420373
1.1183507 0.0064854007
1.1191617 0.006228764
1.1199726 0.0059721273
1.1207836 0.0057154907
1.1215946 0.005458854
1.1224056 0.0052022173
1.1232166 0.0049455807
1.1240276 0.004688944
1.1248386 0.0044323074
1.1256495 0.0041756707
1.1264605 0.003919034
1.1272715 0.0036623974
1.1280825 0.0034057607
1.1288935 0.003149124
1.1297045 0.0029077185
1.1305155 0.0026668609
1.1313265 0.0024260033
1.1321374 0.0021851457
1.1329484 0.0019442881
1.1337594 0.0017034305
1.1345704 0.0014625729
1.1353814 0.0012217153
1.1361924 0.00098085765
1.1370034 0.00074000003
1.1378143 0.00049914242
1.1386253 0.00025828481
1.1394363 1.7427198e-05
1.1402473 0.00022343041
1.1410583 0.00045490725
1.1418693 0.00068033675
1.1426803 0.00090576624
1.1434913 0.0011311957
1.1443022 0.0013566252
1.1451132 0.0015820547
1.1459242 0.0018074842
1.1467352 0.0020329137
1.1475462 0.0022583432
1.1483572 0.0024837727
1.1491682 0.0027092022
1.1499791 0.0029346317
1.1507901 0.0031600612
1.1516011 0.0033854907
1.1524121 0.0036079605
1.1532231 0.0038183259
1.1540341 0.0040286912
1.1548451 0.0042390566
1.1556561 0.0044494219
1.156467 0.0046597873
1.157278 0.0048701526
1.158089 0.005080518
1.1589 0.0052908833
1.159711 0.0055012487
1.160522 0.005711614
1.161333 0.0059219794
1.1621439 0.0061323447
1.1629549 0.0063427101
1.1637659 0.0065530754
1.1645769 0.006752704
1.1653879 0.0069483813
1.1661989 0.0071440585
1.1670099 0.0073397358
1.1678209 0.007535413
1.1686318 0.0077310903
1.1694428 0.0079267675
1.1702538 0.0081224448
1.1710648 0.0083181221
1.1718758 0.0085137993
1.1726868 0.0087094766
1.1734978 0.0089051538
1.1743087 0.0091008311
1.1751197 0.0092965083
1.1759307 0.0094891541
1.1767417 0.0096705304
1.1775527 0.0098519067
1.1783637 0.010033283
1.1791747 0.010214659
1.1799857 0.010396036
1.1807966 0.010577412
1.1816076 0.010758788
1.1824186 0.010940164
1.1832296 0.011121541
1.1840406 0.011302917
1.1848516 0.011484293
1.1856626 0.01166567
1.1864735 0.011847046
1.1872845 0.012028422
1.1880955 0.012200902
1.1889065 0.012368375
1.1897175 0.012535848
1.1905285 0.01270332
1.1913395 0.012870793
1.1921505 0.013038265
1.1929614 0.013205738
1.1937724 0.013373211
1.1945834 0.013540683
1.1953944 0.013708156
1.1962054 0.013875628
1.1970164 0.014043101
1.1978274 0.014210574
1.1986383 0.014378046
1.1994493 0.014545317
1.2002603 0.014699292
1.2010713 0.014853267
1.2018823 0.015007243
1.2026933 0.015161218
1.2035043 0.015315193
1.2043153 0.015469169
1.2051262 0.015623144
1.2059372 0.015777119
1.2067482 0.015931095
1.2075592 0.01608507
1.2083702 0.016239045
1.2091812 0.01639302
1.2099922 0.016546996
1.2108032 0.016700971
1.2116141 0.016850527
1.2124251 0.01699142
1.2132361 0.017132312
1.2140471 0.017273205
1.2148581 0.017414097
1.2156691 0.01755499
1.2164801 0.017695883
1.217291 0.017836775
1.218102 0.017977668
1.218913 0.01811856
1.219724 0.018259453
1.220535 0.018400345
1.221346 0.018541238
1.222157 0.018682131
1.222968 0.018823023
1.2237789 0.018956209
1.2245899 0.019084441
1.2254009 0.019212672
1.2262119 0.019340904
1.2270229 0.019469135
1.2278339 0.019597367
1.2286449 0.019725598
1.2294558 0.01985383
1.2302668 0.019982061
1.2310778 0.020110293
1.2318888 0.020238524
1.2326998 0.020366756
1.2335108 0.020494987
1.2343218 0.020623219
1.2351328 0.020751451
1.2359437 0.020869553
1.2367547 0.020985551
1.2375657 0.021101549
1.2383767 0.021217547
1.2391877 0.021333546
1.2399987 0.021449544
1.2408097 0.021565542
1.2416206 0.021681541
1.2424316 0.021797539
1.2432426 0.021913537
1.2440536 0.022029536
1.2448646 0.022145534
1.2456756 0.022261532
1.2464866 0.02237753
1.2472976 0.022493529
1.2481085 0.022597771
1.2489195 0.022701969
1.2497305 0.022806167
1.2505415 0.022910365
1.2513525 0.023014563
1.2521635 0.023118761
1.2529745 0.023222959
1.2537854 0.023327157
1.2545964 0.023431356
1.2554074 0.023535554
1.2562184 0.023639752
1.2570294 0.02374395
1.2578404 0.023848148
1.2586514 0.023952346
1.2594624 0.024055251
1.2602733 0.024148086
1.2610843 0.024240921
1.2618953 0.024333756
1.2627063 0.024426591
1.2635173 0.024519426
1.2643283 0.024612261
1.2651393 0.024705096
1.2659502 0.024797931
1.2667612 0.024890766
1.2675722 0.024983601
1.2683832 0.025076436
1.2691942 0.025169271
1.2700052 0.025262106
1.2708162 0.025354941
1.2716272 0.025445799
1.2724381 0.025527711
1.2732491 0.025609623
1.2740601 0.025691536
1.2748711 0.025773448
1.2756821 0.02585536
1.2764931 0.025937272
1.2773041 0.026019185
1.278115 0.026101097
1.278926 0.026183009
1.279737 0.026264921
1.280548 0.026346834
1.281359 0.026428746
1.28217 0.026510658
1.282981 0.02659257
1.283792 0.026672404
1.2846029 0.026743836
1.2854139 0.026815268
1.2862249 0.0268867
1.2870359 0.026958132
1.2878469 0.027029564
1.2886579 0.027100996
1.2894689 0.027172428
1.2902798 0.027243861
1.2910908 0.027315293
1.2919018 0.027386725
1.2927128 0.027458157
1.2935238 0.027529589
1.2943348 0.027601021
1.2951458 0.027672453
1.2959568 0.027742217
1.2967677 0.027803613
1.2975787 0.027865009
1.2983897 0.027926404
1.2992007 0.0279878
1.3000117 0.028049196
1.3008227 0.028110591
1.3016337 0.028171987
1.3024446 0.028233383
1.3032556 0.028294778
1.3040666 0.028356174
1.3048776 0.02841757
1.3056886 0.028478965
1.3064996 0.028540361
1.3073106 0.028601757
1.3081216 0.028662338
1.3089325 0.028714141
1.3097435 0.028765944
1.3105545 0.028817748
1.3113655 0.028869551
1.3121765 0.028921355
1.3129875 0.028973158
1.3137985 0.029024962
1.3146094 0.029076765
1.3154204 0.029128568
1.3162314 0.029180372
1.3170424 0.029232175
1.3178534 0.029283979
1.3186644 0.029335782
1.3194754 0.029387585
1.3202864 0.029439389
1.3210973 0.029482455
1.3219083 0.02952511
1.3227193 0.029567764
1.3235303 0.029610419
1.3243413 0.029653074
1.3251523 0.029695728
1.3259633 0.029738383
1.3267742 0.029781038
1.3275852 0.029823693
1.3283962 0.029866347
1.3292072 0.029909002
1.3300182 0.029951657
1.3308292 0.029994311
1.3316402 0.030036966
1.3324512 0.030079621
1.3332621 0.030115511
1.3340731 0.030149459
1.3348841 0.030183407
1.3356951 0.030217355
1.3365061 0.030251304
1.3373171 0.030285252
1.3381281 0.0303192
1.3389391 0.030353148
1.33975 0.030387096
1.340561 0.030421044
1.341372 0.030454992
1.342183 0.03048894
1.342994 0.030522888
1.343805 0.030556836
1.344616 0.030590784
1.3454269 0.030620178
1.3462379 0.030645859
1.3470489 0.03067154
1.3478599 0.030697221
1.3486709 0.030722902
1.3494819 0.030748583
1.3502929 0.030774264
1.3511039 0.030799945
1.3519148 0.030825626
1.3527258 0.030851307
1.3535368 0.030876989
1.3543478 0.03090267
1.3551588 0.030928351
1.3559698 0.030954032
1.3567808 0.030979713
1.3575917 0.031003221
1.3584027 0.031021072
1.3592137 0.031038922
1.3600247 0.031056773
1.3608357 0.031074624
1.3616467 0.031092474
1.3624577 0.031110325
1.3632687 0.031128175
1.3640796 0.031146026
1.3648906 0.031163877
1.3657016 0.031181727
1.3665126 0.031199578
1.3673236 0.031217429
1.3681346 0.031235279
1.3689456 0.03125313
1.3697565 0.031270981
1.3705675 0.031281751
1.3713785 0.031292203
1.3721895 0.031302656
1.3730005 0.031313109
1.3738115 0.031323562
1.3746225 0.031334014
1.3754335 0.031344467
1.3762444 0.03135492
1.3770554 0.031365372
1.3778664 0.031375825
1.3786774 0.031386278
1.3794884 0.031396731
1.3802994 0.031407183
1.3811104 0.031417636
1.3819213 0.031428089
1.3827323 0.031434428
1.3835433 0.031437911
1.3843543 0.031441393
1.3851653 0.031444876
1.3859763 0.031448358
1.3867873 0.031451841
1.3875983 0.031455323
1.3884092 0.031458806
1.3892202 0.031462288
1.3900312 0.031465771
1.3908422 0.031469254
1.3916532 0.031472736
1.3924642 0.031476219
1.3932752 0.031479701
1.3940861 0.031483184
1.3948971 0.031485507
1.3957081 0.031482442
1.3965191 0.031479376
1.3973301 0.031476311
1.3981411 0.031473245
1.3989521 0.03147018
1.3997631 0.031467115
1.400574 0.031464049
1.401385 0.031460984
1.402196 0.031457918
1.403007 0.031454853
1.403818 0.031451787
1.404629 0.031448722
1.40544 0.031445656
1.4062509 0.031442591
1.4070619 0.031439526
1.4078729 0.031432057
1.4086839 0.031422859
1.4094949 0.031413662
1.4103059 0.031404464
1.4111169 0.031395267
1.4119279 0.031386069
1.4127388 0.031376872
1.4135498 0.031367674
1.4143608 0.031358477
1.4151718 0.031349279
1.4159828 0.031340082
1.4167938 0.031330884
1.4176048 0.031321687
1.4184157 0.03131249
1.4192267 0.031303292
1.4200377 0.03129287
1.4208487 0.03127795
1.4216597 0.031263029
1.4224707 0.031248109
1.4232817 0.031233188
1.4240927 0.031218268
1.4249036 0.031203348
1.4257146 0.031188427
1.4265256 0.031173507
1.4273366 0.031158586
1.4281476 0.031143666
1.4289586 0.031128745
1.4297696 0.031113825
1.4305805 0.031098905
1.4313915 0.031083984
1.4322025 0.031069064
1.4330135 0.031050605
1.4338245 0.031030363
1.4346355 0.031010121
1.4354465 0.030989879
1.4362575 0.030969637
1.4370684 0.030949395
1.4378794 0.030929153
1.4386904 0.030908912
1.4395014 0.03088867
1.4403124 0.030868428
1.4411234 0.030848186
1.4419344 0.030827944
1.4427453 0.030807702
1.4435563 0.03078746
1.4443673 0.030767218
1.4451783 0.030746625
1.4459893 0.030721454
1.4468003 0.030696284
1.4476113 0.030671114
1.4484223 0.030645944
1.4492332 0.030620774
1.4500442 0.030595604
1.4508552 0.030570434
1.4516662 0.030545264
1.4524772 0.030520094
1.4532882 0.030494923
1.4540992 0.030469753
1.4549101 0.030444583
1.4557211 0.030419413
1.4565321 0.030394243
1.4573431 0.030369073
1.4581541 0.030341932
1.4589651 0.030312218
1.4597761 0.030282504
1.4605871 0.030252791
1.461398 0.030223077
1.462209 0.030193363
1.46302 0.03016365
1.463831 0.030133936
1.464642 0.030104222
1.465453 0.030074508
1.466264 0.030044795
1.467075 0.030015081
1.4678859 0.029985367
1.4686969 0.029955654
1.4695079 0.02992594
1.4703189 0.029896226
1.4711299 0.029863375
1.4719409 0.029829493
1.4727519 0.029795611
1.4735628 0.029761729
1.4743738 0.029727847
1.4751848 0.029693965
1.4759958 0.029660083
1.4768068 0.029626201
1.4776178 0.029592319
1.4784288 0.029558437
1.4792398 0.029524555
1.4800507 0.029490673
1.4808617 0.029456791
1.4816727 0.029422909
1.4824837 0.029389027
1.4832947 0.029355038
1.4841057 0.029317353
1.4849167 0.029279668
1.4857276 0.029241984
1.4865386 0.029204299
1.4873496 0.029166614
1.4881606 0.029128929
1.4889716 0.029091244
1.4897826 0.02905356
1.4905936 0.029015875
1.4914046 0.02897819
1.4922155 0.028940505
1.4930265 0.028902821
1.4938375 0.028865136
1.4946485 0.028827451
1.4954595 0.028789766
1.4962705 0.028751181
1.4970815 0.028710049
1.4978924 0.028668917
1.4987034 0.028627785
1.4995144 0.028586653
1.5003254 0.02854552
1.5011364 0.028504388
1.5019474 0.028463256
1.5027584 0.028422124
1.5035694 0.028380992
1.5043803 0.02833986
1.5051913 0.028298727
1.5060023 0.028257595
1.5068133 0.028216463
1.5076243 0.028175331
1.5084353 0.028134199
1.5092463 0.028091665
1.5100572 0.02804743
1.5108682 0.028003195
1.5116792 0.02795896
1.5124902 0.027914726
1.5133012 0.027870491
1.5141122 0.027826256
1.5149232 0.027782021
1.5157342 0.027737786
1.5165451 0.027693551
1.5173561 0.027649316
1.5181671 0.027605082
1.5189781 0.027560847
1.5197891 0.027516612
1.5206001 0.027472377
1.5214111 0.027428142
1.522222 0.027382245
1.523033 0.027335241
1.523844 0.027288237
1.524655 0.027241233
1.525466 0.027194229
1.526277 0.027147226
1.527088 0.027100222
1.527899 0.027053218
1.5287099 0.027006214
1.5295209 0.02695921
1.5303319 0.026912206
1.5311429 0.026865203
1.5319539 0.026818199
1.5327649 0.026771195
1.5335759 0.026724191
1.5343868 0.026677187
1.5351978 0.026628452
1.5360088 0.026579002
1.5368198 0.026529552
1.5376308 0.026480101
1.5384418 0.026430651
1.5392528 0.0263812
1.5400638 0.02633175
1.5408747 0.0262823
1.5416857 0.026232849
1.5424967 0.026183399
1.5433077 0.026133949
1.5441187 0.026084498
1.5449297 0.026035048
1.5457407 0.025985597
1.5465516 0.025936147
1.5473626 0.025886697
1.5481736 0.025835594
1.5489846 0.025784007
1.5497956 0.025732421
1.5506066 0.025680835
1.5514176 0.025629249
1.5522286 0.025577663
1.5530395 0.025526077
1.5538505 0.025474491
1.5546615 0.025422904
1.5554725 0.025371318
1.5562835 0.025319732
1.5570945 0.025268146
1.5579055 0.02521656
1.5587164 0.025164974
1.5595274 0.025113388
1.5603384 0.025061802
1.5611494 0.025008747
1.5619604 0.024955324
1.5627714 0.024901901
1.5635824 0.024848478
1.5643934 0.024795055
1.5652043 0.024741632
1.5660153 0.024688209
1.5668263 0.024634786
1.5676373 0.024581363
1.5684483 0.02452794
1.5692593 0.024474517
1.5700703 0.024421094
1.5708812 0.024367671
1.5716922 0.024314249
1.5725032 0.024260826
1.5733142 0.024207403
1.5741252 0.024152763
1.5749362 0.02409779
1.5757472 0.024042817
1.5765582 0.023987844
1.5773691 0.023932871
1.5781801 0.023877898
1.5789911 0.023822926
1.5798021 0.023767953
1.5806131 0.02371298
1.5814241 0.023658007
1.5822351 0.023603034
1.583046 0.023548061
1.583857 0.023493088
1.584668 0.023438115
1.585479 0.023383142
1.58629 0.023328169
1.587101 0.023272265
1.587912 0.023216016
1.588723 0.023159768
1.5895339 0.02310352
1.5903449 0.023047272
1.5911559 0.022991023
1.5919669 0.022934775
1.5927779 0.022878527
1.5935889 0.022822279
1.5943999 0.02276603
1.5952108 0.022709782
1.5960218 0.022653534
1.5968328 0.022597286
1.5976438 0.022541037
1.5984548 0.022484789
1.5992658 0.022428541
1.6000768 0.022371647
1.6008878 0.022314386
1.6016987 0.022257125
1.6025097 0.022199863
1.6033207 0.022142602
1.6041317 0.022085341
1.6049427 0.022028079
1.6057537 0.021970818
1.6065647 0.021913557
1.6073756 0.021856295
1.6081866 0.021799034
1.6089976 0.021741773
1.6098086 0.021684512
1.6106196 0.02162725
1.6114306 0.021569989
1.6122416 0.021512728
1.6130526 0.021455081
1.6138635 0.021397056
1.6146745 0.021339032
1.6154855 0.021281007
1.6162965 0.021222983
1.6171075 0.021164958
1.6179185 0.021106933
1.6187295 0.021048909
1.6195405 0.020990884
1.6203514 0.02093286
1.6211624 0.020874835
1.6219734 0.020816811
1.6227844 0.020758786
1.6235954 0.020700761
1.6244064 0.020642737
1.6252174 0.020584712
1.6260283 0.020526512
1.6268393 0.020467961
1.6276503 0.020409411
1.6284613 0.02035086
1.6292723 0.02029231
1.6300833 0.020233759
1.6308943 0.020175208
1.6317053 0.020116658
1.6325162 0.020058107
1.6333272 0.019999557
1.6341382 0.019941006
1.6349492 0.019882456
1.6357602 0.019823905
1.6365712 0.019765354
1.6373822 0.019706804
1.6381931 0.019648253
1.6390041 0.019589665
1.6398151 0.019530813
1.6406261 0.019471961
1.6414371 0.01941311
1.6422481 0.019354258
1.6430591 0.019295406
1.6438701 0.019236554
1.644681 0.019177702
1.645492 0.019118851
1.646303 0.019059999
1.647114 0.019001147
1.647925 0.018942295
1.648736 0.018883443
1.649547 0.018824592
1.6503579 0.01876574
1.6511689 0.018706888
1.6519799 0.018648036
1.6527909 0.018589106
1.6536019 0.018530165
1.6544129 0.018471225
1.6552239 0.018412284
1.6560349 0.018353343
1.6568458 0.018294402
1.6576568 0.018235461
1.6584678 0.018176521
1.6592788 0.01811758
1.6600898 0.018058639
1.6609008 0.017999698
1.6617118 0.017940758
1.6625227 0.017881817
1.6633337 0.017822876
1.6641447 0.017763935
1.6649557 0.017704994
1.6657667 0.01764612
1.6665777 0.01758729
1.6673887 0.01752846
1.6681997 0.01746963
1.6690106 0.0174108
1.6698216 0.01735197
1.6706326 0.01729314
1.6714436 0.01723431
1.6722546 0.01717548
1.6730656 0.01711665
1.6738766 0.01705782
1.6746875 0.01699899
1.6754985 0.01694016
1.6763095 0.01688133
1.6771205 0.0168225
1.6779315 0.01676367
1.6787425 0.016704922
1.6795535 0.01664639
1.6803645 0.016587858
1.6811754 0.016529327
1.6819864 0.016470795
1.6827974 0.016412263
1.6836084 0.016353731
1.6844194 0.016295199
1.6852304 0.016236668
1.6860414 0.016178136
1.6868523 0.016119604
1.6876633 0.016061072
1.6884743 0.01600254
1.6892853 0.015944008
1.6900963 0.015885477
1.6909073 0.015826945
1.6917183 0.015768413
1.6925293 0.015710317
1.6933402 0.015652258
1.6941512 0.0155942
1.6949622 0.015536141
1.6957732 0.015478083
1.6965842 0.015420024
1.6973952 0.015361966
1.6982062 0.015303907
1.6990171 0.015245849
1.6998281 0.01518779
1.7006391 0.015129732
1.7014501 0.015071673
1.7022611 0.015013615
1.7030721 0.014955556
1.7038831 0.014897498
1.7046941 0.014839439
1.705505 0.014781718
1.706316 0.014724295
1.707127 0.014666873
1.707938 0.014609451
1.708749 0.014552029
1.70956 0.014494607
1.710371 0.014437185
1.7111819 0.014379762
1.7119929 0.01432234
1.7128039 0.014264918
1.7136149 0.014207496
1.7144259 0.014150074
1.7152369 0.014092651
1.7160479 0.014035229
1.7168589 0.013977807
1.7176698 0.013920385
1.7184808 0.013863043
1.7192918 0.013806408
1.7201028 0.013749774
1.7209138 0.013693139
1.7217248 0.013636504
1.7225358 0.013579869
1.7233467 0.013523235
1.7241577 0.0134666
1.7249687 0.013409965
1.7257797 0.01335333
1.7265907 0.013296695
1.7274017 0.013240061
1.7282127 0.013183426
1.7290237 0.013126791
1.7298346 0.013070156
1.7306456 0.013013521
1.7314566 0.012956887
1.7322676 0.012900845
1.7330786 0.012845137
1.7338896 0.012789429
1.7347006 0.012733721
1.7355115 0.012678013
1.7363225 0.012622305
1.7371335 0.012566597
1.7379445 0.012510889
1.7387555 0.012455181
1.7395665 0.012399473
1.7403775 0.012343765
1.7411885 0.012288057
1.7419994 0.012232348
1.7428104 0.01217664
1.7436214 0.012120932
1.7444324 0.012065224
1.7452434 0.012009668
1.7460544 0.011955015
1.7468654 0.011900361
1.7476763 0.011845708
1.7484873 0.011791054
1.7492983 0.0117364
1.7501093 0.011681747
1.7509203 0.011627093
1.7517313 0.01157244
1.7525423 0.011517786
1.7533533 0.011463132
1.7541642 0.011408479
1.7549752 0.011353825
1.7557862 0.011299172
1.7565972 0.011244518
1.7574082 0.011189864
1.7582192 0.011135211
1.7590302 0.011081277
1.7598411 0.011027794
1.7606521 0.010974311
1.7614631 0.010920829
1.7622741 0.010867346
1.7630851 0.010813863
1.7638961 0.010760381
1.7647071 0.010706898
1.7655181 0.010653416
1.766329 0.010599933
1.76714 0.01054645
1.767951 0.010492968
1.768762 0.010439485
1.769573 0.010386002
1.770384 0.01033252
1.771195 0.010279037
1.7720059 0.010225619
1.7728169 0.010173413
1.7736279 0.010121207
1.7744389 0.010069001
1.7752499 0.010016795
1.7760609 0.0099645885
1.7768719 0.0099123823
1.7776829 0.0098601761
1.7784938 0.0098079699
1.7793048 0.0097557638
1.7801158 0.0097035576
1.7809268 0.0096513514
1.7817378 0.0095991452
1.7825488 0.009546939
1.7833598 0.0094947328
1.7841707 0.0094425266
1.7849817 0.0093903204
1.7857927 0.0093387372
1.7866037 0.0092879022
1.7874147 0.0092370672
1.7882257 0.0091862322
1.7890367 0.0091353972
1.7898477 0.0090845621
1.7906586 0.0090337271
1.7914696 0.0089828921
1.7922806 0.0089320571
1.7930916 0.0088812221
1.7939026 0.0088303871
1.7947136 0.008779552
1.7955246 0.008728717
1.7963355 0.008677882
1.7971465 0.008627047
1.7979575 0.008576212
1.7987685 0.0085253769
1.7995795 0.0084757432
1.8003905 0.0084263636
1.8012015 0.0083769841
1.8020125 0.0083276045
1.8028234 0.008278225
1.8036344 0.0082288454
1.8044454 0.0081794659
1.8052564 0.0081300863
1.8060674 0.0080807068
1.8068784 0.0080313272
1.8076894 0.0079819477
1.8085003 0.0079325681
1.8093113 0.0078831886
1.8101223 0.007833809
1.8109333 0.0077844295
1.8117443 0.0077350499
1.8125553 0.0076859215
1.8133663 0.0076380717
1.8141773 0.0075902218
1.8149882 0.0075423719
1.8157992 0.007494522
1.8166102 0.0074466721
1.8174212 0.0073988222
1.8182322 0.0073509723
1.8190432 0.0073031224
1.8198542 0.0072552725
1.8206651 0.0072074226
1.8214761 0.0071595728
1.8222871 0.0071117229
1.8230981 0.007063873
1.8239091 0.0070160231
1.8247201 0.0069681732
1.8255311 0.0069203233
1.8263421 0.006873225
1.827153 0.0068269692
1.827964 0.0067807134
1.828775 0.0067344576
1.829586 0.0066882017
1.830397 0.0066419459
1.831208 0.0065956901
1.832019 0.0065494343
1.8328299 0.0065031785
1.8336409 0.0064569227
1.8344519 0.0064106669
1.8352629 0.0063644111
1.8360739 0.0063181553
1.8368849 0.0062718995
1.8376959 0.0062256437
1.8385069 0.0061793879
1.8393178 0.0061331321
1.8401288 0.006088109
1.8409398 0.0060435023
1.8417508 0.0059988956
1.8425618 0.0059542889
1.8433728 0.0059096822
1.8441838 0.0058650755
1.8449948 0.0058204688
1.8458057 0.0057758621
1.8466167 0.0057312554
1.8474277 0.0056866486
1.8482387 0.0056420419
1.8490497 0.0055974352
1.8498607 0.0055528285
1.8506717 0.0055082218
1.8514826 0.0054636151
1.8522936 0.0054190084
1.8531046 0.0053744017
1.8539156 0.0053314779
1.8547266 0.0052885662
1.8555376 0.0052456545
1.8563486 0.0052027429
1.8571596 0.0051598312
1.8579705 0.0051169195
1.8587815 0.0050740079
1.8595925 0.0050310962
1.8604035 0.0049881845
1.8612145 0.0049452729
1.8620255 0.0049023612
1.8628365 0.0048594495
1.8636474 0.0048165379
1.8644584 0.0047736262
1.8652694 0.0047307145
1.8660804 0.0046878029
1.8668914 0.0046452514
1.8677024 0.004604072
1.8685134 0.0045628927
1.8693244 0.0045217133
1.8701353 0.004480534
1.8709463 0.0044393546
1.8717573 0.0043981753
1.8725683 0.0043569959
1.8733793 0.0043158166
1.8741903 0.0042746372
1.8750013 0.0042334579
1.8758122 0.0041922785
1.8766232 0.0041510992
1.8774342 0.0041099199
1.8782452 0.0040687405
1.8790562 0.0040275612
1.8798672 0.0039863818
1.8806782 0.0039458949
1.8814892 0.0039064769
1.8823001 0.0038670589
1.8831111 0.0038276408
1.8839221 0.0037882228
1.8847331 0.0037488047
1.8855441 0.0037093867
1.8863551 0.0036699687
1.8871661 0.0036305506
1.887977 0.0035911326
1.888788 0.0035517145
1.889599 0.0035122965
1.89041 0.0034728785
1.891221 0.0034334604
1.892032 0.0033940424
1.892843 0.0033546243
1.893654 0.0033152063
1.8944649 0.0032767669
1.8952759 0.0032391313
1.8960869 0.0032014956
1.8968979 0.00316386
1.8977089 0.0031262244
1.8985199 0.0030885887
1.8993309 0.0030509531
1.9001418 0.0030133174
1.9009528 0.0029756818
1.9017638 0.0029380461
1.9025748 0.0029004105
1.9033858 0.0028627749
1.9041968 0.0028251392
1.9050078 0.0027875036
1.9058188 0.0027498679
1.9066297 0.0027122323
1.9074407 0.0026745966
1.9082517 0.0026381753
1.9090627 0.0026023356
1.9098737 0.0025664959
1.9106847 0.0025306563
1.9114957 0.0024948166
1.9123066 0.002458977
1.9131176 0.0024231373
1.9139286 0.0023872977
1.9147396 0.002351458
1.9155506 0.0023156183
1.9163616 0.0022797787
1.9171726 0.002243939
1.9179836 0.0022080994
1.9187945 0.0021722597
1.9196055 0.0021364201
1.9204165 0.0021005804
1.9212275 0.0020647407
1.9220385 0.0020302975
1.9228495 0.0019962603
1.9236605 0.0019622231
1.9244714 0.0019281859
1.9252824 0.0018941488
1.9260934 0.0018601116
1.9269044 0.0018260744
1.9277154 0.0017920372
1.9285264 0.0017580001
1.9293374 0.0017239629
1.9301484 0.0016899257
1.9309593 0.0016558885
1.9317703 0.0016218514
1.9325813 0.0015878142
1.9333923 0.001553777
1.9342033 0.0015197398
1.9350143 0.0014857027
1.9358253 0.001453189
1.9366362 0.0014209541
1.9374472 0.0013887192
1.9382582 0.0013564843
1.9390692 0.0013242494
1.9398802 0.0012920145
1.9406912 0.0012597797
1.9415022 0.0012275448
1.9423132 0.0011953099
1.9431241 0.001163075
1.9439351 0.0011308401
1.9447461 0.0010986052
1.9455571 0.0010663703
1.9463681 0.0010341354
1.9471791 0.0010019005
1.9479901 0.00096966563
1.948801 0.00093743074
1.949612 0.00090679135
1.950423 0.00087635226
1.951234 0.00084591317
1.952045 0.00081547408
1.952856 0.00078503499
1.953667 0.00075459591
1.954478 0.00072415682
1.9552889 0.00069371773
1.9560999 0.00066327864
1.9569109 0.00063283955
1.9577219 0.00060240047
1.9585329 0.00057196138
1.9593439 0.00054152229
1.9601549 0.0005110832
1.9609658 0.00048064411
1.9617768 0.00045020503
1.9625878 0.00041976594
1.9633988 0.00039094008
1.9642098 0.00036228443
1.9650208 0.00033362878
1.9658318 0.00030497313
1.9666428 0.00027631748
1.9674537 0.00024766184
1.9682647 0.00021900619
1.9690757 0.00019035054
1.9698867 0.00016169489
1.9706977 0.00013303924
1.9715087 0.00010438359
1.9723197 7.5727945e-05
1.9731307 4.7072296e-05
1.9739416 1.8416647e-05
1.9747526 1.0239001e-05
1.9755636 3.889465e-05
1.9763746 6.7550299e-05
1.9771856 9.462735e-05
1.9779966 0.00012151741
1.9788076 0.00014840746
1.9796185 0.00017529752
1.9804295 0.00020218758
1.9812405 0.00022907763
1.9820515 0.00025596769
1.9828625 0.00028285774
1.9836735 0.0003097478
1.9844845 0.00033663786
1.9852955 0.00036352791
1.9861064 0.00039041797
1.9869174 0.00041730803
1.9877284 0.00044419808
1.9885394 0.00047108814
1.9893504 0.0004979782
1.9901614 0.00052486825
1.9909724 0.00055026395
1.9917833 0.00057541133
1.9925943 0.00060055872
1.9934053 0.00062570611
1.9942163 0.0006508535
1.9950273 0.00067600088
1.9958383 0.00070114827
1.9966493 0.00072629566
1.9974603 0.00075144305
1.9982712 0.00077659044
1.9990822 0.00080173782
1.9998932 0.00082688521
2.0007042 0.0008520326
2.0015152 0.00087717999
2.0023262 0.00090232738
2.0031372 0.00092747476
2.0039481 0.00095262215
2.0047591 0.00097640556
2.0055701 0.00099983789
2.0063811 0.0010232702
2.0071921 0.0010467026
2.0080031 0.0010701349
2.0088141 0.0010935672
2.0096251 0.0011169996
2.010436 0.0011404319
2.011247 0.0011638642
2.012058 0.0011872966
2.012869 0.0012107289
2.01368 0.0012341612
2.014491 0.0012575936
2.015302 0.0012810259
2.0161129 0.0013044582
2.0169239 0.0013278906
2.0177349 0.0013513229
2.0185459 0.0013735637
2.0193569 0.0013953129
2.0201679 0.0014170621
2.0209789 0.0014388113
2.0217899 0.0014605605
2.0226008 0.0014823097
2.0234118 0.0015040589
2.0242228 0.0015258081
2.0250338 0.0015475573
2.0258448 0.0015693065
2.0266558 0.0015910557
2.0274668 0.0016128049
2.0282777 0.0016345541
2.0290887 0.0016563033
2.0298997 0.0016780525
2.0307107 0.0016998017
2.0315217 0.0017215509
2.0323327 0.0017423186
2.0331437 0.0017624205
2.0339547 0.0017825224
2.0347656 0.0018026243
2.0355766 0.0018227262
2.0363876 0.0018428281
2.0371986 0.00186293
2.0380096 0.0018830319
2.0388206 0.0019031338
2.0396316 0.0019232357
2.0404425 0.0019433376
2.0412535 0.0019634395
2.0420645 0.0019835414
2.0428755 0.0020036433
2.0436865 0.0020237452
2.0444975 0.0020438471
2.0453085 0.002063949
2.0461195 0.0020833121
2.0469304 0.0021018061
2.0477414 0.0021203001
2.0485524 0.0021387941
2.0493634 0.002157288
2.0501744 0.002175782
2.0509854 0.002194276
2.0517964 0.00221277
2.0526073 0.002231264
2.0534183 0.002249758
2.0542293 0.002268252
2.0550403 0.002286746
2.0558513 0.00230524
2.0566623 0.002323734
2.0574733 0.002342228
2.0582843 0.002360722
2.0590952 0.0023792159
2.0599062 0.0023972413
2.0607172 0.0024141699
2.0615282 0.0024310986
2.0623392 0.0024480272
2.0631502 0.0024649559
2.0639612 0.0024818845
2.0647721 0.0024988132
2.0655831 0.0025157418
2.0663941 0.0025326705
2.0672051 0.0025495992
2.0680161 0.0025665278
2.0688271 0.0025834565
2.0696381 0.0026003851
2.0704491 0.0026173138
2.07126 0.0026342424
2.072071 0.0026511711
2.072882 0.0026680997
2.073693 0.0026848521
2.074504 0.0027002608
2.075315 0.0027156695
2.076126 0.0027310782
2.0769369 0.0027464869
2.0777479 0.0027618957
2.0785589 0.0027773044
2.0793699 0.0027927131
2.0801809 0.0028081218
2.0809919 0.0028235305
2.0818029 0.0028389393
2.0826139 0.002854348
2.0834248 0.0028697567
2.0842358 0.0028851654
2.0850468 0.0029005741
2.0858578 0.0029159829
2.0866688 0.0029313916
2.0874798 0.0029468003
2.0882908 0.0029608697
2.0891017 0.0029748064
2.0899127 0.0029887431
2.0907237 0.0030026797
2.0915347 0.0030166164
2.0923457 0.0030305531
2.0931567 0.0030444898
2.0939677 0.0030584264
2.0947787 0.0030723631
2.0955896 0.0030862998
2.0964006 0.0031002365
2.0972116 0.0031141731
2.0980226 0.0031281098
2.0988336 0.0031420465
2.0996446 0.0031559832
2.1004556 0.0031699198
2.1012666 0.0031838565
2.1020775 0.0031968244
2.1028885 0.0032093391
2.1036995 0.0032218538
2.1045105 0.0032343684
2.1053215 0.0032468831
2.1061325 0.0032593977
2.1069435 0.0032719124
2.1077544 0.0032844271
2.1085654 0.0032969417
2.1093764 0.0033094564
2.1101874 0.0033219711
2.1109984 0.0033344857
2.1118094 0.0033470004
2.1126204 0.003359515
2.1134314 0.0033720297
2.1142423 0.0033845444
2.1150533 0.003397059
2.1158643 0.0034089834
2.1166753 0.003420128
2.1174863 0.0034312725
2.1182973 0.003442417
2.1191083 0.0034535615
2.1199192 0.003464706
2.1207302 0.0034758505
2.1215412 0.003486995
2.1223522 0.0034981395
2.1231632 0.0035092841
2.1239742 0.0035204286
2.1247852 0.0035315731
2.1255962 0.0035427176
2.1264071 0.0035538621
2.1272181 0.0035650066
2.1280291 0.0035761511
2.1288401 0.0035872956
2.1296511 0.0035982309
2.1304621 0.0036080586
2.1312731 0.0036178864
2.132084 0.0036277141
2.132895 0.0036375418
2.133706 0.0036473696
2.134517 0.0036571973
2.135328 0.0036670251
2.136139 0.0036768528
2.13695 0.0036866805
2.137761 0.0036965083
2.1385719 0.003706336
2.1393829 0.0037161638
2.1401939 0.0037259915
2.1410049 0.0037358192
2.1418159 0.003745647
2.1426269 0.0037554747
2.1434379 0.0037653025
2.1442488 0.003774037
2.1450598 0.0037826025
2.1458708 0.0037911681
2.1466818 0.0037997337
2.1474928 0.0038082992
2.1483038 0.0038168648
2.1491148 0.0038254303
2.1499258 0.0038339959
2.1507367 0.0038425614
2.1515477 0.003851127
2.1523587 0.0038596925
2.1531697 0.0038682581
2.1539807 0.0038768236
2.1547917 0.0038853892
2.1556027 0.0038939548
2.1564136 0.0039025203
2.1572246 0.0039110859
2.1580356 0.0039189843
2.1588466 0.0039263432
2.1596576 0.0039337021
2.1604686 0.003941061
2.1612796 0.0039484199
2.1620906 0.0039557787
2.1629015 0.0039631376
2.1637125 0.0039704965
2.1645235 0.0039778554
2.1653345 0.0039852143
2.1661455 0.0039925732
2.1669565 0.0039999321
2.1677675 0.0040072909
2.1685784 0.0040146498
2.1693894 0.0040220087
2.1702004 0.0040293676
2.1710114 0.0040367265
2.1718224 0.0040438327
2.1726334 0.0040500411
2.1734444 0.0040562495
2.1742554 0.0040624579
2.1750663 0.0040686663
2.1758773 0.0040748747
2.1766883 0.0040810831
2.1774993 0.0040872915
2.1783103 0.0040934998
2.1791213 0.0040997082
2.1799323 0.0041059166
2.1807432 0.004112125
2.1815542 0.0041183334
2.1823652 0.0041245418
2.1831762 0.0041307502
2.1839872 0.0041369586
2.1847982 0.004143167
2.1856092 0.0041493754
2.1864202 0.0041546355
2.1872311 0.00415975
2.1880421 0.0041648644
2.1888531 0.0041699789
2.1896641 0.0041750933
2.1904751 0.0041802078
2.1912861 0.0041853223
2.1920971 0.0041904367
2.192908 0.0041955512
2.193719 0.0042006656
2.19453 0.0042057801
2.195341 0.0042108945
2.196152 0.004216009
2.196963 0.0042211235
2.197774 0.0042262379
2.198585 0.0042313524
2.1993959 0.0042364668
2.2002069 0.0042410679
2.2010179 0.0042451451
2.2018289 0.0042492224
2.2026399 0.0042532996
2.2034509 0.0042573769
2.2042619 0.0042614541
2.2050728 0.0042655314
2.2058838 0.0042696086
2.2066948 0.0042736858
2.2075058 0.0042777631
2.2083168 0.0042818403
2.2091278 0.0042859176
2.2099388 0.0042899948
2.2107498 0.0042940721
2.2115607 0.0042981493
2.2123717 0.0043022266
2.2131827 0.0043063038
2.2139937 0.0043102785
2.2148047 0.0043133752
2.2156157 0.0043164718
2.2164267 0.0043195685
2.2172377 0.0043226652
2.2180486 0.0043257619
2.2188596 0.0043288585
2.2196706 0.0043319552
2.2204816 0.0043350519
2.2212926 0.0043381486
2.2221036 0.0043412452
2.2229146 0.0043443419
2.2237255 0.0043474386
2.2245365 0.0043505353
2.2253475 0.0043536319
2.2261585 0.0043567286
2.2269695 0.0043598253
2.2277805 0.004362922
2.2285915 0.0043653753
2.2294025 0.0043675477
2.2302134 0.0043697202
2.2310244 0.0043718926
2.2318354 0.0043740651
2.2326464 0.0043762376
2.2334574 0.00437841
2.2342684 0.0043805825
2.2350794 0.0043827549
2.2358903 0.0043849274
2.2367013 0.0043870998
2.2375123 0.0043892723
2.2383233 0.0043914448
2.2391343 0.0043936172
2.2399453 0.0043957897
2.2407563 0.0043979621
2.2415673 0.0044001346
2.2423782 0.0044020725
2.2431892 0.0044033766
2.2440002 0.0044046808
2.2448112 0.0044059849
2.2456222 0.004407289
2.2464332 0.0044085931
2.2472442 0.0044098972
2.2480551 0.0044112013
2.2488661 0.0044125054
2.2496771 0.0044138095
2.2504881 0.0044151136
2.2512991 0.0044164177
2.2521101 0.0044177218
2.2529211 0.0044190259
2.2537321 0.00442033
2.254543 0.0044216341
2.255354 0.0044229382
2.256165 0.0044242423
2.256976 0.0044248741
2.257787 0.004425365
2.258598 0.0044258559
2.259409 0.0044263469
2.2602199 0.0044268378
2.2610309 0.0044273287
2.2618419 0.0044278197
2.2626529 0.0044283106
2.2634639 0.0044288016
2.2642749 0.0044292925
2.2650859 0.0044297834
2.2658969 0.0044302744
2.2667078 0.0044307653
2.2675188 0.0044312563
2.2683298 0.0044317472
2.2691408 0.0044322381
2.2699518 0.0044327291
2.2707628 0.0044329416
2.2715738 0.0044326737
2.2723847 0.0044324059
2.2731957 0.004432138
2.2740067 0.0044318701
2.2748177 0.0044316022
2.2756287 0.0044313344
2.2764397 0.0044310665
2.2772507 0.0044307986
2.2780617 0.0044305308
2.2788726 0.0044302629
2.2796836 0.004429995
2.2804946 0.0044297272
2.2813056 0.0044294593
2.2821166 0.0044291914
2.2829276 0.0044289235
2.2837386 0.0044286557
2.2845495 0.0044283878
2.2853605 0.0044274915
2.2861715 0.0044265182
2.2869825 0.0044255449
2.2877935 0.0044245715
2.2886045 0.0044235982
2.2894155 0.0044226249
2.2902265 0.0044216516
2.2910374 0.0044206783
2.2918484 0.0044197049
2.2926594 0.0044187316
2.2934704 0.0044177583
2.2942814 0.004416785
2.2950924 0.0044158117
2.2959034 0.0044148384
2.2967143 0.004413865
2.2975253 0.0044128917
2.2983363 0.0044119184
2.2991473 0.0044106844
2.2999583 0.0044090579
2.3007693 0.0044074313
2.3015803 0.0044058048
2.3023913 0.0044041782
2.3032022 0.0044025517
2.3040132 0.0044009252
2.3048242 0.0043992986
2.3056352 0.0043976721
2.3064462 0.0043960456
2.3072572 0.004394419
2.3080682 0.0043927925
2.3088791 0.0043911659
2.3096901 0.0043895394
2.3105011 0.0043879129
2.3113121 0.0043862863
2.3121231 0.0043846598
2.3129341 0.0043830332
2.3137451 0.0043808695
2.3145561 0.0043786407
2.315367 0.0043764119
2.316178 0.0043741831
2.316989 0.0043719543
2.3178 0.0043697255
2.318611 0.0043674967
2.319422 0.004365268
2.320233 0.0043630392
2.3210439 0.0043608104
2.3218549 0.0043585816
2.3226659 0.0043563528
2.3234769 0.004354124
2.3242879 0.0043518952
2.3250989 0.0043496665
2.3259099 0.0043474377
2.3267209 0.0043452089
2.3275318 0.0043427754
2.3283428 0.004339994
2.3291538 0.0043372126
2.3299648 0.0043344311
2.3307758 0.0043316497
2.3315868 0.0043288683
2.3323978 0.0043260868
2.3332087 0.0043233054
2.3340197 0.004320524
2.3348307 0.0043177426
2.3356417 0.0043149611
2.3364527 0.0043121797
2.3372637 0.0043093983
2.3380747 0.0043066168
2.3388857 0.0043038354
2.3396966 0.004301054
2.3405076 0.0042982725
2.3413186 0.0042954911
2.3421296 0.0042922887
2.3429406 0.0042890028
2.3437516 0.0042857169
2.3445626 0.0042824309
2.3453736 0.004279145
2.3461845 0.004275859
2.3469955 0.0042725731
2.3478065 0.0042692871
2.3486175 0.0042660012
2.3494285 0.0042627152
2.3502395 0.0042594293
2.3510505 0.0042561433
2.3518614 0.0042528574
2.3526724 0.0042495715
2.3534834 0.0042462855
2.3542944 0.0042429996
2.3551054 0.0042397136
2.3559164 0.0042362974
2.3567274 0.0042325535
2.3575384 0.0042288096
2.3583493 0.0042250657
2.3591603 0.0042213219
2.3599713 0.004217578
2.3607823 0.0042138341
2.3615933 0.0042100902
2.3624043 0.0042063463
2.3632153 0.0042026024
2.3640262 0.0041988585
2.3648372 0.0041951147
2.3656482 0.0041913708
2.3664592 0.0041876269
2.3672702 0.004183883
2.3680812 0.0041801391
2.3688922 0.0041763952
2.3697032 0.0041726514
2.3705141 0.0041686095
2.3713251 0.0041644527
2.3721361 0.0041602958
2.3729471 0.0041561389
2.3737581 0.004151982
2.3745691 0.0041478252
2.3753801 0.0041436683
2.376191 0.0041395114
2.377002 0.0041353545
2.377813 0.0041311976
2.378624 0.0041270408
2.379435 0.0041228839
2.380246 0.004118727
2.381057 0.0041145701
2.381868 0.0041104132
2.3826789 0.0041062564
2.3834899 0.0041020995
2.3843009 0.0040978888
2.3851119 0.0040933622
2.3859229 0.0040888356
2.3867339 0.0040843089
2.3875449 0.0040797823
2.3883558 0.0040752557
2.3891668 0.0040707291
2.3899778 0.0040662024
2.3907888 0.0040616758
2.3915998 0.0040571492
2.3924108 0.0040526225
2.3932218 0.0040480959
2.3940328 0.0040435693
2.3948437 0.0040390427
2.3956547 0.004034516
2.3964657 0.0040299894
2.3972767 0.0040254628
2.3980877 0.0040209361
2.3988987 0.0040162266
2.3997097 0.0040113717
2.4005206 0.0040065169
2.4013316 0.004001662
2.4021426 0.0039968071
2.4029536 0.0039919522
2.4037646 0.0039870973
2.4045756 0.0039822425
2.4053866 0.0039773876
2.4061976 0.0039725327
2.4070085 0.0039676778
2.4078195 0.0039628229
2.4086305 0.003957968
2.4094415 0.0039531132
2.4102525 0.0039482583
2.4110635 0.0039434034
2.4118745 0.0039385485
2.4126854 0.0039336936
2.4134964 0.0039285626
2.4143074 0.0039234192
2.4151184 0.0039182757
2.4159294 0.0039131323
2.4167404 0.0039079889
2.4175514 0.0039028454
2.4183624 0.003897702
2.4191733 0.0038925586
2.4199843 0.0038874152
2.4207953 0.0038822717
2.4216063 0.0038771283
2.4224173 0.0038719849
2.4232283 0.0038668414
2.4240393 0.003861698
2.4248502 0.0038565546
2.4256612 0.0038514111
2.4264722 0.0038462677
2.4272832 0.0038410377
2.4280942 0.0038356436
2.4289052 0.0038302495
2.4297162 0.0038248554
2.4305272 0.0038194612
2.4313381 0.0038140671
2.4321491 0.003808673
2.4329601 0.0038032789
2.4337711 0.0037978848
2.4345821 0.0037924907
2.4353931 0.0037870966
2.4362041 0.0037817025
2.437015 0.0037763084
2.437826 0.0037709143
2.438637 0.0037655202
2.439448 0.0037601261
2.440259 0.003754732
2.44107 0.0037493379
2.441881 0.0037437886
2.442692 0.0037381799
2.4435029 0.0037325711
2.4443139 0.0037269624
2.4451249 0.0037213536
2.4459359 0.0037157449
2.4467469 0.0037101362
2.4475579 0.0037045274
2.4483689 0.0036989187
2.4491798 0.0036933099
2.4499908 0.0036877012
2.4508018 0.0036820924
2.4516128 0.0036764837
2.4524238 0.003670875
2.4532348 0.0036652662
2.4540458 0.0036596575
2.4548568 0.0036540487
2.4556677 0.0036484237
2.4564787 0.0036426345
2.4572897 0.0036368453
2.4581007 0.0036310561
2.4589117 0.0036252669
2.4597227 0.0036194777
2.4605337 0.0036136885
2.4613446 0.0036078993
2.4621556 0.00360211
2.4629666 0.0035963208
2.4637776 0.0035905316
2.4645886 0.0035847424
2.4653996 0.0035789532
2.4662106 0.003573164
2.4670216 0.0035673748
2.4678325 0.0035615856
2.4686435 0.0035557964
2.4694545 0.0035500072
2.4702655 0.0035441517
2.4710765 0.0035382143
2.4718875 0.003532277
2.4726985 0.0035263396
2.4735095 0.0035204022
2.4743204 0.0035144649
2.4751314 0.0035085275
2.4759424 0.0035025902
2.4767534 0.0034966528
2.4775644 0.0034907155
2.4783754 0.0034847781
2.4791864 0.0034788407
2.4799973 0.0034729034
2.4808083 0.003466966
2.4816193 0.0034610287
2.4824303 0.0034550913
2.4832413 0.0034491539
2.4840523 0.0034432166
2.4848633 0.0034371856
2.4856743 0.0034311306
2.4864852 0.0034250755
2.4872962 0.0034190205
2.4881072 0.0034129654
2.4889182 0.0034069104
2.4897292 0.0034008553
2.4905402 0.0033948003
2.4913512 0.0033887452
2.4921621 0.0033826902
2.4929731 0.0033766351
2.4937841 0.0033705801
2.4945951 0.003364525
2.4954061 0.00335847
2.4962171 0.0033524149
2.4970281 0.0033463598
2.4978391 0.0033403048
2.49865 0.0033342378
2.499461 0.0033280937
2.500272 0.0033219495
2.501083 0.0033158054
2.501894 0.0033096613
2.502705 0.0033035172
2.503516 0.003297373
2.5043269 0.0032912289
2.5051379 0.0032850848
2.5059489 0.0032789407
2.5067599 0.0032727965
2.5075709 0.0032666524
2.5083819 0.0032605083
2.5091929 0.0032543642
2.5100039 0.00324822
2.5108148 0.0032420759
2.5116258 0.0032359318
2.5124368 0.0032297877
2.5132478 0.0032236146
2.5140588 0.0032174082
2.5148698 0.0032112018
2.5156808 0.0032049954
2.5164917 0.003198789
2.5173027 0.0031925826
2.5181137 0.0031863762
2.5189247 0.0031801698
2.5197357 0.0031739634
2.5205467 0.003167757
2.5213577 0.0031615506
2.5221687 0.0031553442
2.5229796 0.0031491378
2.5237906 0.0031429314
2.5246016 0.003136725
2.5254126 0.0031305186
2.5262236 0.0031243122
2.5270346 0.0031181058
2.5278456 0.0031118701
2.5286565 0.0031056264
2.5294675 0.0030993827
2.5302785 0.0030931391
2.5310895 0.0030868954
2.5319005 0.0030806517
2.5327115 0.0030744081
2.5335225 0.0030681644
2.5343335 0.0030619207
2.5351444 0.0030556771
2.5359554 0.0030494334
2.5367664 0.0030431897
2.5375774 0.0030369461
2.5383884 0.0030307024
2.5391994 0.0030244587
2.5400104 0.0030182151
2.5408213 0.0030119714
2.5416323 0.0030057263
2.5424433 0.0029994686
2.5432543 0.002993211
2.5440653 0.0029869533
2.5448763 0.0029806956
2.5456873 0.002974438
2.5464983 0.0029681803
2.5473092 0.0029619226
2.5481202 0.0029556649
2.5489312 0.0029494073
2.5497422 0.0029431496
2.5505532 0.0029368919
2.5513642 0.0029306342
2.5521752 0.0029243766
2.5529861 0.0029181189
2.5537971 0.0029118612
2.5546081 0.0029056035
2.5554191 0.0028993459
2.5562301 0.0028930913
2.5570411 0.0028868411
2.5578521 0.002880591
2.5586631 0.0028743408
2.559474 0.0028680907
2.560285 0.0028618406
2.561096 0.0028555904
2.561907 0.0028493403
2.562718 0.0028430901
2.563529 0.00283684
2.56434 0.0028305899
2.5651509 0.0028243397
2.5659619 0.0028180896
2.5667729 0.0028118394
2.5675839 0.0028055893
2.5683949 0.0027993391
2.5692059 0.002793089
2.5700169 0.0027868389
2.5708279 0.0027806082
2.5716388 0.0027743854
2.5724498 0.0027681627
2.5732608 0.00276194
2.5740718 0.0027557172
2.5748828 0.0027494945
2.5756938 0.0027432717
2.5765048 0.002737049
2.5773157 0.0027308263
2.5781267 0.0027246035
2.5789377 0.0027183808
2.5797487 0.0027121581
2.5805597 0.0027059353
2.5813707 0.0026997126
2.5821817 0.0026934898
2.5829927 0.0026872671
2.5838036 0.0026810444
2.5846146 0.0026748219
2.5854256 0.0026686448
2.5862366 0.0026624677
2.5870476 0.0026562906
2.5878586 0.0026501135
2.5886696 0.0026439364
2.5894805 0.0026377594
2.5902915 0.0026315823
2.5911025 0.0026254052
2.5919135 0.0026192281
2.5927245 0.002613051
2.5935355 0.0026068739
2.5943465 0.0026006968
2.5951575 0.0025945197
2.5959684 0.0025883427
2.5967794 0.0025821656
2.5975904 0.0025759885
2.5984014 0.0025698114
2.5992124 0.0025636527
2.6000234 0.002557538
2.6008344 0.0025514232
2.6016454 0.0025453084
2.6024563 0.0025391937
2.6032673 0.0025330789
2.6040783 0.0025269642
2.6048893 0.0025208494
2.6057003 0.0025147346
2.6065113 0.0025086199
2.6073223 0.0025025051
2.6081332 0.0024963904
2.6089442 0.0024902756
2.6097552 0.0024841609
2.6105662 0.0024780461
2.6113772 0.0024719313
2.6121882 0.0024658166
2.6129992 0.0024597018
2.6138102 0.002453632
2.6146211 0.0024475947
2.6154321 0.0024415575
2.6162431 0.0024355202
2.6170541 0.0024294829
2.6178651 0.0024234456
2.6186761 0.0024174084
2.6194871 0.0024113711
2.620298 0.0024053338
2.621109 0.0023992966
2.62192 0.0023932593
2.622731 0.002387222
2.623542 0.0023811848
2.624353 0.0023751475
2.625164 0.0023691102
2.625975 0.002363073
2.6267859 0.0023570357
2.6275969 0.0023509984
2.6284079 0.0023450396
2.6292189 0.0023390935
2.6300299 0.0023331474
2.6308409 0.0023272013
2.6316519 0.0023212552
2.6324628 0.0023153092
2.6332738 0.0023093631
2.6340848 0.002303417
2.6348958 0.0022974709
2.6357068 0.0022915249
2.6365178 0.0022855788
2.6373288 0.0022796327
2.6381398 0.0022736866
2.6389507 0.0022677405
2.6397617 0.0022617945
2.6405727 0.0022558484
2.6413837 0.0022499023
2.6421947 0.0022439702
2.6430057 0.0022381276
2.6438167 0.0022322851
2.6446276 0.0022264425
2.6454386 0.0022205999
2.6462496 0.0022147573
2.6470606 0.0022089147
2.6478716 0.0022030721
2.6486826 0.0021972295
2.6494936 0.0021913869
2.6503046 0.0021855443
2.6511155 0.0021797017
2.6519265 0.0021738591
2.6527375 0.0021680166
2.6535485 0.002162174
2.6543595 0.0021563314
2.6551705 0.0021504888
2.6559815 0.0021446462
2.6567924 0.0021388502
2.6576034 0.0021331221
2.6584144 0.0021273939
2.6592254 0.0021216658
2.6600364 0.0021159376
2.6608474 0.0021102094
2.6616584 0.0021044813
2.6624694 0.0020987531
2.6632803 0.002093025
2.6640913 0.0020872968
2.6649023 0.0020815687
2.6657133 0.0020758405
2.6665243 0.0020701124
2.6673353 0.0020643842
2.6681463 0.0020586561
2.6689572 0.0020529279
2.6697682 0.0020471997
2.6705792 0.0020414716
2.6713902 0.0020358274
2.6722012 0.0020302233
2.6730122 0.0020246193
2.6738232 0.0020190152
2.6746342 0.0020134112
2.6754451 0.0020078071
2.6762561 0.0020022031
2.6770671 0.001996599
2.6778781 0.001990995
2.6786891 0.0019853909
2.6795001 0.0019797869
2.6803111 0.0019741828
2.681122 0.0019685788
2.681933 0.0019629747
2.682744 0.0019573707
2.683555 0.0019517666
2.684366 0.0019461626
2.685177 0.0019405585
2.685988 0.0019350794
2.686799 0.0019296079
2.6876099 0.0019241364
2.6884209 0.0019186649
2.6892319 0.0019131934
2.6900429 0.0019077219
2.6908539 0.0019022504
2.6916649 0.0018967789
2.6924759 0.0018913074
2.6932868 0.0018858359
2.6940978 0.0018803644
2.6949088 0.0018748929
2.6957198 0.0018694214
2.6965308 0.0018639499
2.6973418 0.0018584784
2.6981528 0.0018530069
2.6989638 0.0018475354
2.6997747 0.0018420928
2.7005857 0.0018367611
2.7013967 0.0018314295
2.7022077 0.0018260978
2.7030187 0.0018207661
2.7038297 0.0018154345
2.7046407 0.0018101028
2.7054516 0.0018047711
2.7062626 0.0017994394
2.7070736 0.0017941078
2.7078846 0.0017887761
2.7086956 0.0017834444
2.7095066 0.0017781128
2.7103176 0.0017727811
2.7111286 0.0017674494
2.7119395 0.0017621178
2.7127505 0.0017567861
2.7135615 0.0017514544
2.7143725 0.0017461912
2.7151835 0.0017410056
2.7159945 0.0017358199
2.7168055 0.0017306343
2.7176164 0.0017254486
2.7184274 0.001720263
2.7192384 0.0017150773
2.7200494 0.0017098916
2.7208604 0.001704706
2.7216714 0.0016995203
2.7224824 0.0016943347
2.7232934 0.001689149
2.7241043 0.0016839634
2.7249153 0.0016787777
2.7257263 0.0016735921
2.7265373 0.0016684064
2.7273483 0.0016632207
2.7281593 0.0016580351
2.7289703 0.0016529598
2.7297812 0.0016479253
2.7305922 0.0016428908
2.7314032 0.0016378563
2.7322142 0.0016328218
2.7330252 0.0016277874
2.7338362 0.0016227529
2.7346472 0.0016177184
2.7354582 0.0016126839
2.7362691 0.0016076494
2.7370801 0.0016026149
2.7378911 0.0015975804
2.7387021 0.0015925459
2.7395131 0.0015875114
2.7403241 0.0015824769
2.7411351 0.0015774424
2.741946 0.0015724079
2.742757 0.0015673734
2.743568 0.0015624928
2.744379 0.0015576137
2.74519 0.0015527345
2.746001 0.0015478554
2.746812 0.0015429762
2.747623 0.0015380971
2.7484339 0.0015332179
2.7492449 0.0015283387
2.7500559 0.0015234596
2.7508669 0.0015185804
2.7516779 0.0015137013
2.7524889 0.0015088221
2.7532999 0.001503943
2.7541108 0.0014990638
2.7549218 0.0014941846
2.7557328 0.0014893055
2.7565438 0.0014844263
2.7573548 0.001479587
2.7581658 0.0014748664
2.7589768 0.0014701459
2.7597878 0.0014654253
2.7605987 0.0014607048
2.7614097 0.0014559842
2.7622207 0.0014512637
2.7630317 0.0014465431
2.7638427 0.0014418226
2.7646537 0.001437102
2.7654647 0.0014323814
2.7662756 0.0014276609
2.7670866 0.0014229403
2.7678976 0.0014182198
2.7687086 0.0014134992
2.7695196 0.0014087787
2.7703306 0.0014040581
2.7711416 0.0013993376
2.7719526 0.0013946994
2.7727635 0.0013901398
2.7735745 0.0013855803
2.7743855 0.0013810208
2.7751965 0.0013764612
2.7760075 0.0013719017
2.7768185 0.0013673422
2.7776295 0.0013627826
2.7784405 0.0013582231
2.7792514 0.0013536636
2.7800624 0.001349104
2.7808734 0.0013445445
2.7816844 0.001339985
2.7824954 0.0013354254
2.7833064 0.0013308659
2.7841174 0.0013263064
2.7849283 0.0013217469
2.7857393 0.0013171873
2.7865503 0.0013127535
2.7873613 0.0013083566
2.7881723 0.0013039597
2.7889833 0.0012995628
2.7897943 0.0012951659
2.7906053 0.0012907691
2.7914162 0.0012863722
2.7922272 0.0012819753
2.7930382 0.0012775784
2.7938492 0.0012731815
2.7946602 0.0012687847
2.7954712 0.0012643878
2.7962822 0.0012599909
2.7970931 0.001255594
2.7979041 0.0012511971
2.7987151 0.0012468003
2.7995261 0.0012424034
2.8003371 0.0012380122
2.8011481 0.0012337789
2.8019591 0.0012295456
2.8027701 0.0012253123
2.803581 0.0012210789
2.804392 0.0012168456
2.805203 0.0012126123
2.806014 0.001208379
2.806825 0.0012041456
2.807636 0.0011999123
2.808447 0.001195679
2.8092579 0.0011914457
2.8100689 0.0011872124
2.8108799 0.001182979
2.8116909 0.0011787457
2.8125019 0.0011745124
2.8133129 0.0011702791
2.8141239 0.0011660458
2.8149349 0.0011618614
2.8157458 0.0011577919
2.8165568 0.0011537224
2.8173678 0.0011496528
2.8181788 0.0011455833
2.8189898 0.0011415138
2.8198008 0.0011374443
2.8206118 0.0011333747
2.8214227 0.0011293052
2.8222337 0.0011252357
2.8230447 0.0011211662
2.8238557 0.0011170966
2.8246667 0.0011130271
2.8254777 0.0011089576
2.8262887 0.0011048881
2.8270997 0.0011008185
2.8279106 0.001096749
2.8287216 0.0010926795
2.8295326 0.0010887023
2.8303436 0.0010847962
2.8311546 0.0010808901
2.8319656 0.001076984
2.8327766 0.0010730779
2.8335875 0.0010691718
2.8343985 0.0010652657
2.8352095 0.0010613596
2.8360205 0.0010574535
2.8368315 0.0010535474
2.8376425 0.0010496413
2.8384535 0.0010457352
2.8392645 0.0010418291
2.8400754 0.001037923
2.8408864 0.0010340169
2.8416974 0.0010301108
2.8425084 0.0010262047
2.8433194 0.0010222986
2.8441304 0.001018528
2.8449414 0.0010147844
2.8457523 0.0010110408
2.8465633 0.0010072972
2.8473743 0.0010035536
2.8481853 0.00099980994
2.8489963 0.00099606633
2.8498073 0.00099232271
2.8506183 0.0009885791
2.8514293 0.00098483548
2.8522402 0.00098109187
2.8530512 0.00097734825
2.8538622 0.00097360464
2.8546732 0.00096986102
2.8554842 0.00096611741
2.8562952 0.00096237379
2.8571062 0.00095863018
2.8579171 0.0009549037
2.8587281 0.00095132113
2.8595391 0.00094773857
2.8603501 0.00094415601
2.8611611 0.00094057344
2.8619721 0.00093699088
2.8627831 0.00093340831
2.8635941 0.00092982575
2.864405 0.00092624318
2.865216 0.00092266062
2.866027 0.00091907805
2.866838 0.00091549549
2.867649 0.00091191293
2.86846 0.00090833036
2.869271 0.0009047478
2.8700819 0.00090116523
2.8708929 0.00089758267
2.8717039 0.0008940001
2.8725149 0.00089047836
2.8733259 0.00088705495
2.8741369 0.00088363154
2.8749479 0.00088020813
2.8757589 0.00087678472
2.8765698 0.00087336131
2.8773808 0.0008699379
2.8781918 0.00086651449
2.8790028 0.00086309108
2.8798138 0.00085966767
2.8806248 0.00085624426
2.8814358 0.00085282085
2.8822467 0.00084939744
2.8830577 0.00084597403
2.8838687 0.00084255062
2.8846797 0.00083912721
2.8854907 0.00083570381
2.8863017 0.0008322804
2.8871127 0.00082896082
2.8879237 0.00082569426
2.8887346 0.0008224277
2.8895456 0.00081916113
2.8903566 0.00081589457
2.8911676 0.00081262801
2.8919786 0.00080936145
2.8927896 0.00080609488
2.8936006 0.00080282832
2.8944115 0.00079956176
2.8952225 0.00079629519
2.8960335 0.00079302863
2.8968445 0.00078976207
2.8976555 0.00078649551
2.8984665 0.00078322894
2.8992775 0.00077996238
2.9000885 0.00077669582
2.9008994 0.00077342926
2.9017104 0.00077030862
2.9025214 0.00076719623
2.9033324 0.00076408384
2.9041434 0.00076097144
2.9049544 0.00075785905
2.9057654 0.00075474666
2.9065763 0.00075163427
2.9073873 0.00074852188
2.9081983 0.00074540949
2.9090093 0.0007422971
2.9098203 0.00073918471
2.9106313 0.00073607232
2.9114423 0.00073295993
2.9122533 0.00072984754
2.9130642 0.00072673515
2.9138752 0.00072362276
2.9146862 0.00072051037
2.9154972 0.00071743366
2.9163082 0.00071447244
2.9171192 0.00071151122
2.9179302 0.00070855
2.9187411 0.00070558878
2.9195521 0.00070262756
2.9203631 0.00069966634
2.9211741 0.00069670512
2.9219851 0.00069374389
2.9227961 0.00069078267
2.9236071 0.00068782145
2.9244181 0.00068486023
2.925229 0.00068189901
2.92604 0.00067893779
2.926851 0.00067597657
2.927662 0.00067301535
2.928473 0.00067005412
2.929284 0.0006670929
2.930095 0.00066421024
2.9309059 0.0006613969
2.9317169 0.00065858356
2.9325279 0.00065577022
2.9333389 0.00065295688
2.9341499 0.00065014354
2.9349609 0.00064733019
2.9357719 0.00064451685
2.9365829 0.00064170351
2.9373938 0.00063889017
2.9382048 0.00063607683
2.9390158 0.00063326349
2.9398268 0.00063045015
2.9406378 0.00062763681
2.9414488 0.00062482347
2.9422598 0.00062201012
2.9430707 0.00061919678
2.9438817 0.00061638344
2.9446927 0.00061369026
2.9455037 0.00061102125
2.9463147 0.00060835225
2.9471257 0.00060568325
2.9479367 0.00060301425
2.9487477 0.00060034525
2.9495586 0.00059767625
2.9503696 0.00059500724
2.9511806 0.00059233824
2.9519916 0.00058966924
2.9528026 0.00058700024
2.9536136 0.00058433124
2.9544246 0.00058166224
2.9552355 0.00057899323
2.9560465 0.00057632423
2.9568575 0.00057365523
2.9576685 0.00057098623
2.9584795 0.00056833694
2.9592905 0.00056580852
2.9601015 0.0005632801
2.9609125 0.00056075168
2.9617234 0.00055822326
2.9625344 0.00055569484
2.9633454 0.00055316642
2.9641564 0.000550638
2.9649674 0.00054810959
2.9657784 0.00054558117
2.9665894 0.00054305275
2.9674003 0.00054052433
2.9682113 0.00053799591
2.9690223 0.00053546749
2.9698333 0.00053293907
2.9706443 0.00053041065
2.9714553 0.00052788223
2.9722663 0.00052535381
2.9730773 0.00052288757
2.9738882 0.00052049579
2.9746992 0.00051810402
2.9755102 0.00051571224
2.9763212 0.00051332047
2.9771322 0.00051092869
2.9779432 0.00050853692
2.9787542 0.00050614514
2.9795652 0.00050375336
2.9803761 0.00050136159
2.9811871 0.00049896981
2.9819981 0.00049657804
2.9828091 0.00049418626
2.9836201 0.00049179449
2.9844311 0.00048940271
2.9852421 0.00048701093
2.986053 0.00048461916
2.986864 0.00048222738
2.987675 0.00047993865
2.988486 0.00047767942
2.989297 0.0004754202
2.990108 0.00047316098
2.990919 0.00047090175
2.99173 0.00046864253
2.9925409 0.00046638331
2.9933519 0.00046412408
2.9941629 0.00046186486
2.9949739 0.00045960564
2.9957849 0.00045734641
2.9965959 0.00045508719
2.9974069 0.00045282797
2.9982178 0.00045056874
2.9990288 0.00044830952
2.9998398 0.0004460503
3.0006508 0.00044379108
3.0014618 0.00044154567
3.0022728 0.00043941479
3.0030838 0.0004372839
3.0038948 0.00043515302
3.0047057 0.00043302214
3.0055167 0.00043089125
3.0063277 0.00042876037
3.0071387 0.00042662949
3.0079497 0.0004244986
3.0087607 0.00042236772
3.0095717 0.00042023684
3.0103826 0.00041810595
3.0111936 0.00041597507
3.0120046 0.00041384419
3.0128156 0.0004117133
3.0136266 0.00040958242
3.0144376 0.00040745154
3.0152486 0.00040532065
3.0160596 0.00040324515
3.0168705 0.0004012383
3.0176815 0.00039923145
3.0184925 0.0003972246
3.0193035 0.00039521775
3.0201145 0.0003932109
3.0209255 0.00039120405
3.0217365 0.0003891972
3.0225474 0.00038719036
3.0233584 0.00038518351
3.0241694 0.00038317666
3.0249804 0.00038116981
3.0257914 0.00037916296
3.0266024 0.00037715611
3.0274134 0.00037514926
3.0282244 0.00037314241
3.0290353 0.00037113556
3.0298463 0.00036912871
3.0306573 0.0003672169
3.0314683 0.00036532972
3.0322793 0.00036344253
3.0330903 0.00036155534
3.0339013 0.00035966815
3.0347122 0.00035778096
3.0355232 0.00035589377
3.0363342 0.00035400658
3.0371452 0.0003521194
3.0379562 0.00035023221
3.0387672 0.00034834502
3.0395782 0.00034645783
3.0403892 0.00034457064
3.0412001 0.00034268345
3.0420111 0.00034079626
3.0428221 0.00033890908
3.0436331 0.00033702189
3.0444441 0.00033515215
3.0452551 0.00033338021
3.0460661 0.00033160827
3.046877 0.00032983632
3.047688 0.00032806438
3.048499 0.00032629244
3.04931 0.00032452049
3.050121 0.00032274855
3.050932 0.0003209766
3.051743 0.00031920466
3.052554 0.00031743272
3.0533649 0.00031566077
3.0541759 0.00031388883
3.0549869 0.00031211689
3.0557979 0.00031034494
3.0566089 0.000308573
3.0574199 0.00030680105
3.0582309 0.00030502911
3.0590418 0.00030331464
3.0598528 0.0003016535
3.0606638 0.00029999237
3.0614748 0.00029833123
3.0622858 0.00029667009
3.0630968 0.00029500896
3.0639078 0.00029334782
3.0647188 0.00029168669
3.0655297 0.00029002555
3.0663407 0.00028836442
3.0671517 0.00028670328
3.0679627 0.00028504215
3.0687737 0.00028338101
3.0695847 0.00028171988
3.0703957 0.00028005874
3.0712066 0.00027839761
3.0720176 0.00027673647
3.0728286 0.00027507534
3.0736396 0.00027350953
3.0744506 0.00027195477
3.0752616 0.00027040001
3.0760726 0.00026884524
3.0768836 0.00026729048
3.0776945 0.00026573572
3.0785055 0.00026418095
3.0793165 0.00026262619
3.0801275 0.00026107143
3.0809385 0.00025951667
3.0817495 0.0002579619
3.0825605 0.00025640714
3.0833714 0.00025485238
3.0841824 0.00025329761
3.0849934 0.00025174285
3.0858044 0.00025018809
3.0866154 0.00024863333
3.0874264 0.00024710759
3.0882374 0.00024565478
3.0890484 0.00024420197
3.0898593 0.00024274917
3.0906703 0.00024129636
3.0914813 0.00023984355
3.0922923 0.00023839074
3.0931033 0.00023693794
3.0939143 0.00023548513
3.0947253 0.00023403232
3.0955362 0.00023257951
3.0963472 0.00023112671
3.0971582 0.0002296739
3.0979692 0.00022822109
3.0987802 0.00022676828
3.0995912 0.00022531548
3.1004022 0.00022386267
3.1012132 0.00022240986
3.1020241 0.00022102385
3.1028351 0.00021966861
3.1036461 0.00021831338
3.1044571 0.00021695814
3.1052681 0.00021560291
3.1060791 0.00021424768
3.1068901 0.00021289244
3.1077011 0.00021153721
3.108512 0.00021018197
3.109323 0.00020882674
3.110134 0.0002074715
3.110945 0.00020611627
3.111756 0.00020476104
3.112567 0.0002034058
3.113378 0.00020205057
3.1141889 0.00020069533
3.1149999 0.0001993401
3.1158109 0.00019799384
3.1166219 0.00019673185
3.1174329 0.00019546985
3.1182439 0.00019420786
3.1190549 0.00019294587
3.1198659 0.00019168387
3.1206768 0.00019042188
3.1214878 0.00018915989
3.1222988 0.00018789789
3.1231098 0.0001866359
3.1239208 0.0001853739
3.1247318 0.00018411191
3.1255428 0.00018284992
3.1263537 0.00018158792
3.1271647 0.00018032593
3.1279757 0.00017906394
3.1287867 0.00017780194
3.1295977 0.00017653995
3.1304087 0.00017532425
3.1312197 0.00017415122
3.1320307 0.0001729782
3.1328416 0.00017180518
3.1336526 0.00017063215
3.1344636 0.00016945913
3.1352746 0.0001682861
3.1360856 0.00016711308
3.1368966 0.00016594006
3.1377076 0.00016476703
3.1385185 0.00016359401
3.1393295 0.00016242098
3.1401405 0.00016124796
3.1409515 0.00016007494
3.1417625 0.00015890191
3.1425735 0.00015772889
3.1433845 0.00015655586
3.1441955 0.00015538284
3.1450064 0.00015429096
3.1458174 0.00015320271
3.1466284 0.00015211445
3.1474394 0.0001510262
3.1482504 0.00014993795
3.1490614 0.00014884969
3.1498724 0.00014776144
3.1506833 0.00014667318
3.1514943 0.00014558493
3.1523053 0.00014449668
3.1531163 0.00014340842
3.1539273 0.00014232017
3.1547383 0.00014123192
3.1555493 0.00014014366
3.1563603 0.00013905541
3.1571712 0.00013796716
3.1579822 0.0001368789
3.1587932 0.00013582351
3.1596042 0.00013481591
3.1604152 0.00013380831
3.1612262 0.00013280071
3.1620372 0.00013179311
3.1628481 0.0001307855
3.1636591 0.0001297779
3.1644701 0.0001287703
3.1652811 0.0001277627
3.1660921 0.0001267551
3.1669031 0.0001257475
3.1677141 0.0001247399
3.1685251 0.0001237323
3.169336 0.0001227247
3.170147 0.0001217171
3.170958 0.0001207095
3.171769 0.00011970189
3.17258 0.00011869429
3.173391 0.00011775346
3.174202 0.00011682249
3.1750129 0.00011589151
3.1758239 0.00011496053
3.1766349 0.00011402955
3.1774459 0.00011309857
3.1782569 0.0001121676
3.1790679 0.00011123662
3.1798789 0.00011030564
3.1806899 0.00010937466
3.1815008 0.00010844368
3.1823118 0.00010751271
3.1831228 0.00010658173
3.1839338 0.00010565075
3.1847448 0.00010471977
3.1855558 0.0001037888
3.1863668 0.00010285782
3.1871777 0.00010195226
3.1879887 0.00010109397
3.1887997 0.00010023568
3.1896107 9.9377387e-05
3.1904217 9.8519097e-05
3.1912327 9.7660807e-05
3.1920437 9.6802518e-05
3.1928547 9.5944228e-05
3.1936656 9.5085938e-05
3.1944766 9.4227648e-05
3.1952876 9.3369359e-05
3.1960986 9.2511069e-05
3.1969096 9.1652779e-05
3.1977206 9.079449e-05
3.1985316 8.99362e-05
3.1993425 8.907791e-05
3.2001535 8.8219621e-05
3.2009645 8.7361331e-05
3.2017755 8.6561061e-05
3.2025865 8.5771625e-05
3.2033975 8.4982189e-05
3.2042085 8.4192753e-05
3.2050195 8.3403316e-05
3.2058304 8.261388e-05
3.2066414 8.1824444e-05
3.2074524 8.1035008e-05
3.2082634 8.0245571e-05
3.2090744 7.9456135e-05
3.2098854 7.8666699e-05
3.2106964 7.7877263e-05
3.2115073 7.7087826e-05
3.2123183 7.629839e-05
3.2131293 7.5508954e-05
3.2139403 7.4719518e-05
3.2147513 7.3930081e-05
3.2155623 7.3163496e-05
3.2163733 7.2439183e-05
3.2171843 7.171487e-05
3.2179952 7.0990557e-05
3.2188062 7.0266244e-05
3.2196172 6.9541931e-05
3.2204282 6.8817618e-05
3.2212392 6.8093305e-05
3.2220502 6.7368992e-05
3.2228612 6.6644679e-05
3.2236721 6.5920367e-05
3.2244831 6.5196054e-05
3.2252941 6.4471741e-05
3.2261051 6.3747428e-05
3.2269161 6.3023115e-05
3.2277271 6.2298802e-05
3.2285381 6.1574489e-05
3.2293491 6.0850176e-05
3.23016 6.0179666e-05
3.230971 5.9516855e-05
3.231782 5.8854044e-05
3.232593 5.8191233e-05
3.233404 5.7528422e-05
3.234215 5.6865611e-05
3.235026 5.62028e-05
3.235837 5.5539989e-05
3.2366479 5.4877178e-05
3.2374589 5.4214367e-05
3.2382699 5.3551556e-05
3.2390809 5.2888745e-05
3.2398919 5.2225934e-05
3.2407029 5.1563123e-05
3.2415139 5.0900312e-05
3.2423248 5.0237501e-05
3.2431358 4.957469e-05
3.2439468 4.8935941e-05
3.2447578 4.8331123e-05
3.2455688 4.7726305e-05
3.2463798 4.7121487e-05
3.2471908 4.6516669e-05
3.2480018 4.591185e-05
3.2488127 4.5307032e-05
3.2496237 4.4702214e-05
3.2504347 4.4097396e-05
3.2512457 4.3492577e-05
3.2520567 4.2887759e-05
3.2528677 4.2282941e-05
3.2536787 4.1678123e-05
3.2544896 4.1073305e-05
3.2553006 4.0468486e-05
3.2561116 3.9863668e-05
3.2569226 3.925885e-05
3.2577336 3.8654032e-05
3.2585446 3.8102267e-05
3.2593556 3.7552048e-05
3.2601666 3.7001829e-05
3.2609775 3.645161e-05
3.2617885 3.5901391e-05
3.2625995 3.5351172e-05
3.2634105 3.4800953e-05
3.2642215 3.4250734e-05
3.2650325 3.3700515e-05
3.2658435 3.3150296e-05
3.2666544 3.2600077e-05
3.2674654 3.2049858e-05
3.2682764 3.1499639e-05
3.2690874 3.094942e-05
3.2698984 3.0399201e-05
3.2707094 2.9848982e-05
3.2715204 2.9298764e-05
3.2723314 2.8776546e-05
3.2731423 2.8277651e-05
3.2739533 2.7778756e-05
3.2747643 2.727986e-05
3.2755753 2.6780965e-05
3.2763863 2.628207e-05
3.2771973 2.5783174e-05
3.2780083 2.5284279e-05
3.2788192 2.4785384e-05
3.2796302 2.4286488e-05
3.2804412 2.3787593e-05
3.2812522 2.3288698e-05
3.2820632 2.2789802e-05
3.2828742 2.2290907e-05
3.2836852 2.1792012e-05
3.2844962 2.1293116e-05
3.2853071 2.0794221e-05
3.2861181 2.030193e-05
3.2869291 1.9851204e-05
3.2877401 1.9400477e-05
3.2885511 1.894975e-05
3.2893621 1.8499024e-05
3.2901731 1.8048297e-05
3.290984 1.759757e-05
3.291795 1.7146844e-05
3.292606 1.6696117e-05
3.293417 1.624539e-05
3.294228 1.5794664e-05
3.295039 1.5343937e-05
3.29585 1.489321e-05
3.296661 1.4442484e-05
3.2974719 1.3991757e-05
3.2982829 1.354103e-05
3.2990939 1.3090304e-05
3.2999049 1.2639577e-05
3.3007159 1.2222554e-05
3.3015269 1.1816964e-05
3.3023379 1.1411373e-05
3.3031488 1.1005782e-05
3.3039598 1.0600191e-05
3.3047708 1.01946e-05
3.3055818 9.789009e-06
3.3063928 9.3834181e-06
3.3072038 8.9778272e-06
3.3080148 8.5722362e-06
3.3088258 8.1666453e-06
3.3096367 7.7610544e-06
3.3104477 7.3554635e-06
3.3112587 6.9498726e-06
3.3120697 6.5442817e-06
3.3128807 6.1386907e-06
3.3136917 5.7330998e-06
3.3145027 5.3433398e-06
3.3153136 4.9799751e-06
3.3161246 4.6166103e-06
3.3169356 4.2532456e-06
3.3177466 3.8898808e-06
3.3185576 3.5265161e-06
3.3193686 3.1631513e-06
3.3201796 2.7997866e-06
3.3209906 2.4364218e-06
3.3218015 2.0730571e-06
3.3226125 1.7096923e-06
3.3234235 1.3463276e-06
3.3242345 9.829628e-07
3.3250455 6.1959804e-07
3.3258565 2.5623329e-07
3.3266675 1.0713147e-07
3.3274784 4.7049622e-07
3.3282894 8.3298816e-07
3.3291004 1.1569127e-06
3.3299114 1.4808372e-06
3.3307224 1.8047617e-06
3.3315334 2.1286862e-06
3.3323444 2.4526107e-06
3.3331554 2.7765352e-06
3.3339663 3.1004597e-06
3.3347773 3.4243842e-06
3.3355883 3.7483087e-06
3.3363993 4.0722332e-06
3.3372103 4.3961577e-06
3.3380213 4.7200822e-06
3.3388323 5.0440067e-06
3.3396432 5.3679312e-06
3.3404542 5.6918557e-06
3.3412652 6.0157802e-06
3.3420762 6.3397047e-06
3.3428872 6.6382941e-06
3.3436982 6.9254408e-06
3.3445092 7.2125876e-06
3.3453202 7.4997343e-06
3.3461311 7.786881e-06
3.3469421 8.0740278e-06
3.3477531 8.3611745e-06
3.3485641 8.6483212e-06
3.3493751 8.9354679e-06
3.3501861 9.2226147e-06
3.3509971 9.5097614e-06
3.351808 9.7969081e-06
3.352619 1.0084055e-05
3.35343 1.0371202e-05
3.354241 1.0658348e-05
3.355052 1.0945495e-05
3.355863 1.1232642e-05
3.356674 1.1506929e-05
3.357485 1.1759838e-05
3.3582959 1.2012747e-05
3.3591069 1.2265656e-05
3.3599179 1.2518565e-05
3.3607289 1.2771474e-05
3.3615399 1.3024384e-05
3.3623509 1.3277293e-05
3.3631619 1.3530202e-05
3.3639729 1.3783111e-05
3.3647838 1.403602e-05
3.3655948 1.4288929e-05
3.3664058 1.4541838e-05
3.3672168 1.4794748e-05
3.3680278 1.5047657e-05
3.3688388 1.5300566e-05
3.3696498 1.5553475e-05
3.3704607 1.580375e-05
3.3712717 1.6024841e-05
3.3720827 1.6245932e-05
3.3728937 1.6467023e-05
3.3737047 1.6688114e-05
3.3745157 1.6909206e-05
3.3753267 1.7130297e-05
3.3761377 1.7351388e-05
3.3769486 1.7572479e-05
3.3777596 1.779357e-05
3.3785706 1.8014662e-05
3.3793816 1.8235753e-05
3.3801926 1.8456844e-05
3.3810036 1.8677935e-05
3.3818146 1.8899026e-05
3.3826255 1.9120118e-05
3.3834365 1.9341209e-05
3.3842475 1.95623e-05
3.3850585 1.9759455e-05
3.3858695 1.995103e-05
3.3866805 2.0142605e-05
3.3874915 2.033418e-05
3.3883025 2.0525755e-05
3.3891134 2.071733e-05
3.3899244 2.0908905e-05
3.3907354 2.110048e-05
3.3915464 2.1292055e-05
3.3923574 2.148363e-05
3.3931684 2.1675205e-05
3.3939794 2.186678e-05
3.3947903 2.2058355e-05
3.3956013 2.2249929e-05
3.3964123 2.2441504e-05
3.3972233 2.2633079e-05
3.3980343 2.2824654e-05
3.3988453 2.3000911e-05
3.3996563 2.3165157e-05
3.4004673 2.3329402e-05
3.4012782 2.3493647e-05
3.4020892 2.3657893e-05
3.4029002 2.3822138e-05
3.4037112 2.3986383e-05
3.4045222 2.4150629e-05
3.4053332 2.4314874e-05
3.4061442 2.4479119e-05
3.4069551 2.4643365e-05
3.4077661 2.480761e-05
3.4085771 2.4971855e-05
3.4093881 2.5136101e-05
3.4101991 2.5300346e-05
3.4110101 2.5464591e-05
3.4118211 2.5628837e-05
3.4126321 2.57847e-05
3.413443 2.5923691e-05
3.414254 2.6062682e-05
3.415065 2.6201673e-05
3.415876 2.6340664e-05
3.416687 2.6479655e-05
3.417498 2.6618646e-05
3.418309 2.6757637e-05
3.4191199 2.6896628e-05
3.4199309 2.7035619e-05
3.4207419 2.717461e-05
3.4215529 2.7313601e-05
3.4223639 2.7452592e-05
3.4231749 2.7591583e-05
3.4239859 2.7730574e-05
3.4247969 2.7869565e-05
3.4256078 2.8008556e-05
3.4264188 2.814462e-05
3.4272298 2.8260324e-05
3.4280408 2.8376028e-05
3.4288518 2.8491733e-05
3.4296628 2.8607437e-05
3.4304738 2.8723141e-05
3.4312847 2.8838846e-05
3.4320957 2.895455e-05
3.4329067 2.9070254e-05
3.4337177 2.9185958e-05
3.4345287 2.9301663e-05
3.4353397 2.9417367e-05
3.4361507 2.9533071e-05
3.4369617 2.9648776e-05
3.4377726 2.976448e-05
3.4385836 2.9880184e-05
3.4393946 2.9995888e-05
3.4402056 3.0111593e-05
3.4410166 3.020711e-05
3.4418276 3.0301391e-05
3.4426386 3.0395673e-05
3.4434495 3.0489954e-05
3.4442605 3.0584235e-05
3.4450715 3.0678517e-05
3.4458825 3.0772798e-05
3.4466935 3.086708e-05
3.4475045 3.0961361e-05
3.4483155 3.1055642e-05
3.4491265 3.1149924e-05
3.4499374 3.1244205e-05
3.4507484 3.1338487e-05
3.4515594 3.1432768e-05
3.4523704 3.1527049e-05
3.4531814 3.1621331e-05
3.4539924 3.1715612e-05
3.4548034 3.1794516e-05
3.4556143 3.1869138e-05
3.4564253 3.1943761e-05
3.4572363 3.2018383e-05
3.4580473 3.2093006e-05
3.4588583 3.2167628e-05
3.4596693 3.2242251e-05
3.4604803 3.2316873e-05
3.4612913 3.2391495e-05
3.4621022 3.2466118e-05
3.4629132 3.254074e-05
3.4637242 3.2615363e-05
3.4645352 3.2689985e-05
3.4653462 3.2764608e-05
3.4661572 3.283923e-05
3.4669682 3.2913853e-05
3.4677791 3.2988475e-05
3.4685901 3.3051477e-05
3.4694011 3.3108109e-05
3.4702121 3.316474e-05
3.4710231 3.3221371e-05
3.4718341 3.3278003e-05
3.4726451 3.3334634e-05
3.4734561 3.3391265e-05
3.474267 3.3447897e-05
3.475078 3.3504528e-05
3.475889 3.356116e-05
3.4767 3.3617791e-05
3.477511 3.3674422e-05
3.478322 3.3731054e-05
3.479133 3.3787685e-05
3.4799439 3.3844316e-05
3.4807549 3.3900948e-05
3.4815659 3.3957579e-05
3.4823769 3.4005448e-05
3.4831879 3.4045663e-05
3.4839989 3.4085879e-05
3.4848099 3.4126094e-05
3.4856209 3.416631e-05
3.4864318 3.4206525e-05
3.4872428 3.4246741e-05
3.4880538 3.4286956e-05
3.4888648 3.4327172e-05
3.4896758 3.4367387e-05
3.4904868 3.4407603e-05
3.4912978 3.4447818e-05
3.4921088 3.4488034e-05
3.4929197 3.4528249e-05
3.4937307 3.4568465e-05
3.4945417 3.460868e-05
3.4953527 3.4648896e-05
3.4961637 3.4682446e-05
3.4969747 3.4707732e-05
3.4977857 3.4733017e-05
3.4985966 3.4758302e-05
3.4994076 3.4783588e-05
3.5002186 3.4808873e-05
3.5010296 3.4834159e-05
3.5018406 3.4859444e-05
3.5026516 3.488473e-05
3.5034626 3.4910015e-05
3.5042736 3.4935301e-05
3.5050845 3.4960586e-05
3.5058955 3.4985872e-05
3.5067065 3.5011157e-05
3.5075175 3.5036443e-05
3.5083285 3.5061728e-05
3.5091395 3.5087013e-05
3.5099505 3.51071e-05
3.5107614 3.5118855e-05
3.5115724 3.513061e-05
3.5123834 3.5142365e-05
3.5131944 3.5154119e-05
3.5140054 3.5165874e-05
3.5148164 3.5177629e-05
3.5156274 3.5189384e-05
3.5164384 3.5201139e-05
3.5172493 3.5212893e-05
3.5180603 3.5224648e-05
3.5188713 3.5236403e-05
3.5196823 3.5248158e-05
3.5204933 3.5259913e-05
3.5213043 3.5271667e-05
3.5221153 3.5283422e-05
3.5229262 3.5295177e-05
3.5237372 3.5302685e-05
3.5245482 3.5302225e-05
3.5253592 3.5301765e-05
3.5261702 3.5301304e-05
3.5269812 3.5300844e-05
3.5277922 3.5300384e-05
3.5286032 3.5299924e-05
3.5294141 3.5299463e-05
3.5302251 3.5299003e-05
3.5310361 3.5298543e-05
3.5318471 3.5298083e-05
3.5326581 3.5297622e-05
3.5334691 3.5297162e-05
3.5342801 3.5296702e-05
3.535091 3.5296241e-05
3.535902 3.5295781e-05
3.536713 3.5295321e-05
3.537524 3.5291158e-05
3.538335 3.5279717e-05
3.539146 3.5268276e-05
3.539957 3.5256835e-05
3.540768 3.5245394e-05
3.5415789 3.5233953e-05
3.5423899 3.5222512e-05
3.5432009 3.5211071e-05
3.5440119 3.519963e-05
3.5448229 3.5188189e-05
3.5456339 3.5176749e-05
3.5464449 3.5165308e-05
3.5472558 3.5153867e-05
3.5480668 3.5142426e-05
3.5488778 3.5130985e-05
3.5496888 3.5119544e-05
3.5504998 3.5108103e-05
3.5513108 3.5093191e-05
3.5521218 3.5071925e-05
3.5529328 3.5050659e-05
3.5537437 3.5029392e-05
3.5545547 3.5008126e-05
3.5553657 3.498686e-05
3.5561767 3.4965594e-05
3.5569877 3.4944328e-05
3.5577987 3.4923062e-05
3.5586097 3.4901796e-05
3.5594206 3.488053e-05
3.5602316 3.4859264e-05
3.5610426 3.4837997e-05
3.5618536 3.4816731e-05
3.5626646 3.4795465e-05
3.5634756 3.4774199e-05
3.5642866 3.4752933e-05
3.5650976 3.47282e-05
3.5659085 3.4698188e-05
3.5667195 3.4668176e-05
3.5675305 3.4638164e-05
3.5683415 3.4608152e-05
3.5691525 3.457814e-05
3.5699635 3.4548128e-05
3.5707745 3.4518115e-05
3.5715854 3.4488103e-05
3.5723964 3.4458091e-05
3.5732074 3.4428079e-05
3.5740184 3.4398067e-05
3.5748294 3.4368055e-05
3.5756404 3.4338043e-05
3.5764514 3.4308031e-05
3.5772624 3.4278019e-05
3.5780733 3.4248007e-05
3.5788843 3.4214379e-05
3.5796953 3.4176627e-05
3.5805063 3.4138874e-05
3.5813173 3.4101121e-05
3.5821283 3.4063369e-05
3.5829393 3.4025616e-05
3.5837502 3.3987863e-05
3.5845612 3.395011e-05
3.5853722 3.3912358e-05
3.5861832 3.3874605e-05
3.5869942 3.3836852e-05
3.5878052 3.37991e-05
3.5886162 3.3761347e-05
3.5894272 3.3723594e-05
3.5902381 3.3685841e-05
3.5910491 3.3648089e-05
3.5918601 3.3610336e-05
3.5926711 3.3568733e-05
3.5934821 3.3524174e-05
3.5942931 3.3479615e-05
3.5951041 3.3435056e-05
3.595915 3.3390496e-05
3.596726 3.3345937e-05
3.597537 3.3301378e-05
3.598348 3.3256819e-05
3.599159 3.321226e-05
3.59997 3.3167701e-05
3.600781 3.3123141e-05
3.601592 3.3078582e-05
3.6024029 3.3034023e-05
3.6032139 3.2989464e-05
3.6040249 3.2944905e-05
3.6048359 3.2900345e-05
3.6056469 3.2855786e-05
3.6064579 3.2807112e-05
3.6072689 3.2756613e-05
3.6080798 3.2706113e-05
3.6088908 3.2655613e-05
3.6097018 3.2605114e-05
3.6105128 3.2554614e-05
3.6113238 3.2504114e-05
3.6121348 3.2453615e-05
3.6129458 3.2403115e-05
3.6137568 3.2352615e-05
3.6145677 3.2302116e-05
3.6153787 3.2251616e-05
3.6161897 3.2201116e-05
3.6170007 3.2150617e-05
3.6178117 3.2100117e-05
3.6186227 3.2049617e-05
3.6194337 3.1999118e-05
3.6202447 3.1944257e-05
3.6210556 3.1888618e-05
3.6218666 3.1832979e-05
3.6226776 3.1777339e-05
3.6234886 3.17217e-05
3.6242996 3.1666061e-05
3.6251106 3.1610422e-05
3.6259216 3.1554783e-05
3.6267325 3.1499144e-05
3.6275435 3.1443504e-05
3.6283545 3.1387865e-05
3.6291655 3.1332226e-05
3.6299765 3.1276587e-05
3.6307875 3.1220948e-05
3.6315985 3.1165308e-05
3.6324095 3.1109669e-05
3.6332204 3.1053881e-05
3.6340314 3.0993842e-05
3.6348424 3.0933803e-05
3.6356534 3.0873763e-05
3.6364644 3.0813724e-05
3.6372754 3.0753685e-05
3.6380864 3.0693645e-05
3.6388973 3.0633606e-05
3.6397083 3.0573567e-05
3.6405193 3.0513527e-05
3.6413303 3.0453488e-05
3.6421413 3.0393449e-05
3.6429523 3.0333409e-05
3.6437633 3.027337e-05
3.6445743 3.0213331e-05
3.6453852 3.0153291e-05
3.6461962 3.0093252e-05
3.6470072 3.0032287e-05
3.6478182 2.9968529e-05
3.6486292 2.9904771e-05
3.6494402 2.9841012e-05
3.6502512 2.9777254e-05
3.6510621 2.9713496e-05
3.6518731 2.9649738e-05
3.6526841 2.958598e-05
3.6534951 2.9522222e-05
3.6543061 2.9458463e-05
3.6551171 2.9394705e-05
3.6559281 2.9330947e-05
3.6567391 2.9267189e-05
3.65755 2.9203431e-05
3.658361 2.9139673e-05
3.659172 2.9075914e-05
3.659983 2.9012156e-05
3.660794 2.894687e-05
3.661605 2.888002e-05
3.662416 2.881317e-05
3.6632269 2.874632e-05
3.6640379 2.867947e-05
3.6648489 2.861262e-05
3.6656599 2.854577e-05
3.6664709 2.847892e-05
3.6672819 2.841207e-05
3.6680929 2.834522e-05
3.6689039 2.827837e-05
3.6697148 2.821152e-05
3.6705258 2.814467e-05
3.6713368 2.807782e-05
3.6721478 2.801097e-05
3.6729588 2.794412e-05
3.6737698 2.787727e-05
3.6745808 2.7808482e-05
3.6753917 2.7739117e-05
3.6762027 2.7669751e-05
3.6770137 2.7600386e-05
3.6778247 2.753102e-05
3.6786357 2.7461655e-05
3.6794467 2.7392289e-05
3.6802577 2.7322924e-05
3.6810687 2.7253558e-05
3.6818796 2.7184193e-05
3.6826906 2.7114827e-05
3.6835016 2.7045462e-05
3.6843126 2.6976096e-05
3.6851236 2.6906731e-05
3.6859346 2.6837365e-05
3.6867456 2.6768e-05
3.6875565 2.669848e-05
3.6883675 2.6627129e-05
3.6891785 2.6555777e-05
3.6899895 2.6484425e-05
3.6908005 2.6413074e-05
3.6916115 2.6341722e-05
3.6924225 2.627037e-05
3.6932335 2.6199019e-05
3.6940444 2.6127667e-05
3.6948554 2.6056315e-05
3.6956664 2.5984964e-05
3.6964774 2.5913612e-05
3.6972884 2.584226e-05
3.6980994 2.5770909e-05
3.6989104 2.5699557e-05
3.6997213 2.5628206e-05
3.7005323 2.5556854e-05
3.7013433 2.5484877e-05
3.7021543 2.5412025e-05
3.7029653 2.5339173e-05
3.7037763 2.5266321e-05
3.7045873 2.5193469e-05
3.7053983 2.5120617e-05
3.7062092 2.5047765e-05
3.7070202 2.4974913e-05
3.7078312 2.4902061e-05
3.7086422 2.4829209e-05
3.7094532 2.4756357e-05
3.7102642 2.4683505e-05
3.7110752 2.4610653e-05
3.7118861 2.4537801e-05
3.7126971 2.4464949e-05
3.7135081 2.4392097e-05
3.7143191 2.4319245e-05
3.7151301 2.4245562e-05
3.7159411 2.4171655e-05
3.7167521 2.4097748e-05
3.7175631 2.402384e-05
3.718374 2.3949933e-05
3.719185 2.3876026e-05
3.719996 2.3802119e-05
3.720807 2.3728212e-05
3.721618 2.3654304e-05
3.722429 2.3580397e-05
3.72324 2.350649e-05
3.7240509 2.3432583e-05
3.7248619 2.3358676e-05
3.7256729 2.3284769e-05
3.7264839 2.3210861e-05
3.7272949 2.3136954e-05
3.7281059 2.3062923e-05
3.7289169 2.2988369e-05
3.7297279 2.2913814e-05
3.7305388 2.283926e-05
3.7313498 2.2764705e-05
3.7321608 2.269015e-05
3.7329718 2.2615596e-05
3.7337828 2.2541041e-05
3.7345938 2.2466486e-05
3.7354048 2.2391932e-05
3.7362157 2.2317377e-05
3.7370267 2.2242822e-05
3.7378377 2.2168268e-05
3.7386487 2.2093713e-05
3.7394597 2.2019159e-05
3.7402707 2.1944604e-05
3.7410817 2.1870049e-05
3.7418927 2.1795322e-05
3.7427036 2.1720492e-05
3.7435146 2.1645663e-05
3.7443256 2.1570833e-05
3.7451366 2.1496004e-05
3.7459476 2.1421174e-05
3.7467586 2.1346344e-05
3.7475696 2.1271515e-05
3.7483806 2.1196685e-05
3.7491915 2.1121856e-05
3.7500025 2.1047026e-05
3.7508135 2.0972196e-05
3.7516245 2.0897367e-05
3.7524355 2.0822537e-05
3.7532465 2.0747708e-05
3.7540575 2.0672878e-05
3.7548684 2.0598055e-05
3.7556794 2.052329e-05
3.7564904 2.0448524e-05
3.7573014 2.0373759e-05
3.7581124 2.0298994e-05
3.7589234 2.0224229e-05
3.7597344 2.0149464e-05
3.7605454 2.0074699e-05
3.7613563 1.9999934e-05
3.7621673 1.9925169e-05
3.7629783 1.9850403e-05
3.7637893 1.9775638e-05
3.7646003 1.9700873e-05
3.7654113 1.9626108e-05
3.7662223 1.9551343e-05
3.7670332 1.9476578e-05
3.7678442 1.9401813e-05
3.7686552 1.9327272e-05
3.7694662 1.9252879e-05
3.7702772 1.9178487e-05
3.7710882 1.9104094e-05
3.7718992 1.9029702e-05
3.7727102 1.8955309e-05
3.7735211 1.8880917e-05
3.7743321 1.8806524e-05
3.7751431 1.8732132e-05
3.7759541 1.8657739e-05
3.7767651 1.8583347e-05
3.7775761 1.8508954e-05
3.7783871 1.8434562e-05
3.779198 1.8360169e-05
3.780009 1.8285777e-05
3.78082 1.8211384e-05
3.781631 1.8137082e-05
3.782442 1.8063341e-05
3.783253 1.7989599e-05
3.784064 1.7915858e-05
3.784875 1.7842116e-05
3.7856859 1.7768375e-05
3.7864969 1.7694633e-05
3.7873079 1.7620892e-05
3.7881189 1.754715e-05
3.7889299 1.7473409e-05
3.7897409 1.7399667e-05
3.7905519 1.7325925e-05
3.7913628 1.7252184e-05
3.7921738 1.7178442e-05
3.7929848 1.7104701e-05
3.7937958 1.7030959e-05
3.7946068 1.6957218e-05
3.7954178 1.6884118e-05
3.7962288 1.6811278e-05
3.7970398 1.6738437e-05
3.7978507 1.6665596e-05
3.7986617 1.6592755e-05
3.7994727 1.6519915e-05
3.8002837 1.6447074e-05
3.8010947 1.6374233e-05
3.8019057 1.6301392e-05
3.8027167 1.6228552e-05
3.8035276 1.6155711e-05
3.8043386 1.608287e-05
3.8051496 1.6010029e-05
3.8059606 1.5937189e-05
3.8067716 1.5864348e-05
3.8075826 1.5791507e-05
3.8083936 1.5719027e-05
3.8092046 1.564731e-05
3.8100155 1.5575592e-05
3.8108265 1.5503875e-05
3.8116375 1.5432157e-05
3.8124485 1.536044e-05
3.8132595 1.5288723e-05
3.8140705 1.5217005e-05
3.8148815 1.5145288e-05
3.8156924 1.507357e-05
3.8165034 1.5001853e-05
3.8173144 1.4930135e-05
3.8181254 1.4858418e-05
3.8189364 1.4786701e-05
3.8197474 1.4714983e-05
3.8205584 1.4643266e-05
3.8213694 1.4571548e-05
3.8221803 1.4501104e-05
3.8229913 1.4430707e-05
3.8238023 1.4360309e-05
3.8246133 1.4289911e-05
3.8254243 1.4219513e-05
3.8262353 1.4149115e-05
3.8270463 1.4078717e-05
3.8278572 1.4008319e-05
3.8286682 1.3937922e-05
3.8294792 1.3867524e-05
3.8302902 1.3797126e-05
3.8311012 1.3726728e-05
3.8319122 1.365633e-05
3.8327232 1.3585932e-05
3.8335342 1.3515534e-05
3.8343451 1.3445137e-05
3.8351561 1.3375701e-05
3.8359671 1.3306794e-05
3.8367781 1.3237887e-05
3.8375891 1.316898e-05
3.8384001 1.3100073e-05
3.8392111 1.3031166e-05
3.840022 1.2962259e-05
3.840833 1.2893352e-05
3.841644 1.2824445e-05
3.842455 1.2755538e-05
3.843266 1.2686631e-05
3.844077 1.2617724e-05
3.844888 1.2548817e-05
3.845699 1.247991e-05
3.8465099 1.2411003e-05
3.8473209 1.2342096e-05
3.8481319 1.2273782e-05
3.8489429 1.2206513e-05
3.8497539 1.2139245e-05
3.8505649 1.2071976e-05
3.8513759 1.2004707e-05
3.8521868 1.1937439e-05
3.8529978 1.187017e-05
3.8538088 1.1802901e-05
3.8546198 1.1735633e-05
3.8554308 1.1668364e-05
3.8562418 1.1601096e-05
3.8570528 1.1533827e-05
3.8578638 1.1466558e-05
3.8586747 1.139929e-05
3.8594857 1.1332021e-05
3.8602967 1.1264752e-05
3.8611077 1.1197688e-05
3.8619187 1.1132183e-05
3.8627297 1.1066678e-05
3.8635407 1.1001173e-05
3.8643516 1.0935668e-05
3.8651626 1.0870162e-05
3.8659736 1.0804657e-05
3.8667846 1.0739152e-05
3.8675956 1.0673647e-05
3.8684066 1.0608142e-05
3.8692176 1.0542637e-05
3.8700286 1.0477132e-05
3.8708395 1.0411626e-05
3.8716505 1.0346121e-05
3.8724615 1.0280616e-05
3.8732725 1.0215111e-05
3.8740835 1.0149606e-05
3.8748945 1.0085796e-05
3.8757055 1.0022158e-05
3.8765164 9.9585211e-06
3.8773274 9.8948839e-06
3.8781384 9.8312467e-06
3.8789494 9.7676094e-06
3.8797604 9.7039722e-06
3.8805714 9.6403349e-06
3.8813824 9.5766977e-06
3.8821934 9.5130604e-06
3.8830043 9.4494232e-06
3.8838153 9.385786e-06
3.8846263 9.3221487e-06
3.8854373 9.2585115e-06
3.8862483 9.1948742e-06
3.8870593 9.131237e-06
3.8878703 9.0690389e-06
3.8886812 9.0073549e-06
3.8894922 8.945671e-06
3.8903032 8.883987e-06
3.8911142 8.822303e-06
3.8919252 8.7606191e-06
3.8927362 8.6989351e-06
3.8935472 8.6372512e-06
3.8943582 8.5755672e-06
3.8951691 8.5138833e-06
3.8959801 8.4521993e-06
3.8967911 8.3905154e-06
3.8976021 8.3288314e-06
3.8984131 8.2671475e-06
3.8992241 8.2054635e-06
3.9000351 8.1437796e-06
3.900846 8.0833175e-06
3.901657 8.023655e-06
3.902468 7.9639925e-06
3.903279 7.90433e-06
3.90409 7.8446674e-06
3.904901 7.7850049e-06
3.905712 7.7253424e-06
3.906523 7.6656799e-06
3.9073339 7.6060174e-06
3.9081449 7.5463549e-06
3.9089559 7.4866924e-06
3.9097669 7.4270299e-06
3.9105779 7.3673674e-06
3.9113889 7.3077049e-06
3.9121999 7.2480424e-06
3.9130108 7.1883798e-06
3.9138218 7.1297773e-06
3.9146328 7.072189e-06
3.9154438 7.0146008e-06
3.9162548 6.9570126e-06
3.9170658 6.8994243e-06
3.9178768 6.8418361e-06
3.9186878 6.7842479e-06
3.9194987 6.7266596e-06
3.9203097 6.6690714e-06
3.9211207 6.6114832e-06
3.9219317 6.5538949e-06
3.9227427 6.4963067e-06
3.9235537 6.4387185e-06
3.9243647 6.3811302e-06
3.9251756 6.323542e-06
3.9259866 6.2659538e-06
3.9267976 6.209331e-06
3.9276086 6.1538565e-06
3.9284196 6.0983819e-06
3.9292306 6.0429074e-06
3.9300416 5.9874328e-06
3.9308526 5.9319582e-06
3.9316635 5.8764837e-06
3.9324745 5.8210091e-06
3.9332855 5.7655346e-06
3.9340965 5.71006e-06
3.9349075 5.6545855e-06
3.9357185 5.5991109e-06
3.9365295 5.5436364e-06
3.9373405 5.4881618e-06
3.9381514 5.4326873e-06
3.9389624 5.3772127e-06
3.9397734 5.3226853e-06
3.9405844 5.2693521e-06
3.9413954 5.216019e-06
3.9422064 5.1626859e-06
3.9430174 5.1093528e-06
3.9438283 5.0560197e-06
3.9446393 5.0026866e-06
3.9454503 4.9493535e-06
3.9462613 4.8960204e-06
3.9470723 4.8426873e-06
3.9478833 4.7893541e-06
3.9486943 4.736021e-06
3.9495053 4.6826879e-06
3.9503162 4.6293548e-06
3.9511272 4.5760217e-06
3.9519382 4.5226886e-06
3.9527492 4.4703658e-06
3.9535602 4.4191919e-06
3.9543712 4.3680181e-06
3.9551822 4.3168442e-06
3.9559931 4.2656703e-06
3.9568041 4.2144965e-06
3.9576151 4.1633226e-06
3.9584261 4.1121487e-06
3.9592371 4.0609748e-06
3.9600481 4.009801e-06
3.9608591 3.9586271e-06
3.9616701 3.9074532e-06
3.962481 3.8562794e-06
3.963292 3.8051055e-06
3.964103 3.7539316e-06
3.964914 3.7027577e-06
3.965725 3.6527421e-06
3.966536 3.6037368e-06
3.967347 3.5547314e-06
3.9681579 3.5057261e-06
3.9689689 3.4567208e-06
3.9697799 3.4077154e-06
3.9705909 3.3587101e-06
3.9714019 3.3097047e-06
3.9722129 3.2606994e-06
3.9730239 3.211694e-06
3.9738349 3.1626887e-06
3.9746458 3.1136833e-06
3.9754568 3.064678e-06
3.9762678 3.0156726e-06
3.9770788 2.9666673e-06
3.9778898 2.9176619e-06
3.9787008 2.8700487e-06
3.9795118 2.8232139e-06
3.9803227 2.7763791e-06
3.9811337 2.7295443e-06
3.9819447 2.6827094e-06
3.9827557 2.6358746e-06
3.9835667 2.5890398e-06
3.9843777 2.542205e-06
3.9851887 2.4953702e-06
3.9859997 2.4485354e-06
3.9868106 2.4017006e-06
3.9876216 2.3548658e-06
3.9884326 2.308031e-06
3.9892436 2.2611962e-06
3.9900546 2.2143614e-06
3.9908656 2.1675266e-06
3.9916766 2.1224032e-06
3.9924875 2.0777346e-06
3.9932985 2.033066e-06
3.9941095 1.9883974e-06
3.9949205 1.9437289e-06
3.9957315 1.8990603e-06
3.9965425 1.8543917e-06
3.9973535 1.8097231e-06
3.9981645 1.7650546e-06
3.9989754 1.720386e-06
3.9997864 1.6757174e-06
4.0005974 1.6310488e-06
4.0014084 1.5863803e-06
4.0022194 1.5417117e-06
4.0030304 1.4970431e-06
4.0038414 1.4523745e-06
4.0046523 1.4098205e-06
4.0054633 1.3673082e-06
4.0062743 1.3247959e-06
4.0070853 1.2822837e-06
4.0078963 1.2397714e-06
4.0087073 1.1972591e-06
4.0095183 1.1547469e-06
4.0103293 1.1122346e-06
4.0111402 1.0697223e-06
4.0119512 1.0272101e-06
4.0127622 9.8469778e-07
4.0135732 9.4218551e-07
4.0143842 8.9967324e-07
4.0151952 8.5716098e-07
4.0160062 8.1464871e-07
4.0168171 7.7259361e-07
4.0176281 7.3222259e-07
4.0184391 6.9185157e-07
4.0192501 6.5148055e-07
4.0200611 6.1110953e-07
4.0208721 5.7073851e-07
4.0216831 5.3036749e-07
4.0224941 4.8999646e-07
4.023305 4.4962544e-07
4.024116 4.0925442e-07
4.024927 3.688834e-07
4.025738 3.2851238e-07
4.026549 2.8814136e-07
4.02736 2.4777033e-07
4.028171 2.0739931e-07
4.0289819 1.6702829e-07
4.0297929 1.276949e-07
4.0306039 8.9445168e-08
4.0314149 5.119544e-08
4.0322259 1.2945712e-08
4.0330369 2.5304016e-08
4.0338479 6.3553744e-08
4.0346589 1.0180347e-07
4.0354698 1.400532e-07
4.0362808 1.7830293e-07
4.0370918 2.1655266e-07
4.0379028 2.5480238e-07
4.0387138 2.9305211e-07
4.0395248 3.3130184e-07
4.0403358 3.6955157e-07
4.0411467 4.078013e-07
4.0419577 4.4605102e-07
4.0427687 4.8260681e-07
4.0435797 5.1875997e-07
4.0443907 5.5491314e-07
4.0452017 5.9106631e-07
4.0460127 6.2721948e-07
4.0468237 6.6337265e-07
4.0476346 6.9952582e-07
4.0484456 7.3567898e-07
4.0492566 7.7183215e-07
4.0500676 8.0798532e-07
4.0508786 8.4413849e-07
4.0516896 8.8029166e-07
4.0525006 9.1644482e-07
4.0533115 9.5259799e-07
4.0541225 9.8875116e-07

